id,start_node,end_node,oneway,distance,road_type,max_speed,average_speed,time,congestion,risk,street_name,geometry
0,366440881,6637081019,False,10.611311922279608,tertiary,52.66233766233766,34.23051948051948,0.7253898063763027,0.3905945111257014,0.5,,"[[106.695896, 10.792682], [106.695992, 10.792695]]"
1,366440881,411925963,True,94.11557110908718,primary,55.900735294117645,27.950367647058822,6.06103039986966,6.06103039986966,0.8,Đinh Tiên Hoàng,"[[106.695896, 10.792682], [106.695888, 10.792567], [106.695885, 10.792506], [106.695867, 10.79197], [106.695863, 10.791836]]"
2,366440881,11064388833,False,10.30503928784633,tertiary,52.66233766233766,34.23051948051948,0.7044529939805185,0.3793208429125868,0.5,Trần Quang Khải,"[[106.695896, 10.792682], [106.69585, 10.792673], [106.695803, 10.792667]]"
3,6637081019,366440881,False,10.611311922279608,tertiary,52.66233766233766,34.23051948051948,0.7253898063763027,0.3905945111257014,0.5,,"[[106.695992, 10.792695], [106.695896, 10.792682]]"
4,6637081019,6637081020,True,24.96729837156009,primary,55.900735294117645,27.950367647058822,1.607890731037925,1.607890731037925,0.8,Đinh Tiên Hoàng,"[[106.695992, 10.792695], [106.695999, 10.792806], [106.696005, 10.792919]]"
5,6637081019,13520859448,False,11.83185787522396,tertiary,52.66233766233766,34.23051948051948,0.8088263879191323,0.4355219011872252,0.5,Nguyễn Huy Tự,"[[106.695992, 10.792695], [106.69608, 10.792696], [106.696101, 10.792697]]"
6,411925963,6637081017,False,8.906460551834767,primary,55.900735294117645,27.950367647058822,0.5735748880208225,0.5735748880208225,0.8,Đinh Tiên Hoàng,"[[106.695863, 10.791836], [106.695945, 10.791833]]"
7,411925963,411926021,True,283.9181552857742,residential,48.81818181818182,36.61363636363637,20.93698128364369,6.978993761214557,0.3,Nguyễn Phi Khanh,"[[106.695863, 10.791836], [106.695755, 10.791828], [106.695402, 10.791823], [106.694921, 10.791801], [106.694245, 10.791769], [106.693266, 10.791724]]"
8,411925963,411921783,True,132.20412727981366,primary,55.900735294117645,27.950367647058822,8.513928407260346,8.513928407260346,0.8,Võ Thị Sáu,"[[106.695863, 10.791836], [106.695769, 10.791745], [106.695562, 10.791545], [106.695013, 10.790989]]"
9,11064388833,366440881,False,10.30503928784633,tertiary,52.66233766233766,34.23051948051948,0.7044529939805185,0.3793208429125868,0.5,Trần Quang Khải,"[[106.695803, 10.792667], [106.69585, 10.792673], [106.695896, 10.792682]]"
10,11064388833,11064388835,True,39.33525269777999,tertiary,52.66233766233766,34.23051948051948,2.688959814506686,1.447901438580523,0.5,Trần Quang Khải,"[[106.695803, 10.792667], [106.695719, 10.792676], [106.695512, 10.792638], [106.695452, 10.792613]]"
11,13520859448,2231246984,True,23.93713312451017,tertiary,52.66233766233766,34.23051948051948,1.6363436010146042,0.8811080928540174,0.5,Nguyễn Huy Tự,"[[106.696101, 10.792697], [106.696132, 10.792685], [106.696287, 10.792682], [106.696315, 10.792693]]"
12,13520859448,6637081019,False,11.83185787522396,tertiary,52.66233766233766,34.23051948051948,0.8088263879191323,0.4355219011872252,0.5,Nguyễn Huy Tự,"[[106.696101, 10.792697], [106.69608, 10.792696], [106.695992, 10.792695]]"
13,6637081017,411925963,False,8.906460551834767,primary,55.900735294117645,27.950367647058822,0.5735748880208225,0.5735748880208225,0.8,Đinh Tiên Hoàng,"[[106.695945, 10.791833], [106.695863, 10.791836]]"
14,6637081017,6637081019,True,95.9361555821216,primary,55.900735294117645,27.950367647058822,6.178275800461263,6.178275800461263,0.8,Đinh Tiên Hoàng,"[[106.695945, 10.791833], [106.695952, 10.791969], [106.695954, 10.792007], [106.695985, 10.792565], [106.695986, 10.792579], [106.695992, 10.792695]]"
15,411926021,411925417,False,37.44314410117234,residential,48.81818181818182,36.61363636363637,2.76117040299148,0.9203901343304928,0.3,Lý Văn Phức,"[[106.693266, 10.791724], [106.693348, 10.791634], [106.693507, 10.791484]]"
16,411926021,411926372,True,142.93422188438117,residential,48.81818181818182,36.61363636363637,10.540400719965538,3.513466906655177,0.3,Nguyễn Phi Khanh,"[[106.693266, 10.791724], [106.692964, 10.791708], [106.692838, 10.791702], [106.692597, 10.791692], [106.691959, 10.791668]]"
17,411921783,7794718945,False,36.59670853376279,residential,48.81818181818182,36.61363636363637,2.6987516907579265,0.8995838969193084,0.3,Hẻm 27 Võ Thị Sáu,"[[106.695013, 10.790989], [106.69506, 10.790951], [106.695115, 10.790907], [106.695257, 10.790764]]"
18,411921783,411926029,True,73.13581271787216,primary,55.900735294117645,27.950367647058822,4.709936719062179,4.709936719062179,0.8,Võ Thị Sáu,"[[106.695013, 10.790989], [106.694743, 10.790715], [106.694611, 10.790582], [106.694547, 10.790517]]"
19,11064388835,11064388833,True,39.89698537430986,tertiary,52.66233766233766,34.23051948051948,2.7273598879799485,1.4685784012199723,0.5,Trần Quang Khải,"[[106.695452, 10.792613], [106.695521, 10.792597], [106.695758, 10.792637], [106.695803, 10.792667]]"
20,11064388835,7940916996,False,118.51491850473792,tertiary,52.66233766233766,34.23051948051948,8.101685674355943,4.362446132345507,0.5,Trần Quang Khải,"[[106.695452, 10.792613], [106.69538, 10.792603], [106.69509, 10.792562], [106.694802, 10.792532], [106.694378, 10.792463]]"
21,367527081,4673706004,True,79.26650238844337,primary,60.0,30.0,4.755990143306602,4.755990143306602,0.8,Nguyễn Thị Minh Khai,"[[106.706124, 10.791436], [106.705742, 10.791023], [106.705633, 10.79091]]"
22,4673706004,2403044879,True,188.86162376785512,primary,60.0,30.0,11.331697426071306,11.331697426071306,0.8,Nguyễn Thị Minh Khai,"[[106.705633, 10.79091], [106.705556, 10.790831], [106.7054, 10.790671], [106.705246, 10.790504], [106.704787, 10.790018], [106.704747, 10.789977], [106.704455, 10.789667]]"
23,4673706004,411923570,False,131.96903372691307,tertiary,50.0,32.5,9.50177042833774,5.116337922951093,0.5,Hoàng Sa,"[[106.705633, 10.79091], [106.705621, 10.790951], [106.705385, 10.791659], [106.705373, 10.791691], [106.705353, 10.791719], [106.705336, 10.791735], [106.705315, 10.791749], [106.705293, 10.79176], [106.705174, 10.791814], [106.705053, 10.791866]]"
24,2403044879,411918572,False,7.380923328597414,primary,55.900735294117645,27.950367647058822,0.4753304915069115,0.4753304915069115,0.8,Nguyễn Thị Minh Khai,"[[106.704455, 10.789667], [106.704505, 10.789622]]"
25,2403044879,2403044880,True,154.3573145167582,primary,60.0,30.0,9.261438871005492,9.261438871005492,0.8,Nguyễn Thị Minh Khai,"[[106.704455, 10.789667], [106.704006, 10.789193], [106.70371, 10.788877], [106.703495, 10.788649]]"
26,411923570,411923567,False,97.94364977010936,residential,48.81818181818182,36.61363636363637,7.222660206510858,2.4075534021702856,0.3,Hẻm D Chung Cư Nguyễn Ðình Chiểu,"[[106.705053, 10.791866], [106.705035, 10.791783], [106.704985, 10.79155], [106.704891, 10.791516], [106.704438, 10.791633]]"
27,411923570,4673706004,False,131.9690337269131,tertiary,50.0,32.5,9.501770428337744,5.116337922951095,0.5,Hoàng Sa,"[[106.705053, 10.791866], [106.705174, 10.791814], [106.705293, 10.79176], [106.705315, 10.791749], [106.705336, 10.791735], [106.705353, 10.791719], [106.705373, 10.791691], [106.705385, 10.791659], [106.705621, 10.790951], [106.705633, 10.79091]]"
28,411923570,411923566,False,57.05187978137293,tertiary,50.0,32.5,4.107735344258851,2.2118574930624595,0.5,Hoàng Sa,"[[106.705053, 10.791866], [106.704891, 10.791929], [106.704727, 10.791987], [106.704561, 10.792039]]"
29,411917818,411917819,False,79.81631769354134,residential,48.81818181818182,36.61363636363637,5.885896053378468,1.961965351126154,0.3,Trần Quý Khoách,"[[106.690263, 10.793687], [106.689543, 10.793563]]"
30,411917819,411926202,False,56.77216543551988,residential,48.81818181818182,36.61363636363637,4.186550747200349,1.3955169157334488,0.3,Trần Nhật Duật,"[[106.689543, 10.793563], [106.689627, 10.793059]]"
31,411917819,411918807,False,62.50889081279202,residential,48.81818181818182,36.61363636363637,4.609594182842764,1.53653139428092,0.3,Trần Nhật Duật,"[[106.689543, 10.793563], [106.689445, 10.794117]]"
32,411917819,411917818,False,79.81631769354134,residential,48.81818181818182,36.61363636363637,5.885896053378468,1.961965351126154,0.3,Trần Quý Khoách,"[[106.689543, 10.793563], [106.690263, 10.793687]]"
33,411917819,411926237,False,242.37445620957544,residential,48.81818181818182,36.61363636363637,17.873423586404446,5.957807862134814,0.3,Trần Quý Khoách,"[[106.689543, 10.793563], [106.68856, 10.793399], [106.688452, 10.793384], [106.687878, 10.793278], [106.687361, 10.79317]]"
34,411926202,411917819,False,56.77216543551988,residential,48.81818181818182,36.61363636363637,4.186550747200349,1.3955169157334488,0.3,Trần Nhật Duật,"[[106.689627, 10.793059], [106.689543, 10.793563]]"
35,411926202,411917828,False,211.34131965593772,residential,48.81818181818182,36.61363636363637,15.584946477421108,5.194982159140368,0.3,Ðặng Tất,"[[106.689627, 10.793059], [106.688656, 10.792904], [106.687718, 10.792747]]"
36,411926202,411926232,False,58.38074586352001,residential,48.81818181818182,36.61363636363637,4.305172320661811,1.4350574402206036,0.3,Trần Nhật Duật,"[[106.689627, 10.793059], [106.689633, 10.793022], [106.689704, 10.792612], [106.689716, 10.792541]]"
37,411926202,2230976075,False,76.20080397076734,residential,48.81818181818182,36.61363636363637,5.619277164324743,1.8730923881082464,0.3,Hẻm 27 Trần Nhật Duật,"[[106.689627, 10.793059], [106.689956, 10.793108], [106.690303, 10.793218]]"
38,411918807,411917819,False,62.50889081279202,residential,48.81818181818182,36.61363636363637,4.609594182842764,1.53653139428092,0.3,Trần Nhật Duật,"[[106.689445, 10.794117], [106.689543, 10.793563]]"
39,411918807,718834755,False,41.626264176144886,residential,48.81818181818182,36.61363636363637,3.069646296788338,1.0232154322627784,0.3,Trần Nhật Duật,"[[106.689445, 10.794117], [106.689364, 10.794483]]"
40,411918807,411925400,False,117.16477164275612,residential,48.81818181818182,36.61363636363637,8.640083718907155,2.8800279063023826,0.3,Trần Khánh Dư,"[[106.689445, 10.794117], [106.688385, 10.793952]]"
41,411918807,411918713,False,81.86091990142816,residential,48.81818181818182,36.61363636363637,6.036671188261741,2.0122237294205787,0.3,Trần Khánh Dư,"[[106.689445, 10.794117], [106.689781, 10.79418], [106.690183, 10.79424]]"
42,411926237,2332682129,False,42.466960775255735,residential,48.81818181818182,36.61363636363637,3.1316418001864563,1.043880600062152,0.3,Nguyễn Văn Nguyễn,"[[106.687361, 10.79317], [106.687607, 10.792875]]"
43,411926237,411917819,False,242.37445620957544,residential,48.81818181818182,36.61363636363637,17.873423586404446,5.957807862134814,0.3,Trần Quý Khoách,"[[106.687361, 10.79317], [106.687878, 10.793278], [106.688452, 10.793384], [106.68856, 10.793399], [106.689543, 10.793563]]"
44,411926237,411919797,False,70.28091079488249,residential,48.81818181818182,36.61363636363637,5.182726382639379,1.7275754608797929,0.3,Hẻm 375 Hoàng Sa,"[[106.687361, 10.79317], [106.687306, 10.793136], [106.687282, 10.793123], [106.686886, 10.792945], [106.686774, 10.792915]]"
45,411926237,411925290,False,52.53659035582368,residential,48.81818181818182,36.61363636363637,3.87420666311102,1.2914022210370055,0.3,Nguyễn Văn Nguyễn,"[[106.687361, 10.79317], [106.687219, 10.793367], [106.687075, 10.79355]]"
46,411917828,2332682129,False,18.677145036370277,residential,48.81818181818182,36.61363636363637,1.3773090194418305,0.4591030064806098,0.3,Nguyễn Văn Nguyễn,"[[106.687718, 10.792747], [106.687607, 10.792875]]"
47,411917828,411926202,False,211.34131965593772,residential,48.81818181818182,36.61363636363637,15.584946477421108,5.194982159140368,0.3,Ðặng Tất,"[[106.687718, 10.792747], [106.688656, 10.792904], [106.689627, 10.793059]]"
48,411917828,411917825,False,64.21095734484321,residential,48.81818181818182,36.61363636363637,4.735109703642069,1.5783699012140229,0.3,Nguyễn Văn Nguyễn,"[[106.687718, 10.792747], [106.687787, 10.792638], [106.687912, 10.7925], [106.688074, 10.792317], [106.688082, 10.792297]]"
49,411926232,411917825,False,180.54760809405047,residential,48.81818181818182,36.61363636363637,13.31412528961713,4.4380417632057085,0.3,Đặng Dung,"[[106.689716, 10.792541], [106.689034, 10.792439], [106.688878, 10.792416], [106.688483, 10.792352], [106.688082, 10.792297]]"
50,411926232,411926202,False,58.38074586352001,residential,48.81818181818182,36.61363636363637,4.305172320661811,1.4350574402206036,0.3,Trần Nhật Duật,"[[106.689716, 10.792541], [106.689704, 10.792612], [106.689633, 10.793022], [106.689627, 10.793059]]"
51,411926232,411926012,False,172.826893915501,residential,48.81818181818182,36.61363636363637,12.74477653455091,4.248258844850303,0.3,Đặng Dung,"[[106.689716, 10.792541], [106.689798, 10.792556], [106.690453, 10.792674], [106.690496, 10.792682], [106.69078, 10.792735], [106.691273, 10.792822]]"
52,411926232,411926140,False,98.27410559709104,residential,48.81818181818182,36.61363636363637,7.247029016098335,2.415676338699443,0.3,Trần Nhật Duật,"[[106.689716, 10.792541], [106.689827, 10.791912], [106.689852, 10.791668]]"
53,2230976075,411926202,False,76.20080397076734,residential,48.81818181818182,36.61363636363637,5.619277164324743,1.8730923881082464,0.3,Hẻm 27 Trần Nhật Duật,"[[106.690303, 10.793218], [106.689956, 10.793108], [106.689627, 10.793059]]"
54,718834755,11383674409,False,43.20694658711303,residential,48.81818181818182,36.61363636363637,3.186210586312246,1.062070195437415,0.3,Hẻm 10 Trần Nhật Duật,"[[106.689364, 10.794483], [106.688971, 10.794432]]"
55,718834755,411919664,False,85.81714939077823,residential,48.81818181818182,36.61363636363637,6.328415485800406,2.109471828600133,0.3,Trần Nhật Duật,"[[106.689364, 10.794483], [106.689234, 10.795244]]"
56,718834755,411918807,False,41.626264176144886,residential,48.81818181818182,36.61363636363637,3.069646296788338,1.0232154322627784,0.3,Trần Nhật Duật,"[[106.689364, 10.794483], [106.689445, 10.794117]]"
57,411925400,411920048,False,92.84503079746749,residential,48.81818181818182,36.61363636363637,6.846672662159612,2.28222422071987,0.3,Hẻm 34 Trần Khánh Dư,"[[106.688385, 10.793952], [106.688235, 10.794773]]"
58,411925400,411918807,False,117.16477164275612,residential,48.81818181818182,36.61363636363637,8.640083718907155,2.8800279063023826,0.3,Trần Khánh Dư,"[[106.688385, 10.793952], [106.689445, 10.794117]]"
59,411925400,411926238,False,158.79737545768452,residential,48.81818181818182,36.61363636363637,11.710197519784558,3.903399173261516,0.3,Trần Khánh Dư,"[[106.688385, 10.793952], [106.688083, 10.793896], [106.687776, 10.793845], [106.686957, 10.793688]]"
60,411918713,411918711,False,90.37101923649978,residential,48.81818181818182,36.61363636363637,6.6642315861552905,2.2214105287184296,0.3,Trần Khánh Dư,"[[106.690183, 10.79424], [106.690998, 10.794381]]"
61,411918713,411918807,False,81.86091990142816,residential,48.81818181818182,36.61363636363637,6.036671188261741,2.0122237294205787,0.3,Trần Khánh Dư,"[[106.690183, 10.79424], [106.689781, 10.79418], [106.689445, 10.794117]]"
62,411918713,411919688,False,129.46473348652225,residential,48.81818181818182,36.61363636363637,9.547120011296611,3.18237333709887,0.3,Hẻm 53/1 Trần Khánh Dư,"[[106.690183, 10.79424], [106.690134, 10.794563], [106.690109, 10.794736], [106.69008, 10.794917], [106.690043, 10.795112], [106.689978, 10.795386]]"
63,2332682129,411926237,False,42.466960775255735,residential,48.81818181818182,36.61363636363637,3.1316418001864563,1.043880600062152,0.3,Nguyễn Văn Nguyễn,"[[106.687607, 10.792875], [106.687361, 10.79317]]"
64,2332682129,411917828,False,18.677145036370277,residential,48.81818181818182,36.61363636363637,1.3773090194418305,0.4591030064806098,0.3,Nguyễn Văn Nguyễn,"[[106.687607, 10.792875], [106.687718, 10.792747]]"
65,2332682129,2231349008,False,76.39909477898043,residential,48.81818181818182,36.61363636363637,5.63389972671811,1.8779665755727024,0.3,Hẻm 214/19 Nguyễn Văn Nguyễn,"[[106.687607, 10.792875], [106.687474, 10.792824], [106.686956, 10.792625]]"
66,411919797,411919795,False,57.46671093434961,tertiary,52.66233766233766,34.23051948051948,3.928427193835194,2.115306950526642,0.5,Hoàng Sa,"[[106.686774, 10.792915], [106.686733, 10.793162], [106.686705, 10.79327], [106.686674, 10.793354], [106.686638, 10.793409]]"
67,411919797,411919798,False,59.29660095170239,tertiary,52.66233766233766,34.23051948051948,4.053518565674945,2.18266384305574,0.5,Hoàng Sa,"[[106.686774, 10.792915], [106.686706, 10.792686], [106.686553, 10.792472], [106.686534, 10.792445]]"
68,411919797,411926237,False,70.28091079488249,residential,48.81818181818182,36.61363636363637,5.182726382639379,1.7275754608797929,0.3,Hẻm 375 Hoàng Sa,"[[106.686774, 10.792915], [106.686886, 10.792945], [106.687282, 10.793123], [106.687306, 10.793136], [106.687361, 10.79317]]"
69,411925290,411919795,False,50.269235261738,residential,48.81818181818182,36.61363636363637,3.707005058407496,1.235668352802498,0.3,Hẻm 27 Nguyễn Văn Nguyễn,"[[106.687075, 10.79355], [106.686638, 10.793409]]"
70,411925290,411926238,False,20.01403272677545,residential,48.81818181818182,36.61363636363637,1.475895150801318,0.4919650502671058,0.3,Nguyễn Văn Nguyễn,"[[106.687075, 10.79355], [106.686957, 10.793688]]"
71,411925290,411926237,False,52.53659035582368,residential,48.81818181818182,36.61363636363637,3.87420666311102,1.2914022210370055,0.3,Nguyễn Văn Nguyễn,"[[106.687075, 10.79355], [106.687219, 10.793367], [106.687361, 10.79317]]"
72,411917825,411926232,False,180.54760809405047,residential,48.81818181818182,36.61363636363637,13.31412528961713,4.4380417632057085,0.3,Đặng Dung,"[[106.688082, 10.792297], [106.688483, 10.792352], [106.688878, 10.792416], [106.689034, 10.792439], [106.689716, 10.792541]]"
73,411917825,411926241,False,106.68869207554188,residential,48.81818181818182,36.61363636363637,7.867546007805323,2.622515335935105,0.3,Nguyễn Văn Nguyễn,"[[106.688082, 10.792297], [106.688081, 10.792277], [106.687992, 10.791928], [106.687961, 10.791823], [106.688025, 10.791357]]"
74,411917825,411917828,False,64.21095734484321,residential,48.81818181818182,36.61363636363637,4.735109703642069,1.5783699012140229,0.3,Nguyễn Văn Nguyễn,"[[106.688082, 10.792297], [106.688074, 10.792317], [106.687912, 10.7925], [106.687787, 10.792638], [106.687718, 10.792747]]"
75,411926241,411917825,False,106.68869207554188,residential,48.81818181818182,36.61363636363637,7.867546007805323,2.622515335935105,0.3,Nguyễn Văn Nguyễn,"[[106.688025, 10.791357], [106.687961, 10.791823], [106.687992, 10.791928], [106.688081, 10.792277], [106.688082, 10.792297]]"
76,411926241,10734733576,True,73.34806269184789,tertiary,52.66233766233766,34.23051948051948,5.014077183275027,2.699887714071168,0.5,Trần Quang Khải,"[[106.688025, 10.791357], [106.687926, 10.791336], [106.68789, 10.791288], [106.687946, 10.791273], [106.688338, 10.791358], [106.68837, 10.791397]]"
77,411926012,411918711,False,176.05293560065292,residential,48.81818181818182,36.61363636363637,12.982674580606806,4.3275581935356,0.3,Trần Khắc Chân,"[[106.691273, 10.792822], [106.691229, 10.793063], [106.691199, 10.793231], [106.691161, 10.793442], [106.691121, 10.793663], [106.691098, 10.793818], [106.691079, 10.793985], [106.691062, 10.794077], [106.691035, 10.794197], [106.691014, 10.7943], [106.690998, 10.794381]]"
78,411926012,411926232,False,172.82689391550096,residential,48.81818181818182,36.61363636363637,12.744776534550908,4.248258844850302,0.3,Đặng Dung,"[[106.691273, 10.792822], [106.69078, 10.792735], [106.690496, 10.792682], [106.690453, 10.792674], [106.689798, 10.792556], [106.689716, 10.792541]]"
79,411926012,411926019,False,105.42912576369,residential,48.81818181818182,36.61363636363637,7.77466178816038,2.5915539293867926,0.3,Trần Khắc Chân,"[[106.691273, 10.792822], [106.691367, 10.792285], [106.691407, 10.792059], [106.691416, 10.792016], [106.691493, 10.79191]]"
80,411926140,10734733576,False,164.73153994743487,tertiary,52.66233766233766,34.23051948051948,11.261056195666818,6.063645643820593,0.5,Trần Quang Khải,"[[106.689852, 10.791668], [106.689561, 10.791619], [106.689296, 10.791569], [106.689004, 10.791527], [106.68837, 10.791397]]"
81,411926140,411926232,False,98.27410559709104,residential,48.81818181818182,36.61363636363637,7.247029016098335,2.415676338699443,0.3,Trần Nhật Duật,"[[106.689852, 10.791668], [106.689827, 10.791912], [106.689716, 10.792541]]"
82,411926140,411926019,False,181.21819662167425,tertiary,52.66233766233766,34.23051948051948,12.388084859069814,6.670507231806823,0.5,Trần Quang Khải,"[[106.689852, 10.791668], [106.689961, 10.791685], [106.690752, 10.791808], [106.691005, 10.791856], [106.691493, 10.79191]]"
83,10734733576,411926140,False,164.73153994743487,tertiary,52.66233766233766,34.23051948051948,11.261056195666818,6.063645643820593,0.5,Trần Quang Khải,"[[106.68837, 10.791397], [106.689004, 10.791527], [106.689296, 10.791569], [106.689561, 10.791619], [106.689852, 10.791668]]"
84,10734733576,411926241,True,39.13765510527012,tertiary,52.66233766233766,34.23051948051948,2.6754520333368377,1.4406280179506052,0.5,Trần Quang Khải,"[[106.68837, 10.791397], [106.688331, 10.791419], [106.688025, 10.791357]]"
85,2231349008,2332682129,False,76.39909477898043,residential,48.81818181818182,36.61363636363637,5.63389972671811,1.8779665755727024,0.3,Hẻm 214/19 Nguyễn Văn Nguyễn,"[[106.686956, 10.792625], [106.687474, 10.792824], [106.687607, 10.792875]]"
86,411917836,9404297255,False,12.073984412037154,primary_link,50.0,25.0,0.869326877666675,0.869326877666675,0.8,,"[[106.704534, 10.770647], [106.704495, 10.770749]]"
87,411917836,5735511406,True,182.01987034050416,primary,60.0,30.0,10.921192220430248,10.921192220430248,0.8,Hàm Nghi,"[[106.704534, 10.770647], [106.70478, 10.770637], [106.70597, 10.770582], [106.706199, 10.770574]]"
88,411917836,1769173982,False,36.63209204475619,residential,48.81818181818182,36.61363636363637,2.701360977602133,0.9004536592007102,0.3,Hồ Tùng Mậu,"[[106.704534, 10.770647], [106.704582, 10.770554], [106.704685, 10.770353]]"
89,9404297255,9404297256,False,15.533327925031164,primary_link,50.0,25.0,1.1183996106022438,1.1183996106022438,0.8,,"[[106.704495, 10.770749], [106.704445, 10.77088]]"
90,9404297255,411917836,False,12.073984412037154,primary_link,50.0,25.0,0.869326877666675,0.869326877666675,0.8,,"[[106.704495, 10.770749], [106.704534, 10.770647]]"
91,9404297255,5735511407,True,187.42802246596943,primary,60.0,30.0,11.245681347958165,11.245681347958165,0.8,Hàm Nghi,"[[106.704495, 10.770749], [106.704782, 10.770734], [106.705975, 10.770682], [106.706209, 10.770672]]"
92,5735511406,1769173843,True,182.6253962278979,primary,50.0,25.0,13.14902852840865,13.14902852840865,0.8,Võ Văn Kiệt,"[[106.706199, 10.770574], [106.706106, 10.770471], [106.706064, 10.770333], [106.706032, 10.770205], [106.705999, 10.770095], [106.705952, 10.769984], [106.705898, 10.769887], [106.705826, 10.769792], [106.705739, 10.769713], [106.705633, 10.769653], [106.705221, 10.769497], [106.705161, 10.769423]]"
93,5735511406,2380787715,True,190.91790942787893,primary,50.0,25.0,13.746089478807283,13.746089478807283,0.8,Cầu Khánh Hội,"[[106.706199, 10.770574], [106.706177, 10.770418], [106.706151, 10.770289], [106.706118, 10.770169], [106.706082, 10.770054], [106.706031, 10.769927], [106.705967, 10.769788], [106.705899, 10.769657], [106.705792, 10.769473], [106.705738, 10.769372], [106.705688, 10.769273], [106.705651, 10.769175], [106.705618, 10.769077], [106.705595, 10.768976]]"
94,1769173982,1769173843,False,115.71313915501692,residential,48.81818181818182,36.61363636363637,8.533035960034768,2.844345320011588,0.3,Hồ Tùng Mậu,"[[106.704685, 10.770353], [106.705086, 10.769569], [106.705161, 10.769423]]"
95,1769173982,411917836,False,36.63209204475619,residential,48.81818181818182,36.61363636363637,2.701360977602133,0.9004536592007102,0.3,Hồ Tùng Mậu,"[[106.704685, 10.770353], [106.704582, 10.770554], [106.704534, 10.770647]]"
96,1769173982,411926245,False,104.08384115284343,tertiary,50.0,32.5,7.494036563004727,4.035250457002547,0.5,Nguyễn Công Trứ,"[[106.704685, 10.770353], [106.704619, 10.770323], [106.703902, 10.770009], [106.703815, 10.76997]]"
97,9404297256,9404297255,False,15.533327925031164,primary_link,50.0,25.0,1.1183996106022438,1.1183996106022438,0.8,,"[[106.704445, 10.77088], [106.704495, 10.770749]]"
98,9404297256,6747154748,False,11.311749072083336,primary_link,50.0,25.0,0.8144459331900001,0.8144459331900001,0.8,,"[[106.704445, 10.77088], [106.704409, 10.770975]]"
99,9404297256,1998781538,True,112.3140893914856,primary,60.0,30.0,6.738845363489136,6.738845363489136,0.8,Hàm Nghi,"[[106.704445, 10.77088], [106.704332, 10.770885], [106.703672, 10.770915], [106.703418, 10.770926]]"
100,5735511407,5735511406,True,10.95617675430546,primary,50.0,25.0,0.7888447263099931,0.7888447263099931,0.8,Tôn Ðức Thắng,"[[106.706209, 10.770672], [106.706199, 10.770574]]"
101,1769173843,1769173835,True,239.41958171693665,primary,50.0,25.0,17.238209883619437,17.238209883619437,0.8,Võ Văn Kiệt,"[[106.705161, 10.769423], [106.705261, 10.769417], [106.705841, 10.769526], [106.706021, 10.769602], [106.706082, 10.769631], [106.706118, 10.769667], [106.706149, 10.769715], [106.706207, 10.76987], [106.706262, 10.770036], [106.706372, 10.770428], [106.706387, 10.770499], [106.706387, 10.770536], [106.706387, 10.770579], [106.706367, 10.770665], [106.706331, 10.770747], [106.706318, 10.770776]]"
102,1769173843,1769173982,False,115.71313915501692,residential,48.81818181818182,36.61363636363637,8.533035960034768,2.844345320011588,0.3,Hồ Tùng Mậu,"[[106.705161, 10.769423], [106.705086, 10.769569], [106.704685, 10.770353]]"
103,1769173843,411926221,False,112.32990690359976,primary,50.0,25.0,8.087753297059182,8.087753297059182,0.8,Võ Văn Kiệt,"[[106.705161, 10.769423], [106.704325, 10.769114], [106.7042, 10.769065]]"
104,411926245,411926221,False,109.08028606327244,residential,48.81818181818182,36.61363636363637,8.043909363325119,2.681303121108373,0.3,Tôn Thất Ðạm,"[[106.703815, 10.76997], [106.703846, 10.769901], [106.704157, 10.769164], [106.7042, 10.769065]]"
105,411926245,1769173982,False,104.08384115284343,tertiary,50.0,32.5,7.494036563004727,4.035250457002547,0.5,Nguyễn Công Trứ,"[[106.703815, 10.76997], [106.703902, 10.770009], [106.704619, 10.770323], [106.704685, 10.770353]]"
106,411926245,411918862,False,86.7064954471827,residential,50.0,37.5,6.242867672197154,2.080955890732386,0.3,Tôn Thất Ðạm,"[[106.703815, 10.76997], [106.703787, 10.770043], [106.703561, 10.77059], [106.703518, 10.770693]]"
107,411926245,411926243,False,95.00630122932336,tertiary,50.0,32.5,6.840453688511281,3.683321216890693,0.5,Nguyễn Công Trứ,"[[106.703815, 10.76997], [106.703728, 10.769932], [106.703119, 10.769668], [106.703019, 10.769626]]"
108,411917837,411918863,True,148.47383177816977,primary,60.0,30.0,8.908429906690186,8.908429906690186,0.8,Hàm Nghi,"[[106.701219, 10.770821], [106.701382, 10.770811], [106.701721, 10.770791], [106.701874, 10.77078], [106.70229, 10.770755], [106.702575, 10.770737]]"
109,411917837,411926516,True,15.826561635101145,secondary,53.97590361445784,32.3855421686747,1.0555751376268352,0.70371675841789,0.6,Nam Kỳ Khởi Nghĩa,"[[106.701219, 10.770821], [106.701255, 10.77074], [106.701276, 10.77069]]"
110,411918863,2032267113,False,13.908087444869514,secondary,60.0,36.0,0.8344852466921707,0.5563234977947807,0.6,Pasteur,"[[106.702575, 10.770737], [106.702521, 10.77085]]"
111,411918863,411918862,True,103.10228458814017,primary,60.0,30.0,6.18613707528841,6.18613707528841,0.8,Hàm Nghi,"[[106.702575, 10.770737], [106.702639, 10.770734], [106.703235, 10.770707], [106.703518, 10.770693]]"
112,411926516,411926247,True,186.9039287527225,secondary,53.97590361445784,32.3855421686747,12.465824533775333,8.310549689183556,0.6,Nam Kỳ Khởi Nghĩa,"[[106.701276, 10.77069], [106.701504, 10.77017], [106.701564, 10.770034], [106.701598, 10.769955], [106.701757, 10.769591], [106.701911, 10.769222], [106.701944, 10.769143]]"
113,411926516,411926068,False,44.51805111970398,residential,48.81818181818182,36.61363636363637,3.28289538983292,1.094298463277639,0.3,Nguyễn Thái Bình,"[[106.701276, 10.77069], [106.701244, 10.770659], [106.701101, 10.770515], [106.700991, 10.770405]]"
114,2032267113,411918863,False,13.908087444869514,secondary,60.0,36.0,0.8344852466921707,0.5563234977947807,0.6,Pasteur,"[[106.702521, 10.77085], [106.702575, 10.770737]]"
115,2032267113,1998781616,False,14.873281186019472,secondary,60.0,36.0,0.8923968711611683,0.5949312474407789,0.6,Pasteur,"[[106.702521, 10.77085], [106.70247, 10.770974]]"
116,2032267113,2032267293,True,104.44782304108536,primary,60.0,30.0,6.266869382465122,6.266869382465122,0.8,Hàm Nghi,"[[106.702521, 10.77085], [106.702642, 10.770843], [106.703239, 10.770811], [106.703475, 10.7708]]"
117,411918862,411917836,True,111.14564926442704,primary,60.0,30.0,6.668738955865622,6.668738955865622,0.8,Hàm Nghi,"[[106.703518, 10.770693], [106.703665, 10.770686], [106.704327, 10.770656], [106.704534, 10.770647]]"
118,411918862,411926245,False,86.7064954471827,residential,50.0,37.5,6.242867672197154,2.080955890732386,0.3,Tôn Thất Ðạm,"[[106.703518, 10.770693], [106.703561, 10.77059], [106.703787, 10.770043], [106.703815, 10.76997]]"
119,411926247,411925445,False,175.45601876056466,tertiary,50.0,32.5,12.632833350760656,6.802294881178817,0.5,Nguyễn Công Trứ,"[[106.701944, 10.769143], [106.701869, 10.769077], [106.701682, 10.768915], [106.701676, 10.76891], [106.701501, 10.768758], [106.701325, 10.768605], [106.701226, 10.768518], [106.701109, 10.768416], [106.700817, 10.768163], [106.700741, 10.768096]]"
120,411926247,411926243,False,129.31089520511213,tertiary,50.0,32.5,9.310384454768071,5.013283937182811,0.5,Nguyễn Công Trứ,"[[106.701944, 10.769143], [106.702028, 10.769194], [106.702475, 10.769388], [106.702487, 10.769393], [106.702517, 10.769407], [106.702896, 10.769571], [106.702918, 10.769581], [106.703019, 10.769626]]"
121,411926247,1769173870,True,112.01357816835213,secondary,53.97590361445784,32.3855421686747,7.470905615335629,4.980603743557086,0.6,Nam Kỳ Khởi Nghĩa,"[[106.701944, 10.769143], [106.701976, 10.769068], [106.702199, 10.76855], [106.702295, 10.768318], [106.702339, 10.768213]]"
122,411926068,411926069,False,183.63187889606016,residential,48.81818181818182,36.61363636363637,13.54156872306142,4.51385624102047,0.3,Lê Công Kiều,"[[106.700991, 10.770405], [106.699441, 10.77045], [106.699311, 10.770441]]"
123,411926068,411926516,False,44.51805111970398,residential,48.81818181818182,36.61363636363637,3.28289538983292,1.094298463277639,0.3,Nguyễn Thái Bình,"[[106.700991, 10.770405], [106.701101, 10.770515], [106.701244, 10.770659], [106.701276, 10.77069]]"
124,411926068,411919179,False,159.88308088730182,residential,48.81818181818182,36.61363636363637,11.790260713477004,3.9300869044923328,0.3,Nguyễn Thái Bình,"[[106.700991, 10.770405], [106.700699, 10.770141], [106.700022, 10.769512], [106.699924, 10.76942]]"
125,411917839,11287006566,True,10.714678058641011,secondary,53.97590361445784,32.3855421686747,0.7146307598040031,0.4764205065360021,0.6,,"[[106.701082, 10.771139], [106.701121, 10.77105]]"
126,411917839,10315805786,True,290.66789138644435,primary,60.0,30.0,17.44007348318666,17.44007348318666,0.8,Công trường Quách Thị Trang,"[[106.701082, 10.771139], [106.700824, 10.771151], [106.699258, 10.771225], [106.699083, 10.771145], [106.698909, 10.771194], [106.698778, 10.771251], [106.698632, 10.771329], [106.698585, 10.771354], [106.698522, 10.771388], [106.698499, 10.7714]]"
127,11287006566,6751145359,True,14.35572747135713,secondary,53.97590361445784,32.3855421686747,0.9574757518842656,0.6383171679228438,0.6,,"[[106.701121, 10.77105], [106.701153, 10.77097], [106.701172, 10.770931]]"
128,10315805786,10315805789,True,10.11280569930931,primary,55.900735294117645,27.950367647058822,0.6512633568407549,0.6512633568407549,0.8,Công trường Quách Thị Trang,"[[106.698499, 10.7714], [106.698419, 10.771446]]"
129,10315805786,9831853373,True,39.99409544408679,tertiary,52.66233766233766,34.23051948051948,2.7339983371395458,1.4721529507674478,0.5,Công trường Quách Thị Trang,"[[106.698499, 10.7714], [106.698583, 10.771503], [106.698729, 10.77168]]"
130,6751145359,411917837,True,13.314743258225558,secondary,53.97590361445784,32.3855421686747,0.8880458226691511,0.5920305484461007,0.6,,"[[106.701172, 10.770931], [106.701219, 10.770821]]"
131,6751145359,2032267113,True,147.64825956989358,primary,60.0,30.0,8.858895574193614,8.858895574193614,0.8,Hàm Nghi,"[[106.701172, 10.770931], [106.701724, 10.770887], [106.702295, 10.77086], [106.702521, 10.77085]]"
132,10315805789,10315805791,True,9.558539460811277,primary,55.900735294117645,27.950367647058822,0.6155686839872675,0.6155686839872675,0.8,Công trường Quách Thị Trang,"[[106.698419, 10.771446], [106.698366, 10.771377]]"
133,10315805789,10942561831,True,65.3637041411516,primary,55.900735294117645,27.950367647058822,4.209413949030954,4.209413949030954,0.8,Công trường Quách Thị Trang,"[[106.698419, 10.771446], [106.698313, 10.771502], [106.698234, 10.771545], [106.698175, 10.771576], [106.698114, 10.771602], [106.697875, 10.771686]]"
134,9831853373,12212093091,True,232.30211714247133,residential,48.81818181818182,36.61363636363637,17.130658917768837,5.710219639256273,0.3,Huỳnh Thúc Kháng,"[[106.698729, 10.77168], [106.69901, 10.771665], [106.700413, 10.771605], [106.700458, 10.771607], [106.700498, 10.771618], [106.700532, 10.771635], [106.700727, 10.771775], [106.70079, 10.771814]]"
135,9831853373,411919362,True,45.00125418469244,tertiary,52.66233766233766,34.23051948051948,3.0762879556095544,1.6564627453282212,0.5,Công trường Quách Thị Trang,"[[106.698729, 10.77168], [106.698812, 10.771782], [106.698979, 10.772002]]"
136,411917880,411925937,False,98.76530174527286,residential,50.0,37.5,7.111101725659646,2.37036724188655,0.3,Ngô Ðức Kế,"[[106.705053, 10.773015], [106.705115, 10.773082], [106.705371, 10.773358], [106.70561, 10.773621], [106.705652, 10.77368]]"
137,411917880,14068911032,True,149.2837846991927,tertiary,52.66233766233766,34.23051948051948,10.2050468849855,5.495025245761422,0.5,Nguyễn Huệ,"[[106.705053, 10.773015], [106.704981, 10.773082], [106.704057, 10.773938]]"
138,411925937,2036082855,False,128.95574694006692,residential,50.0,37.5,9.284813779684818,3.094937926561608,0.3,Ngô Ðức Kế,"[[106.705652, 10.77368], [106.705688, 10.773745], [106.706151, 10.774653], [106.706182, 10.774716]]"
139,411925937,411917880,False,98.76530174527286,residential,50.0,37.5,7.111101725659646,2.37036724188655,0.3,Ngô Ðức Kế,"[[106.705652, 10.77368], [106.70561, 10.773621], [106.705371, 10.773358], [106.705115, 10.773082], [106.705053, 10.773015]]"
140,411925937,2036083298,True,112.5499428720818,tertiary,60.0,39.0,6.752996572324909,3.6362289235595657,0.5,Ðồng Khởi,"[[106.705652, 10.77368], [106.705723, 10.773616], [106.706264, 10.773109], [106.706401, 10.772985]]"
141,14068911032,2034589236,True,50.62134182708966,tertiary,52.66233766233766,34.23051948051948,3.460477424036807,1.8633339975582808,0.5,Nguyễn Huệ,"[[106.704057, 10.773938], [106.703945, 10.774043], [106.703719, 10.774251]]"
142,2036082855,411918796,False,13.329378176222232,residential,50.0,37.5,0.9597152286880006,0.3199050762293336,0.3,Ngô Ðức Kế,"[[106.706182, 10.774716], [106.706236, 10.774823]]"
143,2036082855,411925937,False,128.9557469400669,residential,50.0,37.5,9.284813779684816,3.094937926561606,0.3,Ngô Ðức Kế,"[[106.706182, 10.774716], [106.706151, 10.774653], [106.705688, 10.773745], [106.705652, 10.77368]]"
144,2036082855,2036083610,True,39.021086462399225,residential,40.0,30.0,3.5118977816159305,1.170632593871976,0.3,Công trường Mê Linh,"[[106.706182, 10.774716], [106.706281, 10.774681], [106.706378, 10.774658], [106.706471, 10.774642], [106.706528, 10.774633]]"
145,2036083298,2036083168,True,125.58094403678376,primary,60.0,30.0,7.534856642207025,7.534856642207025,0.8,Tôn Ðức Thắng,"[[106.706401, 10.772985], [106.706393, 10.772885], [106.706349, 10.772353], [106.706309, 10.771859]]"
146,2034589236,3335337343,True,112.29326686156196,tertiary,52.66233766233766,34.23051948051948,7.676373261165221,4.133431756012042,0.5,Nguyễn Huệ,"[[106.703719, 10.774251], [106.703513, 10.774442], [106.70297, 10.774943]]"
147,2034589236,411919580,False,99.62807106681912,residential,48.81818181818182,36.61363636363637,7.346874514424651,2.4489581714748825,0.3,Mạc Thị Bưởi,"[[106.703719, 10.774251], [106.704139, 10.774691], [106.704343, 10.774905]]"
148,3335337343,3335337345,False,99.29942044288003,residential,48.81818181818182,36.61363636363637,7.3226388259554,2.440879608651798,0.3,Nguyễn Thiệp,"[[106.70297, 10.774943], [106.703592, 10.775594]]"
149,3335337343,10560232674,True,92.90669140709026,tertiary,52.66233766233766,34.23051948051948,6.351106006916257,3.419826311416446,0.5,Nguyễn Huệ,"[[106.70297, 10.774943], [106.702952, 10.774959], [106.702454, 10.775419], [106.702411, 10.775459], [106.702352, 10.775516]]"
150,411919580,411926010,False,79.50525692473526,residential,50.0,37.5,5.724378498580939,1.9081261661936464,0.3,Mạc Thị Bưởi,"[[106.704343, 10.774905], [106.70484, 10.775427]]"
151,411919580,2034589236,False,99.62807106681912,residential,48.81818181818182,36.61363636363637,7.346874514424651,2.4489581714748825,0.3,Mạc Thị Bưởi,"[[106.704343, 10.774905], [106.704139, 10.774691], [106.703719, 10.774251]]"
152,411919580,11140371367,True,105.75129022353286,tertiary,60.0,39.0,6.345077413411971,3.416580145683369,0.5,Ðồng Khởi,"[[106.704343, 10.774905], [106.704677, 10.774599], [106.70498, 10.774315], [106.705047, 10.774252]]"
153,411917881,411926407,False,141.7810770187503,residential,48.81818181818182,36.61363636363637,10.45536433881287,3.485121446270956,0.3,Ngô Ðức Kế,"[[106.704819, 10.772775], [106.703912, 10.771864]]"
154,411917881,5737753350,True,87.83400820018015,tertiary,52.66233766233766,34.23051948051948,6.004337132697889,3.233104609914247,0.5,Nguyễn Huệ,"[[106.704819, 10.772775], [106.705399, 10.772228]]"
155,411926407,411917881,False,141.7810770187503,residential,48.81818181818182,36.61363636363637,10.45536433881287,3.485121446270956,0.3,Ngô Ðức Kế,"[[106.703912, 10.771864], [106.704819, 10.772775]]"
156,411926407,2730493477,False,89.134339573419,residential,48.81818181818182,36.61363636363637,6.57303509703425,2.1910116990114155,0.3,Hồ Tùng Mậu,"[[106.703912, 10.771864], [106.704098, 10.771508], [106.704175, 10.771359], [106.704206, 10.771302], [106.704263, 10.771217], [106.704309, 10.771166]]"
157,411926407,411926153,False,176.459658511304,residential,48.81818181818182,36.61363636363637,13.012667555023532,4.337555851674509,0.3,Hồ Tùng Mậu,"[[106.703912, 10.771864], [106.703681, 10.772305], [106.703174, 10.773275]]"
158,5737753350,5247691967,True,66.86103744612643,tertiary,52.66233766233766,34.23051948051948,4.570623817525584,2.4611051325137767,0.5,Nguyễn Huệ,"[[106.705399, 10.772228], [106.705789, 10.771877], [106.70585, 10.771821]]"
159,5737753350,14068910977,False,105.81788667080484,residential,48.81818181818182,36.61363636363637,7.803330190249296,2.6011100634164315,0.3,Hải Triều,"[[106.705399, 10.772228], [106.704962, 10.771763], [106.704795, 10.771578], [106.704744, 10.771523]]"
160,2730493477,12946458013,True,5.993207134306602,residential,48.81818181818182,36.61363636363637,0.4419571741499841,0.1473190580499946,0.3,Hồ Tùng Mậu,"[[106.704309, 10.771166], [106.704305, 10.771113]]"
161,2730493477,411926407,False,89.13433957341901,residential,48.81818181818182,36.61363636363637,6.573035097034251,2.1910116990114163,0.3,Hồ Tùng Mậu,"[[106.704309, 10.771166], [106.704263, 10.771217], [106.704206, 10.771302], [106.704175, 10.771359], [106.704098, 10.771508], [106.703912, 10.771864]]"
162,2730493477,14068910977,False,62.696621299202576,residential,48.81818181818182,36.61363636363637,4.623437995248458,1.5411459984161515,0.3,Hải Triều,"[[106.704309, 10.771166], [106.704434, 10.771223], [106.704483, 10.771258], [106.704512, 10.771278], [106.704596, 10.771362], [106.704744, 10.771523]]"
163,411926153,411926620,True,55.61693646304498,residential,48.81818181818182,36.61363636363637,4.101360677721753,1.36712022590725,0.3,Hồ Tùng Mậu,"[[106.703174, 10.773275], [106.70307, 10.773371], [106.702802, 10.773617]]"
164,411926153,411926407,False,176.459658511304,residential,48.81818181818182,36.61363636363637,13.012667555023532,4.337555851674509,0.3,Hồ Tùng Mậu,"[[106.703174, 10.773275], [106.703681, 10.772305], [106.703912, 10.771864]]"
165,411926153,411926158,False,82.81092523048513,residential,48.81818181818182,36.61363636363637,6.106727447164266,2.0355758157214208,0.3,Huỳnh Thúc Kháng,"[[106.703174, 10.773275], [106.703611, 10.77377], [106.703671, 10.773838]]"
166,5247691967,2036083533,True,63.1797695579832,tertiary,52.66233766233766,34.23051948051948,4.318972163125263,2.325600395528988,0.5,Nguyễn Huệ,"[[106.70585, 10.771821], [106.706164, 10.771531], [106.706271, 10.771432]]"
167,5247691967,5247691973,True,42.91373746475168,tertiary_link,53.16964479863687,34.56026911911396,2.905595014941058,1.5645511618913392,0.5,Nguyễn Huệ,"[[106.70585, 10.771821], [106.705908, 10.771825], [106.705951, 10.771837], [106.705992, 10.77186], [106.706026, 10.771889], [106.706054, 10.771923], [106.706072, 10.771963], [106.706083, 10.772009], [106.706082, 10.772069]]"
168,14068910977,5737753350,False,105.81788667080484,residential,48.81818181818182,36.61363636363637,7.803330190249296,2.6011100634164315,0.3,Hải Triều,"[[106.704744, 10.771523], [106.704795, 10.771578], [106.704962, 10.771763], [106.705399, 10.772228]]"
169,14068910977,2730493477,False,62.69662129920258,residential,48.81818181818182,36.61363636363637,4.623437995248459,1.5411459984161515,0.3,Hải Triều,"[[106.704744, 10.771523], [106.704596, 10.771362], [106.704512, 10.771278], [106.704483, 10.771258], [106.704434, 10.771223], [106.704309, 10.771166]]"
170,411917924,411919375,True,168.45947131213276,residential,48.81818181818182,36.61363636363637,12.422709616313702,4.140903205437896,0.3,Đường Phan Liêm,"[[106.694305, 10.790272], [106.694762, 10.789839], [106.695414, 10.78922]]"
171,411917924,411925967,True,75.72328494923036,primary,55.900735294117645,27.950367647058822,4.87656959041673,4.87656959041673,0.8,Võ Thị Sáu,"[[106.694305, 10.790272], [106.694182, 10.790148], [106.693822, 10.789783]]"
172,411919375,11364145943,True,77.64399105948266,residential,48.81818181818182,36.61363636363637,5.7257021339953695,1.9085673779984555,0.3,Đường Phan Liêm,"[[106.695414, 10.78922], [106.695772, 10.788886], [106.695829, 10.788831], [106.695854, 10.788814], [106.695881, 10.788799], [106.695923, 10.788783], [106.695954, 10.788784]]"
173,411919375,411926265,False,113.9955264634627,residential,48.81818181818182,36.61363636363637,8.40637401853468,2.802124672844892,0.3,Huỳnh Khương Ninh,"[[106.695414, 10.78922], [106.69573, 10.789523], [106.695937, 10.789742], [106.696146, 10.789951]]"
174,411925967,411926022,False,192.96432626302223,residential,48.81818181818182,36.61363636363637,14.22977154565304,4.743257181884344,0.3,Thạch Thị Thanh,"[[106.693822, 10.789783], [106.693746, 10.78982], [106.693128, 10.790123], [106.692592, 10.790361], [106.692565, 10.790373], [106.692392, 10.79045], [106.692232, 10.790529], [106.692228, 10.790531]]"
175,411925967,13075589603,True,291.4287774952514,primary,55.900735294117645,27.950367647058822,18.76797493741205,18.76797493741205,0.8,Võ Thị Sáu,"[[106.693822, 10.789783], [106.693169, 10.789122], [106.693001, 10.788952], [106.692764, 10.788713], [106.692599, 10.788545], [106.692439, 10.788383], [106.692267, 10.788209], [106.692251, 10.788192], [106.692014, 10.787952], [106.691964, 10.787902]]"
176,11364145943,411925979,True,107.5164318047659,primary,55.900735294117645,27.950367647058822,6.924044065980058,6.924044065980058,0.8,Điện Biên Phủ,"[[106.695954, 10.788784], [106.696009, 10.78884], [106.696152, 10.788987], [106.696636, 10.789482]]"
177,411926265,411925979,False,74.75155265235196,residential,48.81818181818182,36.61363636363637,5.512405000061709,1.837468333353902,0.3,Đường Phan Tôn,"[[106.696146, 10.789951], [106.696636, 10.789482]]"
178,411926265,411925982,False,59.75120314124021,residential,48.81818181818182,36.61363636363637,4.40623397466129,1.4687446582204284,0.3,Huỳnh Khương Ninh,"[[106.696146, 10.789951], [106.696527, 10.790336]]"
179,411926265,7794718943,False,75.54254385295263,residential,48.81818181818182,36.61363636363637,5.57073507742444,1.856911692474812,0.3,Đường Phan Tôn,"[[106.696146, 10.789951], [106.6957, 10.790313], [106.695615, 10.790386]]"
180,411926265,411919375,False,113.9955264634627,residential,48.81818181818182,36.61363636363637,8.40637401853468,2.802124672844892,0.3,Huỳnh Khương Ninh,"[[106.696146, 10.789951], [106.695937, 10.789742], [106.69573, 10.789523], [106.695414, 10.78922]]"
181,411926022,411923629,False,139.37242825789758,residential,48.81818181818182,36.61363636363637,10.277743312872897,3.4259144376242965,0.3,Ðinh Công Tráng,"[[106.692228, 10.790531], [106.692081, 10.790359], [106.691891, 10.790143], [106.691546, 10.789748], [106.691398, 10.789578]]"
182,411926022,411925967,False,192.96432626302223,residential,48.81818181818182,36.61363636363637,14.229771545653035,4.743257181884344,0.3,Thạch Thị Thanh,"[[106.692228, 10.790531], [106.692232, 10.790529], [106.692392, 10.79045], [106.692565, 10.790373], [106.692592, 10.790361], [106.693128, 10.790123], [106.693746, 10.78982], [106.693822, 10.789783]]"
183,411926022,411926373,False,85.33631878741423,residential,48.81818181818182,36.61363636363637,6.292957586557921,2.097652528852639,0.3,Thạch Thị Thanh,"[[106.692228, 10.790531], [106.692194, 10.79055], [106.692072, 10.79062], [106.691857, 10.79072], [106.691529, 10.790873]]"
184,13075589603,12989990972,True,111.3178570195347,primary,55.900735294117645,27.950367647058822,7.168855349788122,7.168855349788122,0.8,Hai Bà Trưng,"[[106.691964, 10.787902], [106.69184, 10.788001], [106.691646, 10.788153], [106.691637, 10.788159], [106.69127, 10.788453], [106.691171, 10.788531]]"
185,411918191,5780842940,False,61.224752080778536,tertiary,50.0,32.5,4.408182149816055,2.3736365422086454,0.5,Cống Quỳnh,"[[106.69055, 10.763503], [106.690525, 10.763539], [106.690429, 10.763671], [106.690304, 10.763889], [106.690262, 10.763974]]"
186,411918191,4603729666,False,61.53595476353177,tertiary,50.0,32.5,4.430588742974288,2.385701630832309,0.5,Cống Quỳnh,"[[106.69055, 10.763503], [106.690587, 10.763449], [106.690838, 10.763093], [106.690872, 10.763049]]"
187,411918191,4605065012,False,224.43226575455472,residential,48.81818181818182,36.61363636363637,16.55031233497275,5.516770778324247,0.3,Cao Bá Nhạ,"[[106.69055, 10.763503], [106.690511, 10.763443], [106.689937, 10.762556], [106.689477, 10.761847], [106.689446, 10.7618]]"
188,5780842940,411918191,False,61.224752080778536,tertiary,50.0,32.5,4.408182149816055,2.3736365422086454,0.5,Cống Quỳnh,"[[106.690262, 10.763974], [106.690304, 10.763889], [106.690429, 10.763671], [106.690525, 10.763539], [106.69055, 10.763503]]"
189,5780842940,4614008658,False,48.25948107158458,tertiary,50.0,32.5,3.474682637154089,1.870982958467588,0.5,Nguyễn Cư Trinh,"[[106.690262, 10.763974], [106.690448, 10.764063], [106.690666, 10.764149]]"
190,5780842940,14030366138,True,309.0056861415876,tertiary,60.0,39.0,18.540341168495257,9.98326062918975,0.5,Nguyễn Cư Trinh,"[[106.690262, 10.763974], [106.690165, 10.763972], [106.690041, 10.763923], [106.689465, 10.763694], [106.688846, 10.763448], [106.68857, 10.763338], [106.688156, 10.763174], [106.687633, 10.762966]]"
191,4603729666,9404261883,False,8.207528260521894,tertiary,50.0,32.5,0.5909420347575763,0.3181995571771566,0.5,,"[[106.690872, 10.763049], [106.690914, 10.762988]]"
192,4603729666,411918191,False,61.53595476353176,tertiary,50.0,32.5,4.430588742974287,2.385701630832309,0.5,Cống Quỳnh,"[[106.690872, 10.763049], [106.690838, 10.763093], [106.690587, 10.763449], [106.69055, 10.763503]]"
193,4603729666,6789319269,True,58.69065823369426,primary,50.0,25.0,4.225727392825987,4.225727392825987,0.8,Trần Hưng Đạo,"[[106.690872, 10.763049], [106.690782, 10.762946], [106.690522, 10.762649]]"
194,4605065012,411918191,False,224.43226575455472,residential,48.81818181818182,36.61363636363637,16.55031233497275,5.516770778324247,0.3,Cao Bá Nhạ,"[[106.689446, 10.7618], [106.689477, 10.761847], [106.689937, 10.762556], [106.690511, 10.763443], [106.69055, 10.763503]]"
195,4605065012,14030366137,False,226.315436867512,tertiary,50.0,32.5,16.294711454460863,8.774075398555851,0.5,Trần Ðình Xu,"[[106.689446, 10.7618], [106.689312, 10.761886], [106.688979, 10.7621], [106.688943, 10.762129], [106.688761, 10.762238], [106.688702, 10.762277], [106.68867, 10.762295], [106.688467, 10.76243], [106.688427, 10.762454], [106.68833, 10.762517], [106.688074, 10.762681], [106.687808, 10.762852], [106.687746, 10.762892], [106.68771, 10.762909]]"
196,4605065012,411918668,False,27.9483437826005,tertiary,50.0,32.5,2.012280752347236,1.0835357897254352,0.5,Trần Ðình Xu,"[[106.689446, 10.7618], [106.689574, 10.761718], [106.689624, 10.761685], [106.68966, 10.761662]]"
197,4614008658,5780842940,False,48.25948107158458,tertiary,50.0,32.5,3.474682637154089,1.870982958467588,0.5,Nguyễn Cư Trinh,"[[106.690666, 10.764149], [106.690448, 10.764063], [106.690262, 10.763974]]"
198,4614008658,4666242306,True,21.678624442493376,tertiary,52.66233766233766,34.23051948051948,1.481951836118166,0.7979740656020897,0.5,,"[[106.690666, 10.764149], [106.690682, 10.764137], [106.690702, 10.76413], [106.690722, 10.764128], [106.690735, 10.764129], [106.690748, 10.764133], [106.690761, 10.764139], [106.690779, 10.764153], [106.690792, 10.764172], [106.690799, 10.764194], [106.690799, 10.764217], [106.690798, 10.76422]]"
199,14030366138,14030366137,False,10.555595988273332,tertiary,50.0,32.5,0.7600029111556799,0.4092323367761354,0.5,Trần Ðình Xu,"[[106.687633, 10.762966], [106.68771, 10.762909]]"
200,14030366138,411926193,False,80.35789640809037,tertiary,50.0,32.5,5.785768541382506,3.115413829975198,0.5,Trần Ðình Xu,"[[106.687633, 10.762966], [106.687547, 10.763021], [106.687493, 10.763057], [106.687226, 10.763232], [106.687091, 10.763321], [106.687019, 10.763365]]"
201,14030366138,14030366143,True,130.37681813996554,tertiary,60.0,39.0,7.822609088397932,4.212174124521963,0.5,Nguyễn Cư Trinh,"[[106.687633, 10.762966], [106.686692, 10.762592], [106.686526, 10.762526]]"
202,9404261883,4603729666,False,8.207528260521894,tertiary,50.0,32.5,0.5909420347575763,0.3181995571771566,0.5,,"[[106.690914, 10.762988], [106.690872, 10.763049]]"
203,9404261883,6789319270,True,56.152121526035714,primary,60.0,30.0,3.369127291562142,3.369127291562142,0.8,Trần Hưng Đạo,"[[106.690914, 10.762988], [106.690838, 10.762901], [106.690579, 10.762604]]"
204,9404261883,4603729664,False,10.832898126053369,tertiary,50.0,32.5,0.7799686650758425,0.4199831273485307,0.5,,"[[106.690914, 10.762988], [106.690939, 10.762951], [106.690969, 10.762906]]"
205,6789319269,6789319270,False,7.948078736231685,primary_link,50.0,25.0,0.5722616690086814,0.5722616690086814,0.8,,"[[106.690522, 10.762649], [106.690579, 10.762604]]"
206,6789319269,6789319271,True,68.8207050949127,primary,50.0,25.0,4.955090766833714,4.955090766833714,0.8,Trần Hưng Đạo,"[[106.690522, 10.762649], [106.690157, 10.76223], [106.690113, 10.762178]]"
207,14030366137,14030366138,False,10.555595988273332,tertiary,50.0,32.5,0.7600029111556799,0.4092323367761354,0.5,Trần Ðình Xu,"[[106.68771, 10.762909], [106.687633, 10.762966]]"
208,14030366137,4605065012,False,226.315436867512,tertiary,50.0,32.5,16.294711454460863,8.774075398555851,0.5,Trần Ðình Xu,"[[106.68771, 10.762909], [106.687746, 10.762892], [106.687808, 10.762852], [106.688074, 10.762681], [106.68833, 10.762517], [106.688427, 10.762454], [106.688467, 10.76243], [106.68867, 10.762295], [106.688702, 10.762277], [106.688761, 10.762238], [106.688943, 10.762129], [106.688979, 10.7621], [106.689312, 10.761886], [106.689446, 10.7618]]"
209,14030366137,5780842940,True,304.13688922762583,tertiary,60.0,39.0,18.248213353657547,9.825961036584836,0.5,Nguyễn Cư Trinh,"[[106.68771, 10.762909], [106.688498, 10.763221], [106.688873, 10.76337], [106.689549, 10.763638], [106.690122, 10.763865], [106.690192, 10.763893], [106.690262, 10.763974]]"
210,411918668,411926591,False,7.542776059865227,tertiary,50.0,32.5,0.5430798763102963,0.2924276257055443,0.5,Đường Trần Ðình Xu,"[[106.68966, 10.761662], [106.689719, 10.761627]]"
211,411918668,6789210645,True,86.94097314582746,primary,50.0,25.0,6.259750066499577,6.259750066499577,0.8,Trần Hưng Đạo,"[[106.68966, 10.761662], [106.689605, 10.761599], [106.689561, 10.76155], [106.689332, 10.761289], [106.689212, 10.761151], [106.689141, 10.761069]]"
212,411918668,4605065012,False,27.9483437826005,tertiary,50.0,32.5,2.012280752347236,1.0835357897254352,0.5,Trần Ðình Xu,"[[106.68966, 10.761662], [106.689624, 10.761685], [106.689574, 10.761718], [106.689446, 10.7618]]"
213,411918236,411924900,False,76.26890517268164,secondary,50.0,30.0,5.491361172433078,3.660907448288719,0.6,Nguyễn Trãi,"[[106.684051, 10.759503], [106.684232, 10.75957], [106.68434, 10.759608], [106.684644, 10.759713], [106.684707, 10.759738]]"
214,411918236,13045992134,True,201.6203185473683,primary,60.0,30.0,12.097219112842096,12.097219112842096,0.8,Nguyễn Văn Cừ,"[[106.684051, 10.759503], [106.684016, 10.759597], [106.683576, 10.760782], [106.683546, 10.760862], [106.683527, 10.760912], [106.68347, 10.761057], [106.683414, 10.761204]]"
215,411924900,4611410091,False,108.7988533540573,residential,48.81818181818182,36.61363636363637,8.023155666332718,2.674385222110903,0.3,Hẻm 385 Đường Nguyễn Trãi,"[[106.684707, 10.759738], [106.684841, 10.759402], [106.685071, 10.758827]]"
216,411924900,411918236,False,76.26890517268164,secondary,50.0,30.0,5.491361172433078,3.660907448288719,0.6,Nguyễn Trãi,"[[106.684707, 10.759738], [106.684644, 10.759713], [106.68434, 10.759608], [106.684232, 10.75957], [106.684051, 10.759503]]"
217,411924900,411921399,False,34.88532978275236,secondary,50.0,30.0,2.51174374435817,1.6744958295721126,0.6,Nguyễn Trãi,"[[106.684707, 10.759738], [106.684814, 10.759782], [106.684925, 10.759847], [106.684983, 10.759893]]"
218,13045992134,6727541451,False,7.772594467208456,primary_link,50.0,25.0,0.5596268016390088,0.5596268016390088,0.8,,"[[106.683414, 10.761204], [106.683481, 10.761229]]"
219,13045992134,2935020197,True,276.8951396065034,primary,60.0,30.0,16.613708376390203,16.613708376390203,0.8,Nguyễn Văn Cừ,"[[106.683414, 10.761204], [106.683373, 10.761309], [106.683341, 10.761388], [106.683139, 10.761901], [106.683074, 10.76206], [106.683002, 10.762242], [106.682987, 10.762277], [106.682764, 10.762837], [106.682734, 10.762912], [106.682532, 10.763419], [106.682491, 10.763523]]"
220,4611410091,411924900,False,108.7988533540573,residential,48.81818181818182,36.61363636363637,8.023155666332718,2.674385222110903,0.3,Hẻm 385 Đường Nguyễn Trãi,"[[106.685071, 10.758827], [106.684841, 10.759402], [106.684707, 10.759738]]"
221,411921399,4615738901,False,81.4184871125187,residential,48.81818181818182,36.61363636363637,6.004044859694117,2.0013482865647045,0.3,Hẻm 373 Nguyễn Trãi,"[[106.684983, 10.759893], [106.685637, 10.759542]]"
222,411921399,411924900,False,34.88532978275235,secondary,50.0,30.0,2.5117437443581694,1.6744958295721122,0.6,Nguyễn Trãi,"[[106.684983, 10.759893], [106.684925, 10.759847], [106.684814, 10.759782], [106.684707, 10.759738]]"
223,411921399,411920788,False,73.53979551073344,secondary,50.0,30.0,5.294865276772808,3.529910184515205,0.6,Nguyễn Trãi,"[[106.684983, 10.759893], [106.685041, 10.759954], [106.685097, 10.760022], [106.685163, 10.76011], [106.685326, 10.760367], [106.685365, 10.760435]]"
224,6727541451,13045992134,False,7.772594467208456,primary_link,50.0,25.0,0.5596268016390088,0.5596268016390088,0.8,,"[[106.683481, 10.761229], [106.683414, 10.761204]]"
225,2935020197,5780758065,False,9.2189655204479,primary_link,50.0,25.0,0.6637655174722487,0.6637655174722487,0.8,,"[[106.682491, 10.763523], [106.682571, 10.76355]]"
226,2935020197,5780783992,True,84.14396190069498,primary,60.0,30.0,5.048637714041698,5.048637714041698,0.8,Nguyễn Văn Cừ,"[[106.682491, 10.763523], [106.68227, 10.764075], [106.682251, 10.764125], [106.68221, 10.764228]]"
227,411918272,13514030145,False,114.77196040458554,primary,50.0,25.0,8.26358114913016,8.26358114913016,0.8,Nguyễn Thị Minh Khai,"[[106.70087, 10.78583], [106.701099, 10.786071], [106.701483, 10.786457], [106.701503, 10.786477], [106.701597, 10.786575]]"
228,411918272,411925987,False,191.33234343102387,primary,50.0,25.0,13.77592872703372,13.77592872703372,0.8,Nguyễn Thị Minh Khai,"[[106.70087, 10.78583], [106.700553, 10.785495], [106.700511, 10.785451], [106.700431, 10.785366], [106.700337, 10.785266], [106.700185, 10.785106], [106.700144, 10.785054], [106.699842, 10.78474], [106.699677, 10.78457]]"
229,411918272,9928510948,False,187.50008369746485,residential,48.81818181818182,36.61363636363637,13.826821814561653,4.608940604853883,0.3,Hẻm 18A Nguyễn Thị Minh Khai,"[[106.70087, 10.78583], [106.700813, 10.785884], [106.700575, 10.78611], [106.699907, 10.786744], [106.699826, 10.786818], [106.699843, 10.786844], [106.699676, 10.787007]]"
230,13514030145,1769692389,False,3.314241266843411,primary,50.0,25.0,0.2386253712127256,0.2386253712127256,0.8,Nguyễn Thị Minh Khai,"[[106.701597, 10.786575], [106.701618, 10.786597]]"
231,13514030145,411918272,False,114.77196040458554,primary,50.0,25.0,8.26358114913016,8.26358114913016,0.8,Nguyễn Thị Minh Khai,"[[106.701597, 10.786575], [106.701503, 10.786477], [106.701483, 10.786457], [106.701099, 10.786071], [106.70087, 10.78583]]"
232,13514030145,13514030147,True,51.39841944097972,primary,55.900735294117645,27.950367647058822,3.310051451273091,3.310051451273091,0.8,Đinh Tiên Hoàng,"[[106.701597, 10.786575], [106.701715, 10.786461], [106.701889, 10.786294], [106.701946, 10.786271]]"
233,411925987,411918272,False,191.33234343102384,primary,50.0,25.0,13.775928727033715,13.775928727033715,0.8,Nguyễn Thị Minh Khai,"[[106.699677, 10.78457], [106.699842, 10.78474], [106.700144, 10.785054], [106.700185, 10.785106], [106.700337, 10.785266], [106.700431, 10.785366], [106.700511, 10.785451], [106.700553, 10.785495], [106.70087, 10.78583]]"
234,411925987,10978360611,True,220.83377092223515,tertiary,60.0,39.0,13.250026255334108,7.134629522102982,0.5,Mạc Đĩnh Chi,"[[106.699677, 10.78457], [106.700384, 10.783916], [106.700428, 10.783875], [106.700535, 10.783775], [106.700773, 10.783558], [106.70115, 10.78321]]"
235,411925987,12797273269,False,94.53878552469044,primary,50.0,25.0,6.806792557777712,6.806792557777712,0.8,Nguyễn Thị Minh Khai,"[[106.699677, 10.78457], [106.69912, 10.783976], [106.699091, 10.783945]]"
236,9928510948,411918272,False,187.50008369746485,residential,48.81818181818182,36.61363636363637,13.826821814561653,4.608940604853883,0.3,Hẻm 18A Nguyễn Thị Minh Khai,"[[106.699676, 10.787007], [106.699843, 10.786844], [106.699826, 10.786818], [106.699907, 10.786744], [106.700575, 10.78611], [106.700813, 10.785884], [106.70087, 10.78583]]"
237,1769692389,13514030145,False,3.314241266843411,primary,50.0,25.0,0.2386253712127256,0.2386253712127256,0.8,Nguyễn Thị Minh Khai,"[[106.701618, 10.786597], [106.701597, 10.786575]]"
238,1769692389,4099242263,True,304.0823287139853,primary,60.0,30.0,18.24493972283912,18.24493972283912,0.8,Đinh Tiên Hoàng,"[[106.701618, 10.786597], [106.701118, 10.787064], [106.700954, 10.787215], [106.70043, 10.787696], [106.700242, 10.787869], [106.700111, 10.787988], [106.699916, 10.788169], [106.699588, 10.788468]]"
239,1769692389,1771088742,True,98.71383363154791,primary,60.0,30.0,5.922830017892874,5.922830017892874,0.8,Nguyễn Thị Minh Khai,"[[106.701618, 10.786597], [106.701713, 10.786672], [106.7022, 10.787188], [106.702245, 10.787235]]"
240,13514030147,1769692389,True,51.17836071858234,primary,50.0,25.0,3.684841971737928,3.684841971737928,0.8,Đinh Tiên Hoàng,"[[106.701946, 10.786271], [106.701912, 10.786326], [106.701785, 10.786448], [106.70174, 10.786488], [106.701715, 10.78651], [106.701618, 10.786597]]"
241,10978360611,12443073473,True,55.07537600117222,secondary,50.0,30.0,3.9654270720844,2.6436180480562665,0.6,Lê Duẩn,"[[106.70115, 10.78321], [106.70081, 10.782844]]"
242,10978360611,6858588487,False,8.061031156773568,tertiary,50.0,32.5,0.5803942432876968,0.3125199771549138,0.5,Mạc Đĩnh Chi,"[[106.70115, 10.78321], [106.701205, 10.78316]]"
243,12797273269,411925987,False,94.53878552469044,primary,50.0,25.0,6.806792557777712,6.806792557777712,0.8,Nguyễn Thị Minh Khai,"[[106.699091, 10.783945], [106.69912, 10.783976], [106.699677, 10.78457]]"
244,12797273269,10765339999,True,42.28259901301911,primary,55.900735294117645,27.950367647058822,2.7229938147680577,2.7229938147680577,0.8,Nguyễn Thị Minh Khai,"[[106.699091, 10.783945], [106.69905, 10.783941], [106.698948, 10.783838], [106.698886, 10.783776], [106.698848, 10.783767], [106.698812, 10.783775], [106.698783, 10.783793]]"
245,411918348,411926369,False,11.591047086880913,primary_link,50.0,25.0,0.8345553902554256,0.8345553902554256,0.8,,"[[106.696035, 10.767048], [106.69594, 10.767001]]"
246,411918348,6789154063,False,116.7798831064744,residential,48.81818181818182,36.61363636363637,8.611700877125488,2.8705669590418275,0.3,Trịnh Văn Cấn,"[[106.696035, 10.767048], [106.696134, 10.767105], [106.696355, 10.767241], [106.696386, 10.767261], [106.696933, 10.767617]]"
247,411918348,411919456,True,39.13304466754281,primary,60.0,30.0,2.3479826800525685,2.3479826800525685,0.8,Nguyễn Thái Học,"[[106.696035, 10.767048], [106.695993, 10.767117], [106.695854, 10.767352]]"
248,411926369,411918348,False,11.591047086880913,primary_link,50.0,25.0,0.8345553902554256,0.8345553902554256,0.8,,"[[106.69594, 10.767001], [106.696035, 10.767048]]"
249,411926369,2032267376,True,100.25131063136068,primary,60.0,30.0,6.01507863788164,6.01507863788164,0.8,Nguyễn Thái Học,"[[106.69594, 10.767001], [106.695991, 10.766918], [106.696257, 10.766454], [106.696328, 10.766331], [106.696393, 10.766217]]"
250,6789154063,411918348,False,116.7798831064744,residential,48.81818181818182,36.61363636363637,8.611700877125488,2.8705669590418275,0.3,Trịnh Văn Cấn,"[[106.696933, 10.767617], [106.696386, 10.767261], [106.696355, 10.767241], [106.696134, 10.767105], [106.696035, 10.767048]]"
251,6789154063,411926370,False,26.04479653654764,residential,48.81818181818182,36.61363636363637,1.9206218674996025,0.640207289166534,0.3,Trịnh Văn Cấn,"[[106.696933, 10.767617], [106.697044, 10.767693], [106.697133, 10.767744]]"
252,6789154063,6789154062,True,35.689508958921486,residential,48.81818181818182,36.61363636363637,2.631852057305942,0.87728401910198,0.3,Đường Trịnh Văn Cấn,"[[106.696933, 10.767617], [106.697128, 10.767578], [106.697242, 10.76752]]"
253,411919456,4612970108,True,81.98080005146194,primary,60.0,30.0,4.918848003087716,4.918848003087716,0.8,Nguyễn Thái Học,"[[106.695854, 10.767352], [106.695532, 10.767918], [106.695521, 10.768007]]"
254,411919456,411926174,False,154.2058752715322,residential,48.81818181818182,36.61363636363637,11.371606444604607,3.7905354815348673,0.3,Lê Thị Hồng Gấm,"[[106.695854, 10.767352], [106.695932, 10.767418], [106.696253, 10.767715], [106.696888, 10.768296]]"
255,2032267376,411925089,False,111.4497669863974,residential,50.0,37.5,8.024383223020614,2.674794407673538,0.3,Đường Cô Bắc,"[[106.696393, 10.766217], [106.696332, 10.766161], [106.696122, 10.765984], [106.696024, 10.765903], [106.695873, 10.76578], [106.695758, 10.765686], [106.695611, 10.765574]]"
256,2032267376,5500064101,True,129.79953772721302,primary,60.0,30.0,7.78797226363278,7.78797226363278,0.8,Nguyễn Thái Học,"[[106.696393, 10.766217], [106.696534, 10.766019], [106.696736, 10.765668], [106.696793, 10.765575], [106.696845, 10.765489], [106.696885, 10.765425], [106.696924, 10.765361], [106.696972, 10.765283], [106.697013, 10.765222]]"
257,411926370,6789154062,False,27.55506262194969,tertiary,52.66233766233766,34.23051948051948,1.8836654399024548,1.0142813907167063,0.5,Yersin,"[[106.697133, 10.767744], [106.697242, 10.76752]]"
258,411926370,6789154063,False,26.04479653654764,residential,48.81818181818182,36.61363636363637,1.9206218674996025,0.640207289166534,0.3,Trịnh Văn Cấn,"[[106.697133, 10.767744], [106.697044, 10.767693], [106.696933, 10.767617]]"
259,411926370,411926174,False,67.04656808747926,tertiary,52.66233766233766,34.23051948051948,4.583306701319174,2.467934377633401,0.5,Yersin,"[[106.697133, 10.767744], [106.697102, 10.767815], [106.696888, 10.768296]]"
260,6789154062,411926370,False,27.55506262194969,tertiary,52.66233766233766,34.23051948051948,1.8836654399024548,1.0142813907167063,0.5,Yersin,"[[106.697242, 10.76752], [106.697133, 10.767744]]"
261,6789154062,411926436,False,46.590403841103424,tertiary,52.66233766233766,34.23051948051948,3.1849223045015704,1.714958163962384,0.5,Yersin,"[[106.697242, 10.76752], [106.697318, 10.767348], [106.697377, 10.767214], [106.697418, 10.767139]]"
262,4612970108,5762736900,True,8.987979377967108,primary,55.900735294117645,27.950367647058822,0.578824689701111,0.578824689701111,0.8,Nguyễn Thái Học,"[[106.695521, 10.768007], [106.695488, 10.768081]]"
263,4612970108,9404261912,True,39.0151563037201,primary,55.900735294117645,27.950367647058822,2.512570934074497,2.512570934074497,0.8,Trần Hưng Đạo,"[[106.695521, 10.768007], [106.695575, 10.768077], [106.69575, 10.768275]]"
264,411926174,411926533,False,41.53298664874457,residential,48.81818181818182,36.61363636363637,3.062767730521946,1.0209225768406478,0.3,Lê Thị Hồng Gấm,"[[106.696888, 10.768296], [106.697107, 10.768484], [106.697174, 10.768543]]"
265,411926174,411919456,False,154.20587527153222,residential,48.81818181818182,36.61363636363637,11.37160644460461,3.790535481534869,0.3,Lê Thị Hồng Gấm,"[[106.696888, 10.768296], [106.696253, 10.767715], [106.695932, 10.767418], [106.695854, 10.767352]]"
266,411926174,10215974134,False,102.30824534669183,tertiary,52.66233766233766,34.23051948051948,6.993796697929218,3.765890529654195,0.5,Yersin,"[[106.696888, 10.768296], [106.69672, 10.768624], [106.696716, 10.768631], [106.696551, 10.769037], [106.696511, 10.769137]]"
267,411926174,411926370,False,67.04656808747926,tertiary,52.66233766233766,34.23051948051948,4.583306701319174,2.467934377633401,0.5,Yersin,"[[106.696888, 10.768296], [106.697102, 10.767815], [106.697133, 10.767744]]"
268,411918485,411918486,False,63.86052024485279,residential,48.81818181818182,36.61363636363637,4.709267414704228,1.569755804901409,0.3,Hẻm 41 Nguyễn Bỉnh Khiêm,"[[106.700873, 10.790295], [106.701232, 10.790696], [106.701259, 10.790726]]"
269,411918486,411925984,False,37.85337073065327,primary,50.0,25.0,2.725442692607035,2.725442692607035,0.8,Nguyễn Bỉnh Khiêm,"[[106.701259, 10.790726], [106.701513, 10.790494]]"
270,411918486,411918485,False,63.86052024485279,residential,48.81818181818182,36.61363636363637,4.709267414704228,1.569755804901409,0.3,Hẻm 41 Nguyễn Bỉnh Khiêm,"[[106.701259, 10.790726], [106.701232, 10.790696], [106.700873, 10.790295]]"
271,411918486,411926028,False,120.92406155587987,primary,50.0,25.0,8.706532432023351,8.706532432023351,0.8,Nguyễn Bỉnh Khiêm,"[[106.701259, 10.790726], [106.700997, 10.790961], [106.700959, 10.790992], [106.700679, 10.791252], [106.700597, 10.791329], [106.70055, 10.791372], [106.700448, 10.791466]]"
272,411925984,411918486,False,37.85337073065327,primary,50.0,25.0,2.725442692607035,2.725442692607035,0.8,Nguyễn Bỉnh Khiêm,"[[106.701513, 10.790494], [106.701259, 10.790726]]"
273,411925984,411923589,True,66.13270259258525,secondary,60.0,36.0,3.9679621555551146,2.6453081037034103,0.6,Nguyễn Đình Chiểu,"[[106.701513, 10.790494], [106.7011, 10.79006]]"
274,411925984,2297783345,True,209.1068730982468,primary,60.0,30.0,12.546412385894806,12.546412385894806,0.8,Nguyễn Bỉnh Khiêm,"[[106.701513, 10.790494], [106.701986, 10.790053], [106.702482, 10.78959], [106.702544, 10.789533], [106.702904, 10.789203]]"
275,411925984,411923139,False,201.1130556730244,tertiary,50.0,32.5,14.480140008457758,7.79699846609264,0.5,Nguyễn Đình Chiểu,"[[106.701513, 10.790494], [106.70195, 10.790951], [106.702224, 10.791237], [106.702347, 10.791382], [106.702682, 10.791737], [106.702711, 10.791768], [106.702757, 10.791827]]"
276,411926028,12470703608,False,67.62708717927472,residential,48.81818181818182,36.61363636363637,4.987025423276125,1.6623418077587069,0.3,Nguyễn Văn Thủ,"[[106.700448, 10.791466], [106.700867, 10.791913]]"
277,411926028,411918499,False,41.80718420983138,primary,55.900735294117645,27.950367647058822,2.692377163976777,2.692377163976777,0.8,Nguyễn Bỉnh Khiêm,"[[106.700448, 10.791466], [106.700172, 10.791727]]"
278,411926028,411926458,False,121.5710848198521,residential,48.81818181818182,36.61363636363637,8.96501854537457,2.988339515124854,0.3,Nguyễn Văn Thủ,"[[106.700448, 10.791466], [106.699697, 10.790659]]"
279,411926028,411918486,False,120.92406155587987,primary,50.0,25.0,8.706532432023351,8.706532432023351,0.8,Nguyễn Bỉnh Khiêm,"[[106.700448, 10.791466], [106.70055, 10.791372], [106.700597, 10.791329], [106.700679, 10.791252], [106.700959, 10.790992], [106.700997, 10.790961], [106.701259, 10.790726]]"
280,411923589,411926606,True,55.43953201145211,secondary,60.0,36.0,3.326371920687126,2.217581280458085,0.6,Nguyễn Đình Chiểu,"[[106.7011, 10.79006], [106.700753, 10.789695]]"
281,411923589,2403044882,False,309.1611292105373,residential,48.81818181818182,36.61363636363637,22.79847433284409,7.599491444281362,0.3,Phạm Khắc,"[[106.7011, 10.79006], [106.701275, 10.78986], [106.701322, 10.789718], [106.701347, 10.789574], [106.701371, 10.789518], [106.701565, 10.789334], [106.701708, 10.789199], [106.701914, 10.789012], [106.70194, 10.788971], [106.701955, 10.788927], [106.702012, 10.788718], [106.702027, 10.788679], [106.702051, 10.788644], [106.702082, 10.788611], [106.702338, 10.788378], [106.702544, 10.788186], [106.702813, 10.787937]]"
282,2297783345,2297783341,False,45.746828119074166,residential,48.81818181818182,36.61363636363637,3.3735091126915027,1.1245030375638336,0.3,Hẻm 29 Nguyễn Bỉnh Khiêm,"[[106.702904, 10.789203], [106.70262, 10.788901]]"
283,2297783345,2403044880,True,89.23852896506227,primary,60.0,30.0,5.354311737903736,5.354311737903736,0.8,Nguyễn Bỉnh Khiêm,"[[106.702904, 10.789203], [106.703183, 10.788941], [106.703495, 10.788649]]"
284,411923139,411923565,False,56.985450768531045,residential,48.81818181818182,36.61363636363637,4.2022790510872055,1.4007596836957346,0.3,,"[[106.702757, 10.791827], [106.702982, 10.791754], [106.703263, 10.791708]]"
285,411923139,411925984,False,201.1130556730244,tertiary,50.0,32.5,14.480140008457758,7.79699846609264,0.5,Nguyễn Đình Chiểu,"[[106.702757, 10.791827], [106.702711, 10.791768], [106.702682, 10.791737], [106.702347, 10.791382], [106.702224, 10.791237], [106.70195, 10.790951], [106.701513, 10.790494]]"
286,411923139,411918880,False,80.72882630319351,tertiary,50.0,32.5,5.812475493829933,3.1297944966776576,0.5,Nguyễn Đình Chiểu,"[[106.702757, 10.791827], [106.702801, 10.791883], [106.703094, 10.792217], [106.703228, 10.792386]]"
287,12470703608,411926028,False,67.62708717927472,residential,48.81818181818182,36.61363636363637,4.987025423276125,1.6623418077587069,0.3,Nguyễn Văn Thủ,"[[106.700867, 10.791913], [106.700448, 10.791466]]"
288,12470703608,411923584,False,90.87080185154927,residential,48.81818181818182,36.61363636363637,6.701087063913131,2.233695687971042,0.3,Nguyễn Văn Thủ,"[[106.700867, 10.791913], [106.700945, 10.791997], [106.701155, 10.792217], [106.701435, 10.79251]]"
289,12470703608,12470703610,False,27.60204243021253,residential,48.81818181818182,36.61363636363637,2.035457877535226,0.678485959178408,0.3,Hẻm 29 Nguyễn Văn Thủ,"[[106.700867, 10.791913], [106.700937, 10.791849], [106.701055, 10.791748]]"
290,411918499,411918498,False,71.19640466204717,residential,48.81818181818182,36.61363636363637,5.250237662229177,1.750079220743058,0.3,Hẻm 109 Nguyễn Bỉnh Khiêm,"[[106.700172, 10.791727], [106.699716, 10.791269]]"
291,411918499,411926028,False,41.80718420983138,primary,55.900735294117645,27.950367647058822,2.692377163976777,2.692377163976777,0.8,Nguyễn Bỉnh Khiêm,"[[106.700172, 10.791727], [106.700448, 10.791466]]"
292,411918499,12980280176,False,75.33518371072441,primary,55.900735294117645,27.950367647058822,4.8515759217061065,4.8515759217061065,0.8,Nguyễn Bỉnh Khiêm,"[[106.700172, 10.791727], [106.700037, 10.791866], [106.699934, 10.79196], [106.699833, 10.792056], [106.699691, 10.792212]]"
293,411926458,411926606,False,157.49658223713328,residential,48.81818181818182,36.61363636363637,11.614273103520445,3.871424367840147,0.3,Mai Thị Lựu,"[[106.699697, 10.790659], [106.700753, 10.789695]]"
294,411926458,411926028,False,121.5710848198521,residential,48.81818181818182,36.61363636363637,8.96501854537457,2.988339515124854,0.3,Nguyễn Văn Thủ,"[[106.699697, 10.790659], [106.700448, 10.791466]]"
295,411926458,411925981,False,150.45591023260158,residential,48.81818181818182,36.61363636363637,11.095072709890172,3.698357569963388,0.3,Mai Thị Lựu,"[[106.699697, 10.790659], [106.699381, 10.790957], [106.699251, 10.79107], [106.698682, 10.791574]]"
296,411926458,14068910959,False,52.36206835658572,residential,48.81818181818182,36.61363636363637,3.8613368843962657,1.2871122947987543,0.3,Nguyễn Văn Thủ,"[[106.699697, 10.790659], [106.699366, 10.790316]]"
297,411918498,411918499,False,71.19640466204717,residential,48.81818181818182,36.61363636363637,5.250237662229177,1.750079220743058,0.3,Hẻm 109 Nguyễn Bỉnh Khiêm,"[[106.699716, 10.791269], [106.700172, 10.791727]]"
298,12980280176,13864848977,True,39.08876667469261,primary,50.0,25.0,2.814391200577868,2.814391200577868,0.8,Điện Biên Phủ,"[[106.699691, 10.792212], [106.699734, 10.792252], [106.699772, 10.792298], [106.699798, 10.792339], [106.69982, 10.792382], [106.699837, 10.792427], [106.699873, 10.792509]]"
299,12980280176,411918499,False,75.33518371072441,primary,55.900735294117645,27.950367647058822,4.8515759217061065,4.8515759217061065,0.8,Nguyễn Bỉnh Khiêm,"[[106.699691, 10.792212], [106.699833, 10.792056], [106.699934, 10.79196], [106.700037, 10.791866], [106.700172, 10.791727]]"
300,13864848977,411918883,True,39.720919258203566,primary,50.0,25.0,2.8599061865906568,2.8599061865906568,0.8,Điện Biên Phủ,"[[106.699873, 10.792509], [106.699916, 10.792588], [106.699965, 10.792663], [106.70002, 10.792734], [106.70008, 10.792801]]"
301,13864848977,4673707528,True,111.59829618186612,tertiary_link,53.16964479863687,34.56026911911396,7.5560757980654785,4.068656198958335,0.5,Hoàng Sa,"[[106.699873, 10.792509], [106.699916, 10.792517], [106.699997, 10.792548], [106.700093, 10.792621], [106.700194, 10.792732], [106.700288, 10.792816], [106.700341, 10.792847], [106.700401, 10.792852], [106.700649, 10.792817], [106.700718, 10.792827], [106.700764, 10.792844]]"
302,411918502,7931552059,False,46.35098392107851,residential,48.81818181818182,36.61363636363637,3.418061384124225,1.1393537947080747,0.3,Hẻm 85 Phan Kế Bính,"[[106.69828, 10.790295], [106.698536, 10.790558], [106.698571, 10.790598]]"
303,7931552059,411918502,False,46.35098392107851,residential,48.81818181818182,36.61363636363637,3.418061384124225,1.1393537947080747,0.3,Hẻm 85 Phan Kế Bính,"[[106.698571, 10.790598], [106.698536, 10.790558], [106.69828, 10.790295]]"
304,7931552059,411926453,False,66.78289758492825,residential,48.81818181818182,36.61363636363637,4.924772335871804,1.6415907786239332,0.3,Phan Kế Bính,"[[106.698571, 10.790598], [106.698498, 10.790667], [106.698384, 10.790774], [106.698123, 10.791006]]"
305,7931552059,411925891,False,84.56150198644988,residential,48.81818181818182,36.61363636363637,6.23582025821865,2.078606752739549,0.3,Phan Kế Bính,"[[106.698571, 10.790598], [106.698837, 10.790359], [106.699141, 10.790083]]"
306,411926453,411925981,True,87.82370550154913,primary,55.900735294117645,27.950367647058822,5.655835082349024,5.655835082349024,0.8,Ðiện Biên Phủ,"[[106.698123, 10.791006], [106.698682, 10.791574]]"
307,411926453,7931552059,False,66.78289758492825,residential,48.81818181818182,36.61363636363637,4.924772335871804,1.6415907786239332,0.3,Phan Kế Bính,"[[106.698123, 10.791006], [106.698384, 10.790774], [106.698498, 10.790667], [106.698571, 10.790598]]"
308,411925891,2230414268,False,34.26913920993029,residential,48.81818181818182,36.61363636363637,2.527109707101004,0.8423699023670013,0.3,Phan Kế Bính,"[[106.699141, 10.790083], [106.69937, 10.789872]]"
309,411925891,411926704,False,97.6384777235738,residential,48.81818181818182,36.61363636363637,7.200155899168572,2.4000519663895217,0.3,Nguyễn Văn Thủ,"[[106.699141, 10.790083], [106.698538, 10.789435]]"
310,411925891,7931552059,False,84.56150198644988,residential,48.81818181818182,36.61363636363637,6.23582025821865,2.078606752739549,0.3,Phan Kế Bính,"[[106.699141, 10.790083], [106.698837, 10.790359], [106.698571, 10.790598]]"
311,411925891,14068910959,False,35.620571558176984,residential,48.81818181818182,36.61363636363637,2.6267684054074647,0.8755894684691543,0.3,Nguyễn Văn Thủ,"[[106.699141, 10.790083], [106.699366, 10.790316]]"
312,411918504,411926524,False,91.53438806099642,residential,48.81818181818182,36.61363636363637,6.750021912877949,2.250007304292647,0.3,Đường Hoà Mỹ,"[[106.695848, 10.790849], [106.696183, 10.79156], [106.6962, 10.791596]]"
313,411926524,6637081017,True,38.38415304421923,primary,55.900735294117645,27.950367647058822,2.4719344071620832,2.4719344071620832,0.8,Đinh Tiên Hoàng,"[[106.6962, 10.791596], [106.695945, 10.791833]]"
314,411926524,411918504,False,91.53438806099642,residential,48.81818181818182,36.61363636363637,6.750021912877949,2.250007304292647,0.3,Đường Hoà Mỹ,"[[106.6962, 10.791596], [106.696183, 10.79156], [106.695848, 10.790849]]"
315,411918572,2403044879,False,7.380923328597414,primary,55.900735294117645,27.950367647058822,0.4753304915069115,0.4753304915069115,0.8,Nguyễn Thị Minh Khai,"[[106.704505, 10.789622], [106.704455, 10.789667]]"
316,411918572,14068910981,True,144.38255410645263,primary,55.900735294117645,27.950367647058822,9.298217492998251,9.298217492998251,0.8,Nguyễn Thị Minh Khai,"[[106.704505, 10.789622], [106.705406, 10.790575]]"
317,14068910981,728690560,True,65.33759892642811,primary,55.900735294117645,27.950367647058822,4.207732776636528,4.207732776636528,0.8,Nguyễn Thị Minh Khai,"[[106.705406, 10.790575], [106.705583, 10.790763], [106.705815, 10.791005]]"
318,2403044880,411925985,False,7.159305578468264,primary,55.900735294117645,27.950367647058822,0.4610583375492355,0.4610583375492355,0.8,Nguyễn Bỉnh Khiêm,"[[106.703495, 10.788649], [106.703544, 10.788606]]"
319,2403044880,2403044878,True,65.94755419858775,primary,55.900735294117645,27.950367647058822,4.247013815932728,4.247013815932728,0.8,Nguyễn Thị Minh Khai,"[[106.703495, 10.788649], [106.70308, 10.788219]]"
320,411918577,411925958,False,123.9332165171692,residential,48.81818181818182,36.61363636363637,9.139209262718625,3.046403087572872,0.3,Thái Văn Lung,"[[106.705315, 10.778656], [106.706155, 10.777907]]"
321,411918577,411925940,True,37.28361533317795,residential,48.81818181818182,36.61363636363637,2.7494062703796027,0.9164687567932006,0.3,Đường Thái Văn Lung,"[[106.705315, 10.778656], [106.705058, 10.778876]]"
322,411918577,14068910979,False,142.3066929650225,residential,50.0,37.5,10.24608189348162,3.4153606311605422,0.3,Nguyễn Siêu,"[[106.705315, 10.778656], [106.706071, 10.779462], [106.706195, 10.779603]]"
323,411925958,411918577,False,123.9332165171692,residential,48.81818181818182,36.61363636363637,9.139209262718625,3.046403087572872,0.3,Thái Văn Lung,"[[106.706155, 10.777907], [106.705315, 10.778656]]"
324,411925940,411925939,True,81.52849851218173,residential,48.81818181818182,36.61363636363637,6.012157432183233,2.00405247739441,0.3,Cao Bá Quát,"[[106.705058, 10.778876], [106.704554, 10.778335]]"
325,411925940,4605180970,True,66.61985791301528,residential,48.81818181818182,36.61363636363637,4.912749298613417,1.637583099537805,0.3,Đường Thái Văn Lung,"[[106.705058, 10.778876], [106.704599, 10.77927]]"
326,14068910979,411926043,False,133.15366474131653,residential,50.0,37.5,9.58706386137479,3.1956879537915963,0.3,Nguyễn Siêu,"[[106.706195, 10.779603], [106.706246, 10.779661], [106.706421, 10.779861], [106.70647, 10.779917], [106.706993, 10.780513]]"
327,14068910979,411918577,False,142.3066929650225,residential,50.0,37.5,10.24608189348162,3.4153606311605422,0.3,Nguyễn Siêu,"[[106.706195, 10.779603], [106.706071, 10.779462], [106.705315, 10.778656]]"
328,411925939,411925934,True,36.60512826287075,residential,50.0,37.5,2.635569234926694,0.8785230783088984,0.3,Thi Sách,"[[106.704554, 10.778335], [106.704796, 10.778108]]"
329,411925939,411926702,True,107.96577750808454,residential,48.81818181818182,36.61363636363637,7.961722140260983,2.653907380086993,0.3,Cao Bá Quát,"[[106.704554, 10.778335], [106.703886, 10.777619]]"
330,4605180970,411926596,True,86.39391129181614,residential,48.81818181818182,36.61363636363637,6.3709476483350445,2.123649216111681,0.3,Đường Thái Văn Lung,"[[106.704599, 10.77927], [106.704228, 10.779586], [106.704002, 10.779781]]"
331,4605180970,5742669198,False,25.52787753614689,residential,48.81818181818182,36.61363636363637,1.8825027009896032,0.6275009003298677,0.3,Hẻm 8A Đường Thái Văn Lung,"[[106.704599, 10.77927], [106.704622, 10.779296], [106.704755, 10.779441]]"
332,411926043,9690705590,False,92.14779951703892,residential,50.0,37.5,6.634641565226802,2.211547188408935,0.3,Ngô Văn Năm,"[[106.706993, 10.780513], [106.70774, 10.780129]]"
333,411926043,411926038,False,92.29089485436305,residential,48.81818181818182,36.61363636363637,6.805809006020068,2.2686030020066887,0.3,Ngô Văn Năm,"[[106.706993, 10.780513], [106.706844, 10.780586], [106.706504, 10.780753], [106.706429, 10.781037]]"
334,411926043,14068910979,False,133.15366474131653,residential,50.0,37.5,9.58706386137479,3.1956879537915963,0.3,Nguyễn Siêu,"[[106.706993, 10.780513], [106.70647, 10.779917], [106.706421, 10.779861], [106.706246, 10.779661], [106.706195, 10.779603]]"
335,9690705590,411926043,False,92.14779951703892,residential,50.0,37.5,6.634641565226802,2.211547188408935,0.3,Ngô Văn Năm,"[[106.70774, 10.780129], [106.706993, 10.780513]]"
336,9690705590,5742670239,True,220.14177365959907,primary,50.0,25.0,15.850207703491131,15.850207703491131,0.8,Tôn Đức Thắng,"[[106.70774, 10.780129], [106.707701, 10.77999], [106.707615, 10.77968], [106.707538, 10.779421], [106.707519, 10.779358], [106.707506, 10.779311], [106.707428, 10.779036], [106.707377, 10.778856], [106.707346, 10.77874], [106.707205, 10.77822]]"
337,411926038,411926043,False,92.29089485436305,residential,48.81818181818182,36.61363636363637,6.805809006020068,2.2686030020066887,0.3,Ngô Văn Năm,"[[106.706429, 10.781037], [106.706504, 10.780753], [106.706844, 10.780586], [106.706993, 10.780513]]"
338,411926038,10945326765,True,66.01071259425746,residential,50.0,37.5,4.752771306786537,1.5842571022621792,0.3,Ngô Văn Năm,"[[106.706429, 10.781037], [106.706395, 10.781112], [106.706266, 10.781222], [106.706105, 10.781344], [106.705961, 10.781371]]"
339,411918626,411918627,False,65.13437139914338,residential,48.81818181818182,36.61363636363637,4.80320504172454,1.6010683472415126,0.3,Hẻm 5 Nguyễn Siêu,"[[106.704781, 10.777232], [106.704347, 10.777634]]"
340,411918627,411918626,False,65.13437139914338,residential,48.81818181818182,36.61363636363637,4.80320504172454,1.6010683472415126,0.3,Hẻm 5 Nguyễn Siêu,"[[106.704347, 10.777634], [106.704781, 10.777232]]"
341,411918627,411925934,True,72.01189269602881,residential,48.81818181818182,36.61363636363637,5.310374209986482,1.7701247366621595,0.3,Nguyễn Siêu,"[[106.704347, 10.777634], [106.704796, 10.778108]]"
342,411925934,411919045,True,141.7562407535771,residential,50.0,37.5,10.20644933425755,3.4021497780858514,0.3,Thi Sách,"[[106.704796, 10.778108], [106.705734, 10.777227]]"
343,411925934,411918577,True,83.18895336720225,residential,48.81818181818182,36.61363636363637,6.134604382385864,2.044868127461954,0.3,Nguyễn Siêu,"[[106.704796, 10.778108], [106.705315, 10.778656]]"
344,411919045,411926393,False,103.73503185102548,residential,48.81818181818182,36.61363636363637,7.6497341923661235,2.5499113974553733,0.3,Đông Du,"[[106.705734, 10.777227], [106.705517, 10.776993], [106.705405, 10.776872], [106.705097, 10.776535]]"
345,411919045,2036083527,True,159.1950997692509,residential,48.81818181818182,36.61363636363637,11.739526910358167,3.913175636786054,0.3,Thi Sách,"[[106.705734, 10.777227], [106.7058, 10.777133], [106.705882, 10.776923], [106.706103, 10.776353], [106.706254, 10.775957], [106.706274, 10.775901]]"
346,411926591,411918668,False,7.542776059865227,tertiary,50.0,32.5,0.5430798763102963,0.2924276257055443,0.5,Đường Trần Ðình Xu,"[[106.689719, 10.761627], [106.68966, 10.761662]]"
347,411926591,12295939945,False,9.447681134052536,tertiary,50.0,32.5,0.6802330416517826,0.3662793301201907,0.5,Đường Trần Ðình Xu,"[[106.689719, 10.761627], [106.689793, 10.761582]]"
348,411926591,6786749263,True,87.95933196409452,primary,60.0,30.0,5.277559917845671,5.277559917845671,0.8,Trần Hưng Đạo,"[[106.689719, 10.761627], [106.689387, 10.761249], [106.689264, 10.761112], [106.689202, 10.761041], [106.689191, 10.761029]]"
349,6789210645,2032267468,True,29.05019999491117,primary,50.0,25.0,2.0916143996336047,2.0916143996336047,0.8,Trần Hưng Đạo,"[[106.689141, 10.761069], [106.688966, 10.760873]]"
350,6789210645,6786749263,False,7.083332968870223,primary_link,50.0,25.0,0.509999973758656,0.509999973758656,0.8,,"[[106.689141, 10.761069], [106.689191, 10.761029]]"
351,12295939945,411926591,False,9.447681134052536,tertiary,50.0,32.5,0.6802330416517826,0.3662793301201907,0.5,Đường Trần Ðình Xu,"[[106.689793, 10.761582], [106.689719, 10.761627]]"
352,12295939945,12295939946,False,9.8137385993039,tertiary,50.0,32.5,0.7065891791498808,0.3804710964653206,0.5,Đường Trần Ðình Xu,"[[106.689793, 10.761582], [106.689871, 10.761538]]"
353,12295939945,9404261879,True,92.36375079941328,primary,55.900735294117645,27.950367647058822,5.948213402353535,5.948213402353535,0.8,Trần Hưng Đạo,"[[106.689793, 10.761582], [106.689847, 10.761641], [106.690046, 10.761868], [106.69035, 10.762207]]"
354,6786749263,6789210645,False,7.083332968870223,primary_link,50.0,25.0,0.509999973758656,0.509999973758656,0.8,,"[[106.689191, 10.761029], [106.689141, 10.761069]]"
355,6786749263,6760665400,False,10.409447699637122,primary_link,50.0,25.0,0.7494802343738728,0.7494802343738728,0.8,,"[[106.689191, 10.761029], [106.689265, 10.76097]]"
356,6786749263,6789210647,True,66.17762008708848,primary,60.0,30.0,3.970657205225309,3.970657205225309,0.8,Trần Hưng Đạo,"[[106.689191, 10.761029], [106.689154, 10.760988], [106.689012, 10.760831], [106.688797, 10.760578]]"
357,411918706,6639674954,True,43.31555802819168,primary,55.900735294117645,27.950367647058822,2.7895162394742057,2.7895162394742057,0.8,Nguyễn Thị Minh Khai,"[[106.689521, 10.77362], [106.689565, 10.773698], [106.689771, 10.773919]]"
358,6639674954,11135547226,True,290.2572933588606,primary,55.900735294117645,27.950367647058822,18.692531513120443,18.692531513120443,0.8,Nguyễn Thị Minh Khai,"[[106.689771, 10.773919], [106.689926, 10.774083], [106.69053, 10.774707], [106.690554, 10.774731], [106.690611, 10.77479], [106.690681, 10.774884], [106.691538, 10.77579], [106.691529, 10.775847]]"
359,11135547226,12157150905,False,20.70682128807856,primary,55.900735294117645,27.950367647058822,1.3335165672664602,1.3335165672664602,0.8,Nguyễn Thị Minh Khai,"[[106.691529, 10.775847], [106.691558, 10.775881], [106.691659, 10.775983]]"
360,411918711,411918713,False,90.37101923649978,residential,48.81818181818182,36.61363636363637,6.6642315861552905,2.2214105287184296,0.3,Trần Khánh Dư,"[[106.690998, 10.794381], [106.690183, 10.79424]]"
361,411918711,411926012,False,176.0529356006529,residential,48.81818181818182,36.61363636363637,12.982674580606805,4.327558193535602,0.3,Trần Khắc Chân,"[[106.690998, 10.794381], [106.691014, 10.7943], [106.691035, 10.794197], [106.691062, 10.794077], [106.691079, 10.793985], [106.691098, 10.793818], [106.691121, 10.793663], [106.691161, 10.793442], [106.691199, 10.793231], [106.691229, 10.793063], [106.691273, 10.792822]]"
362,411918711,411921650,False,100.7100635182274,residential,48.81818181818182,36.61363636363637,7.426663901902803,2.475554633967599,0.3,Hẻm 53 Trần Khánh Dư,"[[106.690998, 10.794381], [106.6911, 10.7944], [106.691267, 10.794431], [106.691537, 10.794484], [106.691903, 10.794554]]"
363,411918711,411919667,False,118.9876120637994,residential,48.81818181818182,36.61363636363637,8.774505470626549,2.9248351568755133,0.3,Trần Khắc Chân,"[[106.690998, 10.794381], [106.690934, 10.794693], [106.6909, 10.794872], [106.690866, 10.795063], [106.690832, 10.795238], [106.690806, 10.795434]]"
364,411921650,411918711,False,100.7100635182274,residential,48.81818181818182,36.61363636363637,7.426663901902803,2.475554633967599,0.3,Hẻm 53 Trần Khánh Dư,"[[106.691903, 10.794554], [106.691537, 10.794484], [106.691267, 10.794431], [106.6911, 10.7944], [106.690998, 10.794381]]"
365,411919667,864423474,True,125.59134455889075,tertiary,52.66233766233766,34.23051948051948,8.585430508440078,4.622924119929273,0.5,Hoàng Sa,"[[106.690806, 10.795434], [106.690992, 10.795436], [106.691153, 10.795394], [106.691272, 10.795342], [106.691384, 10.795262], [106.691523, 10.795176], [106.691726, 10.795004], [106.691822, 10.795006]]"
366,411919667,411918711,False,118.98761206379942,residential,48.81818181818182,36.61363636363637,8.774505470626549,2.924835156875515,0.3,Trần Khắc Chân,"[[106.690806, 10.795434], [106.690832, 10.795238], [106.690866, 10.795063], [106.6909, 10.794872], [106.690934, 10.794693], [106.690998, 10.794381]]"
367,411919688,2231313563,False,37.37993283729836,tertiary,52.66233766233766,34.23051948051948,2.5552940524042183,1.3759275666791946,0.5,Hoàng Sa,"[[106.689978, 10.795386], [106.689642, 10.795323]]"
368,411919688,411919667,True,91.64184471283926,tertiary,52.66233766233766,34.23051948051948,6.264641024512711,3.3732682439683828,0.5,Hoàng Sa,"[[106.689978, 10.795386], [106.690028, 10.795361], [106.69037, 10.795414], [106.690806, 10.795434]]"
369,411919688,411918713,False,129.46473348652225,residential,48.81818181818182,36.61363636363637,9.547120011296611,3.18237333709887,0.3,Hẻm 53/1 Trần Khánh Dư,"[[106.689978, 10.795386], [106.690043, 10.795112], [106.69008, 10.794917], [106.690109, 10.794736], [106.690134, 10.794563], [106.690183, 10.79424]]"
370,411926019,13983865129,False,243.4330092817383,tertiary,52.66233766233766,34.23051948051948,16.64109252105989,8.960588280570711,0.5,Trần Quang Khải,"[[106.691493, 10.79191], [106.692237, 10.79207], [106.692745, 10.792159], [106.693634, 10.792315], [106.693681, 10.792323]]"
371,411926019,411925901,False,103.3361174498566,residential,48.81818181818182,36.61363636363637,7.620317040995011,2.5401056803316697,0.3,Nguyễn Hữu Cầu,"[[106.691493, 10.79191], [106.691492, 10.791814], [106.691485, 10.791749], [106.691148, 10.791087], [106.691135, 10.791062]]"
372,411926019,411926012,False,105.42912576369,residential,48.81818181818182,36.61363636363637,7.77466178816038,2.5915539293867926,0.3,Trần Khắc Chân,"[[106.691493, 10.79191], [106.691416, 10.792016], [106.691407, 10.792059], [106.691367, 10.792285], [106.691273, 10.792822]]"
373,411926019,411926140,False,181.21819662167425,tertiary,52.66233766233766,34.23051948051948,12.388084859069814,6.670507231806823,0.5,Trần Quang Khải,"[[106.691493, 10.79191], [106.691005, 10.791856], [106.690752, 10.791808], [106.689961, 10.791685], [106.689852, 10.791668]]"
374,864423474,411919688,True,221.85324681725223,tertiary,52.66233766233766,34.23051948051948,15.165898894634356,8.16625325095696,0.5,Hoàng Sa,"[[106.691822, 10.795006], [106.69179, 10.795078], [106.691573, 10.795234], [106.691305, 10.795402], [106.691047, 10.795492], [106.690808, 10.795514], [106.690741, 10.795514], [106.690372, 10.795469], [106.690016, 10.795422], [106.689978, 10.795386]]"
375,864423474,2231006702,False,161.40092924644958,tertiary,52.66233766233766,34.23051948051948,11.033375483875664,5.941048337471512,0.5,Hoàng Sa,"[[106.691822, 10.795006], [106.692071, 10.794806], [106.692375, 10.794607], [106.692473, 10.794556], [106.692571, 10.794531], [106.692731, 10.794497], [106.692822, 10.794503], [106.693144, 10.794541]]"
376,2231313563,5764862096,False,39.96501306546321,residential,48.81818181818182,36.61363636363637,2.947140628291142,0.9823802094303802,0.3,Hẻm 219 Hoàng Sa,"[[106.689642, 10.795323], [106.689704, 10.794969]]"
377,2231313563,411919688,False,37.37993283729836,tertiary,52.66233766233766,34.23051948051948,2.5552940524042183,1.3759275666791946,0.5,Hoàng Sa,"[[106.689642, 10.795323], [106.689978, 10.795386]]"
378,2231313563,411919664,False,45.505858732647496,tertiary,52.66233766233766,34.23051948051948,3.1107827473957794,1.675036863982343,0.5,Hoàng Sa,"[[106.689642, 10.795323], [106.689234, 10.795244]]"
379,411918767,4605453644,False,146.80719452581346,residential,50.0,37.5,10.57011800585857,3.5233726686195226,0.3,Hàn Thuyên,"[[106.698826, 10.779612], [106.698228, 10.778984], [106.698206, 10.778961], [106.698092, 10.778841], [106.697909, 10.778647]]"
380,411918767,14068911040,True,3.525868324185153,tertiary,50.0,32.5,0.253862519341331,0.1366952027222551,0.5,Công trường Công xã Paris,"[[106.698826, 10.779612], [106.698849, 10.779591]]"
381,4605453644,411918850,False,142.72695952827107,residential,50.0,37.5,10.276341086035517,3.425447028678507,0.3,Hàn Thuyên,"[[106.697909, 10.778647], [106.697803, 10.778536], [106.697018, 10.777708]]"
382,4605453644,411918767,False,146.80719452581346,residential,50.0,37.5,10.57011800585857,3.5233726686195226,0.3,Hàn Thuyên,"[[106.697909, 10.778647], [106.698092, 10.778841], [106.698206, 10.778961], [106.698228, 10.778984], [106.698826, 10.779612]]"
383,4605453644,6858588489,True,79.65027563608952,secondary,60.0,36.0,4.77901653816537,3.186011025443581,0.6,Pasteur,"[[106.697909, 10.778647], [106.697798, 10.778748], [106.697633, 10.7789], [106.697415, 10.7791], [106.697378, 10.779138]]"
384,14068911040,2408529960,True,136.1339978361909,tertiary,50.0,32.5,9.801647844205744,5.277810377649249,0.5,Công trường Công xã Paris,"[[106.698849, 10.779591], [106.699134, 10.779332], [106.699196, 10.779277], [106.699448, 10.779055], [106.699774, 10.778767]]"
385,411918850,4605453644,False,142.72695952827107,residential,50.0,37.5,10.276341086035517,3.425447028678507,0.3,Hàn Thuyên,"[[106.697018, 10.777708], [106.697803, 10.778536], [106.697909, 10.778647]]"
386,411918850,14068911012,True,70.4712911483609,secondary,53.97590361445784,32.3855421686747,4.700183436413,3.1334556242753324,0.6,Nam Kỳ Khởi Nghĩa,"[[106.697018, 10.777708], [106.697058, 10.777671], [106.697268, 10.777477], [106.697275, 10.777471], [106.697489, 10.777272]]"
387,6858588489,411918866,True,83.06096821604348,secondary,60.0,36.0,4.983658092962608,3.322438728641739,0.6,Pasteur,"[[106.697378, 10.779138], [106.697245, 10.779254], [106.696816, 10.779641]]"
388,6858588489,12920957278,False,132.81698491345324,secondary,53.97590361445784,32.3855421686747,8.85841854735264,5.90561236490176,0.6,Lê Duẩn,"[[106.697378, 10.779138], [106.698186, 10.779994], [106.698205, 10.780014]]"
389,6858588489,14068910969,False,60.02451199652506,secondary,53.97590361445784,32.3855421686747,4.003420576911092,2.6689470512740607,0.6,Lê Duẩn,"[[106.697378, 10.779138], [106.697253, 10.779006], [106.697004, 10.778742]]"
390,2408529960,6859935900,False,28.488242113583507,tertiary,52.66233766233766,34.23051948051948,1.947457635976658,1.048631034756662,0.5,Nguyễn Du,"[[106.699774, 10.778767], [106.699946, 10.778959]]"
391,2408529960,411919306,True,147.76801450915386,tertiary,52.66233766233766,34.23051948051948,10.101428760033896,5.439230870787483,0.5,Nguyễn Du,"[[106.699774, 10.778767], [106.699685, 10.778672], [106.699326, 10.778276], [106.698872, 10.777776]]"
392,6859935900,2408529960,False,28.488242113583507,tertiary,52.66233766233766,34.23051948051948,1.947457635976658,1.048631034756662,0.5,Nguyễn Du,"[[106.699946, 10.778959], [106.699774, 10.778767]]"
393,6859935900,411926201,False,34.1309857441283,tertiary,52.66233766233766,34.23051948051948,2.3331958688711136,1.2563362370844455,0.5,Nguyễn Du,"[[106.699946, 10.778959], [106.700153, 10.779189]]"
394,6859935900,411926380,True,163.37338120622755,tertiary,60.0,39.0,9.802402872373651,5.278216931278122,0.5,Ðồng Khởi,"[[106.699946, 10.778959], [106.700048, 10.778864], [106.700197, 10.778727], [106.700948, 10.778032], [106.701035, 10.777952]]"
395,411919306,411926696,True,145.72054186989828,tertiary,52.66233766233766,34.23051948051948,9.961463429429298,5.363864923538852,0.5,Nguyễn Du,"[[106.698872, 10.777776], [106.698604, 10.777482], [106.698465, 10.777331], [106.698047, 10.776868], [106.697983, 10.776799]]"
396,411919306,4605453644,True,143.0466329702172,secondary,60.0,36.0,8.58279797821303,5.721865318808689,0.6,Pasteur,"[[106.698872, 10.777776], [106.698459, 10.778152], [106.69836, 10.778238], [106.698019, 10.778546], [106.697909, 10.778647]]"
397,411918773,7514003739,True,33.95436313958788,tertiary,52.66233766233766,34.23051948051948,2.3211219389133806,1.249834890184128,0.5,Công trường Công xã Paris,"[[106.698875, 10.780351], [106.698799, 10.780377], [106.6987, 10.780361], [106.698578, 10.780316]]"
398,411918773,12721904611,True,32.141072354050685,tertiary,52.66233766233766,34.23051948051948,2.197165291379248,1.1830890030503638,0.5,Lê Duẩn,"[[106.698875, 10.780351], [106.698858, 10.780456], [106.698859, 10.780567], [106.698861, 10.780638]]"
399,7514003739,7514003752,True,6.339868398242887,secondary,53.97590361445784,32.3855421686747,0.422846579775664,0.2818977198504426,0.6,,"[[106.698578, 10.780316], [106.698561, 10.780339], [106.698536, 10.780354]]"
400,12721904611,10978360608,True,32.94414691660693,secondary,53.97590361445784,32.3855421686747,2.197256941670123,1.4648379611134152,0.6,Lê Duẩn,"[[106.698861, 10.780638], [106.69897, 10.78075], [106.699067, 10.780855]]"
401,7514003752,12721904606,False,3.2320954758524465,secondary,53.97590361445784,32.3855421686747,0.2155692250412301,0.1437128166941534,0.6,Lê Duẩn,"[[106.698536, 10.780354], [106.698556, 10.780375]]"
402,7514003752,7514003740,True,8.702623492121486,secondary,53.97590361445784,32.3855421686747,0.580433906126317,0.3869559374175446,0.6,,"[[106.698536, 10.780354], [106.698517, 10.780358], [106.698497, 10.780356], [106.698478, 10.78035], [106.698462, 10.780338]]"
403,10978360608,10978330104,False,9.016201834609763,secondary,53.97590361445784,32.3855421686747,0.6013484616476333,0.4008989744317556,0.6,,"[[106.699067, 10.780855], [106.699005, 10.780909]]"
404,10978360608,10978360614,True,38.740434366263095,secondary,53.97590361445784,32.3855421686747,2.583848613535584,1.7225657423570555,0.6,Lê Duẩn,"[[106.699067, 10.780855], [106.699133, 10.780922], [106.699305, 10.781113]]"
405,411918777,7794718945,False,13.849753652798851,residential,48.81818181818182,36.61363636363637,1.021322615737122,0.3404408719123739,0.3,Hẻm 27 Võ Thị Sáu,"[[106.695346, 10.790675], [106.695257, 10.790764]]"
406,7794718945,411918777,False,13.849753652798851,residential,48.81818181818182,36.61363636363637,1.021322615737122,0.3404408719123739,0.3,Hẻm 27 Võ Thị Sáu,"[[106.695257, 10.790764], [106.695346, 10.790675]]"
407,7794718945,411921783,False,36.59670853376279,residential,48.81818181818182,36.61363636363637,2.6987516907579265,0.8995838969193084,0.3,Hẻm 27 Võ Thị Sáu,"[[106.695257, 10.790764], [106.695115, 10.790907], [106.69506, 10.790951], [106.695013, 10.790989]]"
408,7794718945,9577366644,False,49.24515494064924,residential,48.81818181818182,36.61363636363637,3.631486286126089,1.2104954287086964,0.3,,"[[106.695257, 10.790764], [106.695368, 10.790867], [106.695616, 10.790704]]"
409,9577366644,7794718945,False,49.24515494064924,residential,48.81818181818182,36.61363636363637,3.631486286126089,1.2104954287086964,0.3,,"[[106.695616, 10.790704], [106.695368, 10.790867], [106.695257, 10.790764]]"
410,411918789,2036082816,True,31.22720603756705,primary,55.900735294117645,27.950367647058822,2.0110279613275672,2.0110279613275672,0.8,Công trường Mê Linh,"[[106.706703, 10.775573], [106.706677, 10.775654], [106.706648, 10.775716], [106.706601, 10.775772], [106.706555, 10.775804]]"
411,411918789,14068910973,True,78.47716007372458,primary,50.0,25.0,5.65035552530817,5.65035552530817,0.8,Tôn Đức Thắng,"[[106.706703, 10.775573], [106.706728, 10.775778], [106.706741, 10.775891], [106.70677, 10.776083], [106.706778, 10.776137], [106.706809, 10.776274]]"
412,2036082816,411918805,True,26.637876394159424,primary,50.0,25.0,1.9179271003794784,1.9179271003794784,0.8,Công trường Mê Linh,"[[106.706555, 10.775804], [106.706432, 10.775808], [106.706312, 10.775795]]"
413,14068910973,9622589906,True,219.0460144925752,primary,50.0,25.0,15.771313043465412,15.771313043465412,0.8,Tôn Đức Thắng,"[[106.706809, 10.776274], [106.706826, 10.776349], [106.706862, 10.77649], [106.706939, 10.776791], [106.706977, 10.776941], [106.707088, 10.777375], [106.707302, 10.778193]]"
414,411918805,411918803,True,30.052592778322825,primary,50.0,25.0,2.163786680039243,2.163786680039243,0.8,Công trường Mê Linh,"[[106.706312, 10.775795], [106.70622, 10.775759], [106.706144, 10.775711], [106.706082, 10.775653]]"
415,9622589906,5742670239,False,11.039852155755831,primary_link,50.0,25.0,0.7948693552144198,0.7948693552144198,0.8,,"[[106.707302, 10.778193], [106.707205, 10.77822]]"
416,9622589906,9582474882,True,348.6981663205693,primary,55.0,27.5,22.82387997734636,22.82387997734636,0.8,Tôn Đức Thắng,"[[106.707302, 10.778193], [106.707285, 10.778291], [106.707293, 10.778355], [106.707322, 10.778491], [106.707419, 10.778835], [106.707559, 10.779344], [106.70765, 10.779653], [106.707738, 10.779969], [106.707748, 10.780003], [106.707778, 10.78011], [106.707795, 10.780169], [106.707925, 10.78064], [106.707939, 10.780713], [106.707939, 10.780782], [106.707932, 10.780862], [106.707918, 10.780923], [106.707886, 10.781004], [106.707833, 10.781102], [106.707787, 10.781145], [106.707744, 10.781184]]"
417,9622589906,9591639720,True,312.91178872590075,secondary_link,50.0,30.0,22.52964878826485,15.019765858843233,0.6,Nhánh N1,"[[106.707302, 10.778193], [106.707349, 10.778359], [106.707864, 10.780168], [106.707888, 10.780231], [106.707918, 10.780286], [106.70796, 10.780339], [106.708008, 10.78038], [106.708056, 10.780408], [106.708106, 10.780428], [106.70816, 10.780439], [106.708217, 10.780443], [106.708278, 10.78044], [106.708337, 10.78043], [106.708449, 10.780407], [106.708505, 10.780405]]"
418,5742670239,9622589906,False,11.039852155755831,primary_link,50.0,25.0,0.7948693552144198,0.7948693552144198,0.8,,"[[106.707205, 10.77822], [106.707302, 10.778193]]"
419,5742670239,7902006422,True,256.7270936497361,primary,50.0,25.0,18.484350742781,18.484350742781,0.8,Tôn Đức Thắng,"[[106.707205, 10.77822], [106.707145, 10.777997], [106.707012, 10.777501], [106.706986, 10.777402], [106.706949, 10.777264], [106.7069, 10.777052], [106.706879, 10.776961], [106.706806, 10.776645], [106.706775, 10.776511], [106.706711, 10.776229], [106.706682, 10.776101], [106.70667, 10.776049], [106.70665, 10.775977]]"
420,9582474882,13521117630,True,49.86018773037138,primary,60.0,30.0,2.9916112638222825,2.9916112638222825,0.8,Tôn Đức Thắng,"[[106.707744, 10.781184], [106.707486, 10.781422], [106.707461, 10.781445], [106.707435, 10.78147], [106.707411, 10.781492]]"
421,411918792,14068910943,True,36.274465752573136,primary,60.0,30.0,2.176467945154388,2.176467945154388,0.8,Tôn Đức Thắng,"[[106.706658, 10.774944], [106.706667, 10.77505], [106.706674, 10.775168], [106.706678, 10.775213], [106.706682, 10.775271]]"
422,14068910943,411918789,True,33.53369212948454,primary,60.0,30.0,2.0120215277690723,2.0120215277690723,0.8,Tôn Đức Thắng,"[[106.706682, 10.775271], [106.706698, 10.77549], [106.706702, 10.77552], [106.706703, 10.775573]]"
423,411918796,2036082855,False,13.329378176222232,residential,50.0,37.5,0.9597152286880006,0.3199050762293336,0.3,Ngô Ðức Kế,"[[106.706236, 10.774823], [106.706182, 10.774716]]"
424,411918796,2036083066,True,23.49972068066144,primary,50.0,25.0,1.6919798890076236,1.6919798890076236,0.8,Công trường Mê Linh,"[[106.706236, 10.774823], [106.706305, 10.7748], [106.706366, 10.774788], [106.706445, 10.774778]]"
425,2036083066,411918792,True,31.274118459770527,primary,50.0,25.0,2.251736529103478,2.251736529103478,0.8,Công trường Mê Linh,"[[106.706445, 10.774778], [106.706508, 10.77479], [106.706579, 10.774831], [106.706627, 10.774887], [106.706658, 10.774944]]"
426,2036083066,2036083610,True,19.300431529807103,primary,60.0,30.0,1.1580258917884263,1.1580258917884263,0.8,Tôn Ðức Thắng,"[[106.706445, 10.774778], [106.706491, 10.774739], [106.706523, 10.774685], [106.706528, 10.774633]]"
427,2036083610,2036083298,True,183.7941700634988,primary,60.0,30.0,11.027650203809923,11.027650203809923,0.8,Tôn Ðức Thắng,"[[106.706528, 10.774633], [106.706457, 10.773626], [106.706419, 10.77319], [106.706401, 10.772985]]"
428,411918803,6747172989,False,11.682852793586,primary,55.900735294117645,27.950367647058822,0.752374183194963,0.752374183194963,0.8,Hai Bà Trưng,"[[106.706082, 10.775653], [106.706003, 10.775724]]"
429,411918803,411918812,True,39.98320626918083,primary,50.0,25.0,2.87879085138102,2.87879085138102,0.8,Công trường Mê Linh,"[[106.706082, 10.775653], [106.706025, 10.775586], [106.705979, 10.775505], [106.705949, 10.775418], [106.705933, 10.775332]]"
430,6747172989,411918803,False,11.682852793586,primary,55.900735294117645,27.950367647058822,0.752374183194963,0.752374183194963,0.8,Hai Bà Trưng,"[[106.706003, 10.775724], [106.706082, 10.775653]]"
431,6747172989,411925962,False,70.48376293226124,primary,55.900735294117645,27.950367647058822,4.539145061708005,4.539145061708005,0.8,Hai Bà Trưng,"[[106.706003, 10.775724], [106.70592, 10.775798], [106.705712, 10.775982], [106.705522, 10.776146]]"
432,6747172989,6747172986,True,47.56903279740123,residential,40.0,30.0,4.28121295176611,1.4270709839220368,0.3,Công trường Mê Linh,"[[106.706003, 10.775724], [106.705951, 10.775657], [106.705944, 10.775645], [106.705899, 10.775578], [106.705848, 10.775468], [106.705838, 10.775428], [106.705825, 10.775341]]"
433,411918812,6747172986,False,11.90594077015801,residential,50.0,37.5,0.8572277354513766,0.2857425784837923,0.3,Phan Văn Ðạt,"[[106.705933, 10.775332], [106.705825, 10.775341]]"
434,411918812,411918810,True,40.78976624838504,primary,50.0,25.0,2.9368631698837224,2.9368631698837224,0.8,Công trường Mê Linh,"[[106.705933, 10.775332], [106.705931, 10.775254], [106.705945, 10.775172], [106.705965, 10.775103], [106.70599, 10.775045], [106.70603, 10.774986]]"
435,411925962,411926010,False,109.2718193142326,residential,50.0,37.5,7.867570990624747,2.622523663541584,0.3,Mạc Thị Bưởi,"[[106.705522, 10.776146], [106.70484, 10.775427]]"
436,411925962,411926393,False,63.42135073379482,primary,60.0,30.0,3.8052810440276894,3.8052810440276894,0.8,Hai Bà Trưng,"[[106.705522, 10.776146], [106.705097, 10.776535]]"
437,411925962,6747172989,False,70.48376293226124,primary,55.900735294117645,27.950367647058822,4.539145061708005,4.539145061708005,0.8,Hai Bà Trưng,"[[106.705522, 10.776146], [106.705712, 10.775982], [106.70592, 10.775798], [106.706003, 10.775724]]"
438,6747172986,411918812,False,11.90594077015801,residential,50.0,37.5,0.8572277354513766,0.2857425784837923,0.3,Phan Văn Ðạt,"[[106.705825, 10.775341], [106.705933, 10.775332]]"
439,6747172986,6747199447,True,49.84627920997752,residential,40.0,30.0,4.486165128897977,1.4953883762993252,0.3,Công trường Mê Linh,"[[106.705825, 10.775341], [106.705823, 10.775235], [106.705838, 10.775149], [106.705861, 10.775072], [106.705892, 10.774992], [106.705939, 10.774916]]"
440,6747172986,411926010,False,107.975551445529,residential,50.0,37.5,7.774239704078087,2.591413234692697,0.3,Phan Văn Ðạt,"[[106.705825, 10.775341], [106.705733, 10.775349], [106.705526, 10.775367], [106.70484, 10.775427]]"
441,411918810,6747199447,False,12.680175039770337,residential,50.0,37.5,0.9129726028634642,0.3043242009544882,0.3,Hồ Huấn Nghiệp,"[[106.70603, 10.774986], [106.705939, 10.774916]]"
442,411918810,411918796,True,29.06604410520652,primary,50.0,25.0,2.0927551755748697,2.0927551755748697,0.8,Công trường Mê Linh,"[[106.70603, 10.774986], [106.706088, 10.774924], [106.706162, 10.774866], [106.706236, 10.774823]]"
443,11383674409,718834755,False,43.20694658711303,residential,48.81818181818182,36.61363636363637,3.186210586312246,1.062070195437415,0.3,Hẻm 10 Trần Nhật Duật,"[[106.688971, 10.794432], [106.689364, 10.794483]]"
444,11383674409,11383674413,False,18.5848531374722,residential,48.81818181818182,36.61363636363637,1.370503136394598,0.4568343787981992,0.3,Hẻm 10 Trần Nhật Duật,"[[106.688971, 10.794432], [106.688915, 10.794425], [106.688803, 10.794412]]"
445,11383674409,11383674418,False,57.90985762738472,residential,48.81818181818182,36.61363636363637,4.270447601572505,1.4234825338575012,0.3,Hẻm 10 Trần Nhật Duật,"[[106.688971, 10.794432], [106.688887, 10.794812], [106.688872, 10.794864], [106.688862, 10.794877], [106.68884, 10.794889], [106.688804, 10.794898]]"
446,411919664,2231313563,False,45.505858732647496,tertiary,52.66233766233766,34.23051948051948,3.1107827473957794,1.675036863982343,0.5,Hoàng Sa,"[[106.689234, 10.795244], [106.689642, 10.795323]]"
447,411919664,718834755,False,85.81714939077823,residential,48.81818181818182,36.61363636363637,6.328415485800406,2.109471828600133,0.3,Trần Nhật Duật,"[[106.689234, 10.795244], [106.689364, 10.794483]]"
448,411919664,718834751,False,54.1773037701612,tertiary,52.66233766233766,34.23051948051948,3.70356315785171,1.9942263157663052,0.5,Hoàng Sa,"[[106.689234, 10.795244], [106.689183, 10.795227], [106.689118, 10.795208], [106.688781, 10.795047]]"
449,411920048,411925400,False,92.84503079746749,residential,48.81818181818182,36.61363636363637,6.846672662159612,2.28222422071987,0.3,Hẻm 34 Trần Khánh Dư,"[[106.688235, 10.794773], [106.688385, 10.793952]]"
450,411920048,11383642762,False,27.664338707069103,tertiary,52.66233766233766,34.23051948051948,1.891135558470914,1.018303762253569,0.5,Hoàng Sa,"[[106.688235, 10.794773], [106.688461, 10.794886]]"
451,411920048,11971404899,False,241.41166711844372,tertiary,52.66233766233766,34.23051948051948,16.50291347108079,8.886184176735807,0.5,Hoàng Sa,"[[106.688235, 10.794773], [106.687763, 10.794539], [106.6877, 10.794517], [106.687635, 10.794502], [106.687571, 10.794492], [106.687504, 10.794489], [106.687436, 10.794491], [106.687369, 10.794497], [106.68732, 10.794504], [106.687269, 10.794514], [106.687205, 10.794536], [106.687117, 10.794573], [106.687032, 10.794616], [106.686943, 10.794668], [106.68688, 10.794707], [106.68683, 10.794743], [106.686779, 10.794783], [106.686738, 10.794821], [106.686698, 10.794861], [106.686667, 10.794899], [106.686637, 10.794942], [106.686611, 10.794982], [106.686575, 10.795053], [106.686539, 10.795129], [106.686522, 10.795171], [106.686506, 10.795217], [106.686494, 10.795258], [106.686482, 10.795301]]"
452,411926238,411919995,False,11.016056128182868,residential,48.81818181818182,36.61363636363637,0.8123572116872282,0.270785737229076,0.3,Nguyễn Văn Nguyễn,"[[106.686957, 10.793688], [106.686891, 10.793763]]"
453,411926238,411925290,False,20.01403272677545,residential,48.81818181818182,36.61363636363637,1.475895150801318,0.4919650502671058,0.3,Nguyễn Văn Nguyễn,"[[106.686957, 10.793688], [106.687075, 10.79355]]"
454,411926238,411925400,False,158.79737545768452,residential,48.81818181818182,36.61363636363637,11.710197519784558,3.903399173261516,0.3,Trần Khánh Dư,"[[106.686957, 10.793688], [106.687776, 10.793845], [106.688083, 10.793896], [106.688385, 10.793952]]"
455,6747199447,411918810,False,12.680175039770337,residential,50.0,37.5,0.9129726028634642,0.3043242009544882,0.3,Hồ Huấn Nghiệp,"[[106.705939, 10.774916], [106.70603, 10.774986]]"
456,6747199447,2036082855,True,34.83521313188598,residential,40.0,30.0,3.1351691818697383,1.0450563939565791,0.3,Công trường Mê Linh,"[[106.705939, 10.774916], [106.706021, 10.774828], [106.706105, 10.774763], [106.706168, 10.774724], [106.706182, 10.774716]]"
457,6747199447,11140371367,False,122.19782757055096,residential,50.0,37.5,8.79824358507967,2.9327478616932225,0.3,Hồ Huấn Nghiệp,"[[106.705939, 10.774916], [106.705864, 10.77486], [106.705524, 10.774607], [106.705512, 10.774598], [106.705396, 10.774512], [106.705047, 10.774252]]"
458,11140371367,411925937,True,91.73721224069092,tertiary,60.0,39.0,5.504232734441455,2.963817626237706,0.5,Ðồng Khởi,"[[106.705047, 10.774252], [106.705061, 10.77424], [106.705253, 10.774057], [106.705578, 10.773749], [106.705652, 10.77368]]"
459,11140371367,6747199447,False,122.19782757055096,residential,50.0,37.5,8.79824358507967,2.9327478616932225,0.3,Hồ Huấn Nghiệp,"[[106.705047, 10.774252], [106.705396, 10.774512], [106.705512, 10.774598], [106.705524, 10.774607], [106.705864, 10.77486], [106.705939, 10.774916]]"
460,411926010,411919580,False,79.50525692473526,residential,50.0,37.5,5.724378498580939,1.9081261661936464,0.3,Mạc Thị Bưởi,"[[106.70484, 10.775427], [106.704343, 10.774905]]"
461,411926010,411925962,False,109.2718193142326,residential,50.0,37.5,7.867570990624747,2.622523663541584,0.3,Mạc Thị Bưởi,"[[106.70484, 10.775427], [106.705522, 10.776146]]"
462,411926010,6747172986,False,107.975551445529,residential,50.0,37.5,7.774239704078087,2.591413234692697,0.3,Phan Văn Ðạt,"[[106.70484, 10.775427], [106.705526, 10.775367], [106.705733, 10.775349], [106.705825, 10.775341]]"
463,411918830,411926065,True,150.1931878427158,tertiary,52.66233766233766,34.23051948051948,10.267213728730164,5.528499700085472,0.5,Nguyễn Du,"[[106.697075, 10.775818], [106.696992, 10.775729], [106.696408, 10.775099], [106.696151, 10.774818]]"
464,411918830,5763135357,False,108.26813674904771,residential,50.0,37.5,7.795305845931436,2.598435281977146,0.3,Nguyễn Trung Trực,"[[106.697075, 10.775818], [106.697601, 10.775338], [106.69781, 10.775165]]"
465,411926065,411919033,True,226.330619747048,tertiary,52.66233766233766,34.23051948051948,15.471972328947396,8.331062023279367,0.5,Nguyễn Du,"[[106.696151, 10.774818], [106.696076, 10.774739], [106.695228, 10.774141], [106.694608, 10.773709], [106.694479, 10.773619]]"
466,411926065,411926617,True,142.3800969058018,residential,50.0,37.5,10.251366977217728,3.4171223257392445,0.3,Thủ Khoa Huân,"[[106.696151, 10.774818], [106.696273, 10.774802], [106.696466, 10.774618], [106.697121, 10.773996]]"
467,5763135357,5763135356,False,99.071854563106,residential,48.81818181818182,36.61363636363637,7.305857431469268,2.435285810489755,0.3,,"[[106.69781, 10.775165], [106.697188, 10.774516]]"
468,5763135357,411926412,False,52.04571838497447,residential,50.0,37.5,3.747291723718162,1.249097241239388,0.3,Nguyễn Trung Trực,"[[106.69781, 10.775165], [106.69815, 10.774837]]"
469,5763135357,411918830,False,108.26813674904771,residential,50.0,37.5,7.795305845931436,2.598435281977146,0.3,Nguyễn Trung Trực,"[[106.69781, 10.775165], [106.697601, 10.775338], [106.697075, 10.775818]]"
470,411919033,411926058,True,125.1059386582458,tertiary,60.0,39.0,7.506356319494747,4.041884172035633,0.5,Nguyễn Du,"[[106.694479, 10.773619], [106.694222, 10.773435], [106.693551, 10.772959]]"
471,411919033,14068910965,True,135.5742042534436,tertiary,60.0,39.0,8.134452255206616,4.380089675880486,0.5,Trương Định,"[[106.694479, 10.773619], [106.694391, 10.773695], [106.694252, 10.773813], [106.693828, 10.774178], [106.69355, 10.774416], [106.693543, 10.774422]]"
472,411926617,411926438,False,109.80089010975904,residential,48.81818181818182,36.61363636363637,8.097048879602344,2.6990162932007795,0.3,Thủ Khoa Huân,"[[106.697121, 10.773996], [106.697354, 10.773625], [106.697614, 10.773211], [106.697649, 10.773156]]"
473,411926617,411926412,True,146.43990919603343,tertiary,52.66233766233766,34.23051948051948,10.010639415324407,5.390344300559296,0.5,Lý Tự Trọng,"[[106.697121, 10.773996], [106.697508, 10.774269], [106.697622, 10.774371], [106.69815, 10.774837]]"
474,5763135356,5763135357,False,99.071854563106,residential,48.81818181818182,36.61363636363637,7.305857431469268,2.435285810489755,0.3,,"[[106.697188, 10.774516], [106.69781, 10.775165]]"
475,411926412,5763135357,False,52.04571838497447,residential,50.0,37.5,3.747291723718162,1.249097241239388,0.3,Nguyễn Trung Trực,"[[106.69815, 10.774837], [106.69781, 10.775165]]"
476,411926412,411926537,False,127.40684003163224,residential,50.0,37.5,9.17329248227752,3.0577641607591755,0.3,Nguyễn Trung Trực,"[[106.69815, 10.774837], [106.698687, 10.774371], [106.698941, 10.774141], [106.699019, 10.774073]]"
477,411926412,14068911014,True,107.848476438767,tertiary,52.66233766233766,34.23051948051948,7.372527168637783,3.96982232157419,0.5,Lý Tự Trọng,"[[106.69815, 10.774837], [106.698343, 10.775047], [106.698579, 10.775309], [106.698609, 10.775343], [106.698809, 10.775562]]"
478,14068911012,411926696,True,75.30396829982901,secondary,53.97590361445784,32.3855421686747,5.022505742854667,3.3483371619031104,0.6,Nam Kỳ Khởi Nghĩa,"[[106.697489, 10.777272], [106.697894, 10.776897], [106.697983, 10.776799]]"
479,411926696,5743072751,True,159.1153081095773,secondary,53.97590361445784,32.3855421686747,10.612422781951272,7.074948521300849,0.6,Nam Kỳ Khởi Nghĩa,"[[106.697983, 10.776799], [106.698064, 10.776725], [106.698459, 10.776364], [106.698517, 10.776311], [106.698578, 10.776256], [106.698959, 10.775904], [106.699046, 10.775821]]"
480,411926696,14068911026,True,69.24901038684538,tertiary,52.66233766233766,34.23051948051948,4.733865765532316,2.5490046429789395,0.5,Nguyễn Du,"[[106.697983, 10.776799], [106.697555, 10.776338]]"
481,5743072751,411926545,True,140.94322198660578,secondary,53.97590361445784,32.3855421686747,9.400409537856651,6.266939691904435,0.6,Nam Kỳ Khởi Nghĩa,"[[106.699046, 10.775821], [106.699094, 10.775751], [106.699109, 10.775717], [106.699489, 10.774854], [106.699521, 10.774782], [106.699569, 10.774664]]"
482,5743072751,14068911042,True,53.31532192082795,tertiary,52.66233766233766,34.23051948051948,3.644638036116771,1.9624974040628769,0.5,Lý Tự Trọng,"[[106.699046, 10.775821], [106.699108, 10.77589], [106.699369, 10.776182]]"
483,14068911026,411918830,True,77.86470441649475,tertiary,52.66233766233766,34.23051948051948,5.3228350343408986,2.866141941568176,0.5,Nguyễn Du,"[[106.697555, 10.776338], [106.697553, 10.776337], [106.697075, 10.775818]]"
484,411918853,411926585,True,129.1336890565575,primary,55.900735294117645,27.950367647058822,8.316192589554825,8.316192589554825,0.8,Điện Biên Phủ,"[[106.694738, 10.78754], [106.695155, 10.787967], [106.695557, 10.788378]]"
485,411926585,11364145943,True,62.65303140306256,primary,55.900735294117645,27.950367647058822,4.034846981248199,4.034846981248199,0.8,Điện Biên Phủ,"[[106.695557, 10.788378], [106.695721, 10.788546], [106.695954, 10.788784]]"
486,411926585,14068910961,True,78.2522272896466,tertiary,52.66233766233766,34.23051948051948,5.349326117062894,2.880406370726174,0.5,Mạc Đĩnh Chi,"[[106.695557, 10.788378], [106.695639, 10.788301], [106.695876, 10.788085], [106.69608, 10.787896]]"
487,14068910961,411926446,True,82.87171053426582,tertiary,52.66233766233766,34.23051948051948,5.665114219506408,3.050446118195757,0.5,Mạc Đĩnh Chi,"[[106.69608, 10.787896], [106.696138, 10.787843], [106.696213, 10.787776], [106.696254, 10.787739], [106.696273, 10.787722], [106.69664, 10.787391]]"
488,411918854,6858588491,True,84.11557451845552,secondary,60.0,36.0,5.04693447110733,3.364622980738221,0.6,Nam Kỳ Khởi Nghĩa,"[[106.695927, 10.778714], [106.69637, 10.778308], [106.696488, 10.778195]]"
489,411918854,411918866,False,141.52421953005648,residential,50.0,37.5,10.189743806164069,3.396581268721356,0.3,Alexandre de Rhodes,"[[106.695927, 10.778714], [106.695988, 10.778778], [106.696816, 10.779641]]"
490,6858588491,411918850,True,79.35991931240596,secondary,53.97590361445784,32.3855421686747,5.293023189854219,3.52868212656948,0.6,Nam Kỳ Khởi Nghĩa,"[[106.696488, 10.778195], [106.696836, 10.777879], [106.697018, 10.777708]]"
491,6858588491,14068910971,False,57.50659816340328,secondary,53.97590361445784,32.3855421686747,3.8354847167912727,2.556989811194182,0.6,Lê Duẩn,"[[106.696488, 10.778195], [106.696847, 10.778575]]"
492,411918866,1769456941,False,179.2809116021897,residential,50.0,37.5,12.908225635357658,4.302741878452553,0.3,Alexandre de Rhodes,"[[106.696816, 10.779641], [106.69793, 10.780824]]"
493,411918866,411918854,False,141.52421953005648,residential,50.0,37.5,10.189743806164069,3.396581268721356,0.3,Alexandre de Rhodes,"[[106.696816, 10.779641], [106.695988, 10.778778], [106.695927, 10.778714]]"
494,411918866,13961678624,True,92.22705564026644,secondary,60.0,36.0,5.533623338415985,3.689082225610658,0.6,Pasteur,"[[106.696816, 10.779641], [106.696344, 10.78009], [106.696206, 10.780215]]"
495,14068910971,6858588491,False,57.50659816340328,secondary,53.97590361445784,32.3855421686747,3.8354847167912727,2.556989811194182,0.6,Lê Duẩn,"[[106.696847, 10.778575], [106.696488, 10.778195]]"
496,14068910971,14068910969,False,25.180909122937766,secondary,53.97590361445784,32.3855421686747,1.6794767066816527,1.1196511377877687,0.6,Lê Duẩn,"[[106.696847, 10.778575], [106.697004, 10.778742]]"
497,1769456941,411918866,False,179.2809116021897,residential,50.0,37.5,12.908225635357658,4.302741878452553,0.3,Alexandre de Rhodes,"[[106.69793, 10.780824], [106.696816, 10.779641]]"
498,1769456941,1769456883,False,17.032755399889705,tertiary,52.66233766233766,34.23051948051948,1.1643599992230398,0.6269630765047136,0.5,Phạm Ngọc Thạch,"[[106.69793, 10.780824], [106.697816, 10.780929]]"
499,1769456941,7514003740,False,79.3320519466018,tertiary,52.66233766233766,34.23051948051948,5.423142983871275,2.9201539143922237,0.5,Phạm Ngọc Thạch,"[[106.69793, 10.780824], [106.698334, 10.780455], [106.698462, 10.780338]]"
500,411918860,1998781616,False,12.614154078591124,secondary,60.0,36.0,0.7568492447154673,0.5045661631436451,0.6,Pasteur,"[[106.702422, 10.771077], [106.70247, 10.770974]]"
501,411918860,411917839,True,146.55872588758845,primary,60.0,30.0,8.793523553255307,8.793523553255307,0.8,Hàm Nghi,"[[106.702422, 10.771077], [106.702304, 10.771083], [106.70173, 10.771111], [106.701221, 10.771133], [106.701082, 10.771139]]"
502,411918860,411926197,True,147.95349412387372,secondary,60.0,36.0,8.877209647432423,5.918139764954949,0.6,Pasteur,"[[106.702422, 10.771077], [106.70238, 10.771179], [106.701978, 10.772112], [106.701895, 10.772303]]"
503,1998781616,2032267113,False,14.873281186019472,secondary,60.0,36.0,0.8923968711611683,0.5949312474407789,0.6,Pasteur,"[[106.70247, 10.770974], [106.702521, 10.77085]]"
504,1998781616,411918860,False,12.614154078591124,secondary,60.0,36.0,0.7568492447154673,0.5045661631436451,0.6,Pasteur,"[[106.70247, 10.770974], [106.702422, 10.771077]]"
505,1998781616,6747284158,True,112.55796122968776,primary,60.0,30.0,6.753477673781265,6.753477673781265,0.8,Hàm Nghi,"[[106.70247, 10.770974], [106.7023, 10.770983], [106.701728, 10.771016], [106.701441, 10.771032]]"
506,411926197,411926455,True,116.73446829723636,secondary,60.0,36.0,7.004068097834181,4.669378731889455,0.6,Pasteur,"[[106.701895, 10.772303], [106.701843, 10.772403], [106.701709, 10.772692], [106.701638, 10.772844], [106.701458, 10.77326]]"
507,411926197,411926196,True,98.26497692188676,residential,48.81818181818182,36.61363636363637,7.24635584004975,2.4154519466832483,0.3,Huỳnh Thúc Kháng,"[[106.701895, 10.772303], [106.701991, 10.772375], [106.702606, 10.772844]]"
508,6747284158,411917839,True,40.97121100197209,primary,60.0,30.0,2.458272660118325,2.458272660118325,0.8,,"[[106.701441, 10.771032], [106.701082, 10.771139]]"
509,6747284158,11287006566,True,35.0358738540992,primary,60.0,30.0,2.102152431245952,2.102152431245952,0.8,Hàm Nghi,"[[106.701441, 10.771032], [106.701121, 10.77105]]"
510,411926455,411926586,False,99.28390891447498,residential,48.81818181818182,36.61363636363637,7.321494959056255,2.4404983196854166,0.3,Tôn Thất Thiệp,"[[106.701458, 10.77326], [106.701584, 10.773296], [106.701953, 10.773382], [106.702336, 10.773487]]"
511,411926455,411919405,True,108.42192206896954,secondary,60.0,36.0,6.505315324138172,4.336876882758782,0.6,Pasteur,"[[106.701458, 10.77326], [106.701436, 10.773312], [106.701307, 10.773615], [106.70123, 10.773798], [106.701125, 10.774048], [106.701077, 10.774161]]"
512,411926196,411926586,False,77.37746682472905,residential,48.81818181818182,36.61363636363637,5.706047832885048,1.9020159442950144,0.3,Tôn Thất Ðạm,"[[106.702606, 10.772844], [106.702336, 10.773487]]"
513,411926196,411926153,True,78.42482209542668,residential,48.81818181818182,36.61363636363637,5.783282970165542,1.92776099005518,0.3,Huỳnh Thúc Kháng,"[[106.702606, 10.772844], [106.703174, 10.773275]]"
514,411926196,411918867,False,218.4247693274344,residential,50.0,37.5,15.726583391575277,5.242194463858427,0.3,Tôn Thất Ðạm,"[[106.702606, 10.772844], [106.703144, 10.771575], [106.703254, 10.771317], [106.703338, 10.771117], [106.703372, 10.771029]]"
515,411926221,411926245,False,109.08028606327244,residential,48.81818181818182,36.61363636363637,8.043909363325119,2.681303121108373,0.3,Tôn Thất Ðạm,"[[106.7042, 10.769065], [106.704157, 10.769164], [106.703846, 10.769901], [106.703815, 10.76997]]"
516,411926221,1769173843,False,112.32990690359976,primary,50.0,25.0,8.087753297059182,8.087753297059182,0.8,Võ Văn Kiệt,"[[106.7042, 10.769065], [106.704325, 10.769114], [106.705161, 10.769423]]"
517,411926221,2034589362,False,54.22475602545174,primary,50.0,25.0,3.904182433832525,3.904182433832525,0.8,Võ Văn Kiệt,"[[106.7042, 10.769065], [106.704044, 10.769004], [106.703738, 10.768884]]"
518,411926243,411918863,True,132.6517450201476,secondary,60.0,36.0,7.9591047012088545,5.306069800805904,0.6,Pasteur,"[[106.703019, 10.769626], [106.702978, 10.769728], [106.702928, 10.769852], [106.702682, 10.770468], [106.70261, 10.77065], [106.702575, 10.770737]]"
519,411926243,411926245,False,95.00630122932336,tertiary,50.0,32.5,6.840453688511281,3.683321216890693,0.5,Nguyễn Công Trứ,"[[106.703019, 10.769626], [106.703119, 10.769668], [106.703728, 10.769932], [106.703815, 10.76997]]"
520,411926243,411926247,False,129.31089520511213,tertiary,50.0,32.5,9.310384454768071,5.013283937182811,0.5,Nguyễn Công Trứ,"[[106.703019, 10.769626], [106.702918, 10.769581], [106.702896, 10.769571], [106.702517, 10.769407], [106.702487, 10.769393], [106.702475, 10.769388], [106.702028, 10.769194], [106.701944, 10.769143]]"
521,2032267293,1998781538,False,15.346432629379102,primary_link,50.0,25.0,1.1049431493152952,1.1049431493152952,0.8,,"[[106.703475, 10.7708], [106.703418, 10.770926]]"
522,2032267293,9404297255,True,111.5862889146078,primary,60.0,30.0,6.695177334876468,6.695177334876468,0.8,Hàm Nghi,"[[106.703475, 10.7708], [106.703668, 10.770791], [106.70433, 10.770758], [106.704495, 10.770749]]"
523,1769456883,1769456941,False,17.032755399889705,tertiary,52.66233766233766,34.23051948051948,1.1643599992230398,0.6269630765047136,0.5,Phạm Ngọc Thạch,"[[106.697816, 10.780929], [106.69793, 10.780824]]"
524,1769456883,1770193953,False,44.18321351329846,tertiary,52.66233766233766,34.23051948051948,3.0203666549658035,1.6263512757508174,0.5,Phạm Ngọc Thạch,"[[106.697816, 10.780929], [106.697625, 10.781104], [106.69752, 10.781199]]"
525,1769456883,14068910949,False,86.03843767264291,residential,48.81818181818182,36.61363636363637,6.344733951278696,2.114911317092898,0.3,Nguyễn Văn Chiêm,"[[106.697816, 10.780929], [106.698226, 10.78137], [106.698347, 10.781503]]"
526,7514003740,1769456941,False,79.3320519466018,tertiary,52.66233766233766,34.23051948051948,5.423142983871275,2.9201539143922237,0.5,Phạm Ngọc Thạch,"[[106.698462, 10.780338], [106.698334, 10.780455], [106.69793, 10.780824]]"
527,7514003740,7514003738,True,9.44628335418946,secondary,53.97590361445784,32.3855421686747,0.630033362998172,0.4200222419987813,0.6,,"[[106.698462, 10.780338], [106.698448, 10.780322], [106.698441, 10.780302], [106.698439, 10.780281], [106.698444, 10.78026]]"
528,411918867,1998781538,False,12.57239590697382,primary_link,50.0,25.0,0.905212505302115,0.905212505302115,0.8,,"[[106.703372, 10.771029], [106.703418, 10.770926]]"
529,411918867,411926196,False,218.42476932743443,residential,50.0,37.5,15.72658339157528,5.242194463858429,0.3,Tôn Thất Ðạm,"[[106.703372, 10.771029], [106.703338, 10.771117], [106.703254, 10.771317], [106.703144, 10.771575], [106.702606, 10.772844]]"
530,411918867,411918860,True,103.90957522666974,primary,60.0,30.0,6.234574513600184,6.234574513600184,0.8,Hàm Nghi,"[[106.703372, 10.771029], [106.703248, 10.771038], [106.70267, 10.771062], [106.702641, 10.771063], [106.702422, 10.771077]]"
531,1998781538,2032267293,False,15.346432629379102,primary_link,50.0,25.0,1.1049431493152952,1.1049431493152952,0.8,,"[[106.703418, 10.770926], [106.703475, 10.7708]]"
532,1998781538,411918867,False,12.57239590697382,primary_link,50.0,25.0,0.905212505302115,0.905212505302115,0.8,,"[[106.703418, 10.770926], [106.703372, 10.771029]]"
533,1998781538,1998781616,True,103.74905508074228,primary,60.0,30.0,6.224943304844536,6.224943304844536,0.8,Hàm Nghi,"[[106.703418, 10.770926], [106.703244, 10.770935], [106.702641, 10.770964], [106.70247, 10.770974]]"
534,411926586,411926196,False,77.37746682472905,residential,48.81818181818182,36.61363636363637,5.706047832885048,1.9020159442950144,0.3,Tôn Thất Ðạm,"[[106.702336, 10.773487], [106.702606, 10.772844]]"
535,411926586,411926620,False,52.83500556478963,residential,48.81818181818182,36.61363636363637,3.896212700867169,1.298737566955722,0.3,Tôn Thất Thiệp,"[[106.702336, 10.773487], [106.702802, 10.773617]]"
536,411926586,411926455,False,99.28390891447498,residential,48.81818181818182,36.61363636363637,7.321494959056255,2.4404983196854166,0.3,Tôn Thất Thiệp,"[[106.702336, 10.773487], [106.701953, 10.773382], [106.701584, 10.773296], [106.701458, 10.77326]]"
537,411918880,411923139,False,80.72882630319353,tertiary,50.0,32.5,5.812475493829934,3.1297944966776576,0.5,Nguyễn Đình Chiểu,"[[106.703228, 10.792386], [106.703094, 10.792217], [106.702801, 10.791883], [106.702757, 10.791827]]"
538,411918880,411923564,False,46.56419576770256,tertiary,50.0,32.5,3.352622095274584,1.8052580513017,0.5,Hoàng Sa,"[[106.703228, 10.792386], [106.703379, 10.792355], [106.703645, 10.792299]]"
539,411918880,411918885,False,137.4859149277485,tertiary,50.0,32.5,9.89898587479789,5.330223163352713,0.5,Hoàng Sa,"[[106.703228, 10.792386], [106.702376, 10.792573], [106.701996, 10.792636]]"
540,411923564,411923562,False,57.5255742830715,residential,48.81818181818182,36.61363636363637,4.242109388472311,1.4140364628241038,0.3,,"[[106.703645, 10.792299], [106.7036, 10.792238], [106.703458, 10.792046], [106.703338, 10.791879]]"
541,411923564,411923566,False,104.22268766531224,tertiary,50.0,32.5,7.504033511902482,4.040633429485953,0.5,Hoàng Sa,"[[106.703645, 10.792299], [106.703876, 10.792245], [106.704106, 10.792183], [106.704335, 10.792115], [106.704561, 10.792039]]"
542,411923564,411918880,False,46.56419576770256,tertiary,50.0,32.5,3.352622095274584,1.8052580513017,0.5,Hoàng Sa,"[[106.703645, 10.792299], [106.703379, 10.792355], [106.703228, 10.792386]]"
543,411918885,411918892,False,42.2552895321459,tertiary,50.0,32.5,3.042380846314505,1.6382050710924267,0.5,Hoàng Sa,"[[106.701996, 10.792636], [106.701617, 10.792712]]"
544,411918885,411923584,False,91.24746520119304,residential,48.81818181818182,36.61363636363637,6.728863355618706,2.2429544518729,0.3,,"[[106.701996, 10.792636], [106.701686, 10.79227], [106.701603, 10.792354], [106.701435, 10.79251]]"
545,411918885,411918880,False,137.4859149277485,tertiary,50.0,32.5,9.89898587479789,5.330223163352713,0.5,Hoàng Sa,"[[106.701996, 10.792636], [106.702376, 10.792573], [106.703228, 10.792386]]"
546,411923565,411923562,False,20.658864066660737,residential,48.81818181818182,36.61363636363637,1.523446959105708,0.5078156530352356,0.3,,"[[106.703263, 10.791708], [106.703338, 10.791879]]"
547,411923565,12336589556,False,48.80779072806192,residential,48.81818181818182,36.61363636363637,3.5992337296671364,1.1997445765557115,0.3,Hẻm B Chung Cư Nguyễn Ðình Chiểu,"[[106.703263, 10.791708], [106.703703, 10.791629]]"
548,411923565,411923139,False,56.985450768531045,residential,48.81818181818182,36.61363636363637,4.2022790510872055,1.4007596836957346,0.3,,"[[106.703263, 10.791708], [106.702982, 10.791754], [106.702757, 10.791827]]"
549,411923562,411923565,False,20.658864066660737,residential,48.81818181818182,36.61363636363637,1.523446959105708,0.5078156530352356,0.3,,"[[106.703338, 10.791879], [106.703263, 10.791708]]"
550,411923562,411923564,False,57.52557428307151,residential,48.81818181818182,36.61363636363637,4.242109388472312,1.414036462824103,0.3,,"[[106.703338, 10.791879], [106.703458, 10.792046], [106.7036, 10.792238], [106.703645, 10.792299]]"
551,411923562,12336589555,False,45.59651585011164,residential,48.81818181818182,36.61363636363637,3.362424632522199,1.120808210840733,0.3,Hẻm D Chung Cư Nguyễn Ðình Chiểu,"[[106.703338, 10.791879], [106.703577, 10.791826], [106.703643, 10.791812], [106.703745, 10.791789]]"
552,411923566,411923567,False,47.17031772456445,residential,48.81818181818182,36.61363636363637,3.4784815305265404,1.1594938435088462,0.3,,"[[106.704561, 10.792039], [106.70454, 10.79197], [106.704438, 10.791633]]"
553,411923566,411923570,False,57.05187978137293,tertiary,50.0,32.5,4.107735344258851,2.2118574930624595,0.5,Hoàng Sa,"[[106.704561, 10.792039], [106.704727, 10.791987], [106.704891, 10.791929], [106.705053, 10.791866]]"
554,411923566,411923564,False,104.22268766531224,tertiary,50.0,32.5,7.504033511902481,4.040633429485952,0.5,Hoàng Sa,"[[106.704561, 10.792039], [106.704335, 10.792115], [106.704106, 10.792183], [106.703876, 10.792245], [106.703645, 10.792299]]"
555,411918892,411923584,False,29.90069567127306,residential,48.81818181818182,36.61363636363637,2.204967502015667,0.7349891673385551,0.3,Nguyễn Văn Thủ,"[[106.701617, 10.792712], [106.701435, 10.79251]]"
556,411918892,411918885,False,42.2552895321459,tertiary,50.0,32.5,3.042380846314505,1.6382050710924267,0.5,Hoàng Sa,"[[106.701617, 10.792712], [106.701996, 10.792636]]"
557,411918892,4673707528,False,94.26980392598536,tertiary,50.0,32.5,6.787425882670947,3.654767782976665,0.5,Hoàng Sa,"[[106.701617, 10.792712], [106.700944, 10.792817], [106.700764, 10.792844]]"
558,411923584,411918892,False,29.90069567127306,residential,48.81818181818182,36.61363636363637,2.204967502015667,0.7349891673385551,0.3,Nguyễn Văn Thủ,"[[106.701435, 10.79251], [106.701617, 10.792712]]"
559,411923584,411918885,False,91.24746520119304,residential,48.81818181818182,36.61363636363637,6.728863355618706,2.2429544518729,0.3,,"[[106.701435, 10.79251], [106.701603, 10.792354], [106.701686, 10.79227], [106.701996, 10.792636]]"
560,411923584,12470703608,False,90.87080185154927,residential,48.81818181818182,36.61363636363637,6.701087063913132,2.233695687971043,0.3,Nguyễn Văn Thủ,"[[106.701435, 10.79251], [106.701155, 10.792217], [106.700945, 10.791997], [106.700867, 10.791913]]"
561,4673707528,411918892,False,94.26980392598536,tertiary,50.0,32.5,6.787425882670947,3.654767782976665,0.5,Hoàng Sa,"[[106.700764, 10.792844], [106.700944, 10.792817], [106.701617, 10.792712]]"
562,4673707528,4122304294,False,146.79146367486533,tertiary,52.66233766233766,34.23051948051948,10.034671696836662,5.403284759835126,0.5,Hoàng Sa,"[[106.700764, 10.792844], [106.700698, 10.79287], [106.700597, 10.792896], [106.700408, 10.792935], [106.699888, 10.793111], [106.699763, 10.793141], [106.699668, 10.793146], [106.69947, 10.793112]]"
563,4122304294,13864848996,False,53.99368955146928,tertiary_link,53.16964479863687,34.56026911911396,3.655794262335804,1.9685046027962023,0.5,Hoàng Sa,"[[106.69947, 10.793112], [106.699498, 10.793066], [106.699507, 10.793054], [106.699513, 10.793047], [106.699527, 10.793017], [106.699537, 10.792987], [106.699541, 10.792953], [106.699541, 10.792913], [106.699533, 10.792836], [106.699533, 10.792785], [106.699543, 10.792735], [106.699553, 10.792708], [106.699575, 10.792651]]"
564,4122304294,4673707528,False,146.79146367486533,tertiary,52.66233766233766,34.23051948051948,10.034671696836662,5.403284759835126,0.5,Hoàng Sa,"[[106.69947, 10.793112], [106.699668, 10.793146], [106.699763, 10.793141], [106.699888, 10.793111], [106.700408, 10.792935], [106.700597, 10.792896], [106.700698, 10.79287], [106.700764, 10.792844]]"
565,4122304294,411920094,False,96.07973925817464,tertiary,52.66233766233766,34.23051948051948,6.568015714516895,3.536623846278327,0.5,Hoàng Sa,"[[106.69947, 10.793112], [106.699276, 10.79312], [106.698592, 10.793172]]"
566,411918897,411918908,False,186.0580912663228,tertiary,50.0,32.5,13.39618257117524,7.213329076786669,0.5,Đường Nguyễn Cảnh Chân,"[[106.689293, 10.75738], [106.689097, 10.757643], [106.689064, 10.757689], [106.688918, 10.757885], [106.68888, 10.757939], [106.68871, 10.758131], [106.688466, 10.758355], [106.688229, 10.758568], [106.688165, 10.758625]]"
567,411918897,6757556260,False,69.59540978158157,tertiary,50.0,32.5,5.010869504273873,2.6981605023013167,0.5,Đường Nguyễn Cảnh Chân,"[[106.689293, 10.75738], [106.689505, 10.757138], [106.689686, 10.756888]]"
568,411918897,4593924323,False,134.05532266092823,residential,48.81818181818182,36.61363636363637,9.885643905722082,3.295214635240692,0.3,Hẻm Lò Rèn,"[[106.689293, 10.75738], [106.689554, 10.757591], [106.689786, 10.757786], [106.689992, 10.757938], [106.690096, 10.758015], [106.690252, 10.758131]]"
569,411918908,4613083207,False,78.876355644658,tertiary,50.0,32.5,5.679097606415376,3.057975634223665,0.5,Đường Nguyễn Cảnh Chân,"[[106.688165, 10.758625], [106.687798, 10.758933], [106.68767, 10.759038], [106.687611, 10.759079]]"
570,411918908,411918897,False,186.0580912663228,tertiary,50.0,32.5,13.39618257117524,7.213329076786669,0.5,Đường Nguyễn Cảnh Chân,"[[106.688165, 10.758625], [106.688229, 10.758568], [106.688466, 10.758355], [106.68871, 10.758131], [106.68888, 10.757939], [106.688918, 10.757885], [106.689064, 10.757689], [106.689097, 10.757643], [106.689293, 10.75738]]"
571,411918908,4593840507,False,357.05863509740794,residential,48.81818181818182,36.61363636363637,26.33058091221109,8.776860304070354,0.3,Hẻm Chùa Phật Ấn,"[[106.688165, 10.758625], [106.688056, 10.7585], [106.687803, 10.758217], [106.68767, 10.758064], [106.687522, 10.757894], [106.687344, 10.757682], [106.687177, 10.757483], [106.686749, 10.757034], [106.686698, 10.756979], [106.686498, 10.756769], [106.686351, 10.756614], [106.686232, 10.756489], [106.686109, 10.75636], [106.685987, 10.756231]]"
572,411918908,4593918580,False,80.16169920443832,residential,48.81818181818182,36.61363636363637,5.911365527925061,1.9704551759750188,0.3,Hẻm TK26,"[[106.688165, 10.758625], [106.688317, 10.758809], [106.688589, 10.759127], [106.68863, 10.759182]]"
573,6757556260,11824860648,True,11.227260825865248,tertiary,50.0,32.5,0.8083627794622978,0.4352722658643142,0.5,Nguyễn Cảnh Chân,"[[106.689686, 10.756888], [106.689682, 10.756787]]"
574,6757556260,411918897,False,69.59540978158157,tertiary,50.0,32.5,5.010869504273873,2.6981605023013167,0.5,Đường Nguyễn Cảnh Chân,"[[106.689686, 10.756888], [106.689505, 10.757138], [106.689293, 10.75738]]"
575,4593924323,411918897,False,134.05532266092823,residential,48.81818181818182,36.61363636363637,9.885643905722082,3.295214635240692,0.3,Hẻm Lò Rèn,"[[106.690252, 10.758131], [106.690096, 10.758015], [106.689992, 10.757938], [106.689786, 10.757786], [106.689554, 10.757591], [106.689293, 10.75738]]"
576,4593924323,5811285061,False,64.12597410960238,residential,48.81818181818182,36.61363636363637,4.728842783501404,1.5762809278338017,0.3,Hẻm 518 Đường Võ Văn Kiệt,"[[106.690252, 10.758131], [106.690451, 10.757889], [106.690642, 10.757701]]"
577,4593924323,4593923917,False,36.0818156949894,residential,48.81818181818182,36.61363636363637,2.660781939518772,0.8869273131729232,0.3,Hẻm 518 Đường Võ Văn Kiệt,"[[106.690252, 10.758131], [106.690096, 10.758358], [106.690057, 10.758391]]"
578,4613083207,2032267286,False,10.284236245884289,primary_link,50.0,25.0,0.7404650097036687,0.7404650097036687,0.8,,"[[106.687611, 10.759079], [106.687538, 10.759138]]"
579,4613083207,9404261873,True,116.7474806282476,primary,60.0,30.0,7.004848837694855,7.004848837694855,0.8,Trần Hưng Đạo,"[[106.687611, 10.759079], [106.687687, 10.759167], [106.688302, 10.75988]]"
580,4613083207,411918908,False,78.876355644658,tertiary,50.0,32.5,5.679097606415376,3.057975634223665,0.5,Đường Nguyễn Cảnh Chân,"[[106.687611, 10.759079], [106.68767, 10.759038], [106.687798, 10.758933], [106.688165, 10.758625]]"
581,4593840507,411918908,False,357.05863509740794,residential,48.81818181818182,36.61363636363637,26.33058091221109,8.776860304070354,0.3,Hẻm Chùa Phật Ấn,"[[106.685987, 10.756231], [106.686109, 10.75636], [106.686232, 10.756489], [106.686351, 10.756614], [106.686498, 10.756769], [106.686698, 10.756979], [106.686749, 10.757034], [106.687177, 10.757483], [106.687344, 10.757682], [106.687522, 10.757894], [106.68767, 10.758064], [106.687803, 10.758217], [106.688056, 10.7585], [106.688165, 10.758625]]"
582,4593918580,411920646,False,49.96545560174517,residential,48.81818181818182,36.61363636363637,3.6846034298493646,1.2282011432831204,0.3,Hẻm TK26,"[[106.68863, 10.759182], [106.68894, 10.759512]]"
583,4593918580,4603846874,False,68.51793788081831,residential,50.0,37.5,4.933291527418918,1.6444305091396396,0.3,Hẻm 393 Trần Hưng Ðạo,"[[106.68863, 10.759182], [106.688177, 10.759609]]"
584,4593918580,411918908,False,80.16169920443832,residential,48.81818181818182,36.61363636363637,5.911365527925061,1.9704551759750188,0.3,Hẻm TK26,"[[106.68863, 10.759182], [106.688589, 10.759127], [106.688317, 10.758809], [106.688165, 10.758625]]"
585,11824860648,14068910998,True,28.493158284518493,primary,50.0,25.0,2.051507396485332,2.051507396485332,0.8,Võ Văn Kiệt,"[[106.689682, 10.756787], [106.689651, 10.756763], [106.689525, 10.756661], [106.689503, 10.756639], [106.689483, 10.756622]]"
586,5811285061,3338020159,False,12.888969474778724,residential,50.0,37.5,0.928005802184068,0.3093352673946895,0.3,Hẻm 518 Đường Võ Văn Kiệt,"[[106.690642, 10.757701], [106.690732, 10.757625]]"
587,5811285061,5811283440,False,172.71964773083602,residential,50.0,37.5,12.435814636620194,4.145271545540066,0.3,Bến Chương Dương,"[[106.690642, 10.757701], [106.69078, 10.757836], [106.69088, 10.757923], [106.691146, 10.758174], [106.691409, 10.758349], [106.691633, 10.758458], [106.691875, 10.758548], [106.691932, 10.758545]]"
588,5811285061,4593924323,False,64.12597410960238,residential,48.81818181818182,36.61363636363637,4.728842783501404,1.5762809278338017,0.3,Hẻm 518 Đường Võ Văn Kiệt,"[[106.690642, 10.757701], [106.690451, 10.757889], [106.690252, 10.758131]]"
589,4593923917,4593924323,False,36.0818156949894,residential,48.81818181818182,36.61363636363637,2.660781939518772,0.8869273131729232,0.3,Hẻm 518 Đường Võ Văn Kiệt,"[[106.690057, 10.758391], [106.690096, 10.758358], [106.690252, 10.758131]]"
590,2032267286,5795068449,False,7.095658102003598,primary_link,50.0,25.0,0.510887383344259,0.510887383344259,0.8,,"[[106.687538, 10.759138], [106.68749, 10.759181]]"
591,2032267286,4613083207,False,10.284236245884289,primary_link,50.0,25.0,0.7404650097036687,0.7404650097036687,0.8,,"[[106.687538, 10.759138], [106.687611, 10.759079]]"
592,2032267286,6789210660,True,55.01559133370248,primary,60.0,30.0,3.300935480022148,3.300935480022148,0.8,Trần Hưng Đạo,"[[106.687538, 10.759138], [106.687457, 10.759048], [106.687206, 10.758766]]"
593,9404261873,6760665401,True,14.28832983733514,primary,60.0,30.0,0.8572997902401084,0.8572997902401084,0.8,Trần Hưng Đạo,"[[106.688302, 10.75988], [106.688387, 10.759978]]"
594,9404261873,9404261872,False,10.130827145570208,primary_link,50.0,25.0,0.729419554481055,0.729419554481055,0.8,,"[[106.688302, 10.75988], [106.688372, 10.759819]]"
595,411920646,4593918580,False,49.96545560174517,residential,48.81818181818182,36.61363636363637,3.6846034298493646,1.2282011432831204,0.3,Hẻm TK26,"[[106.68894, 10.759512], [106.68863, 10.759182]]"
596,411920646,13086336666,False,131.4346636040845,residential,50.0,37.5,9.463295779494084,3.154431926498029,0.3,Hẻm 391 Đường Trần Hưng Ðạo,"[[106.68894, 10.759512], [106.689039, 10.759428], [106.689259, 10.75924], [106.689482, 10.758981], [106.689633, 10.758848], [106.689812, 10.758702]]"
597,411920646,6760665401,False,79.54030911430758,residential,50.0,37.5,5.7269022562301455,1.9089674187433816,0.3,Hẻm 391 Đường Trần Hưng Ðạo,"[[106.68894, 10.759512], [106.68846, 10.759915], [106.688387, 10.759978]]"
598,4603846874,4593918580,False,68.51793788081831,residential,50.0,37.5,4.933291527418918,1.6444305091396396,0.3,Hẻm 393 Trần Hưng Ðạo,"[[106.688177, 10.759609], [106.68863, 10.759182]]"
599,411918911,10973319772,False,57.30476866397666,residential,48.81818181818182,36.61363636363637,4.225826516002748,1.4086088386675826,0.3,Đường Cây Điệp,"[[106.699123, 10.787978], [106.698733, 10.788322]]"
600,411918911,411918912,True,232.26270288630369,secondary,60.0,36.0,13.93576217317822,9.290508115452148,0.6,Nguyễn Đình Chiểu,"[[106.699123, 10.787978], [106.699073, 10.787926], [106.698905, 10.78775], [106.698881, 10.787724], [106.698875, 10.787717], [106.698868, 10.787709], [106.698858, 10.787699], [106.698842, 10.787683], [106.698826, 10.787666], [106.698814, 10.787653], [106.698583, 10.78741], [106.698564, 10.78739], [106.69849, 10.787313], [106.698353, 10.787169], [106.69834, 10.787155], [106.698252, 10.787064], [106.698153, 10.78696], [106.698024, 10.78683], [106.697672, 10.786451]]"
601,10973319772,411918911,False,57.30476866397666,residential,48.81818181818182,36.61363636363637,4.225826516002748,1.4086088386675826,0.3,Đường Cây Điệp,"[[106.698733, 10.788322], [106.699123, 10.787978]]"
602,10973319772,10973319773,False,28.764160896269782,residential,48.81818181818182,36.61363636363637,2.121155999054532,0.7070519996848432,0.3,,"[[106.698733, 10.788322], [106.698913, 10.788512]]"
603,10973319772,411918913,False,100.81513518238728,residential,48.81818181818182,36.61363636363637,7.434412203393922,2.478137401131306,0.3,Đường Cây Điệp,"[[106.698733, 10.788322], [106.698101, 10.788895], [106.698043, 10.788919]]"
604,411918912,411926538,True,131.52579581948325,secondary,60.0,36.0,7.891547749168994,5.261031832779331,0.6,Nguyễn Đình Chiểu,"[[106.697672, 10.786451], [106.69685, 10.785587]]"
605,411918912,411925936,True,150.52643777526646,tertiary,60.0,39.0,9.031586266515989,4.863161835816301,0.5,Mạc Đĩnh Chi,"[[106.697672, 10.786451], [106.698104, 10.786054], [106.698223, 10.785935], [106.698273, 10.785897], [106.698337, 10.785845], [106.698439, 10.785744], [106.698668, 10.785517]]"
606,10973319773,10973319772,False,28.764160896269782,residential,48.81818181818182,36.61363636363637,2.121155999054532,0.7070519996848432,0.3,,"[[106.698913, 10.788512], [106.698733, 10.788322]]"
607,411918913,10973319772,False,100.81513518238728,residential,48.81818181818182,36.61363636363637,7.434412203393922,2.478137401131306,0.3,Đường Cây Điệp,"[[106.698043, 10.788919], [106.698101, 10.788895], [106.698733, 10.788322]]"
608,411918913,411918916,False,79.34156818470738,residential,48.81818181818182,36.61363636363637,5.85088659239183,1.9502955307972751,0.3,Đường Cây Điệp,"[[106.698043, 10.788919], [106.697993, 10.788937], [106.697547, 10.789349], [106.697523, 10.789404]]"
609,411918913,411926704,False,78.82911199673386,residential,48.81818181818182,36.61363636363637,5.813096527133446,1.9376988423778148,0.3,Nguyễn Văn Thủ,"[[106.698043, 10.788919], [106.698506, 10.789402], [106.698538, 10.789435]]"
610,411918913,411925988,False,51.546997755837126,residential,48.81818181818182,36.61363636363637,3.8012311194248607,1.267077039808286,0.3,Nguyễn Văn Thủ,"[[106.698043, 10.788919], [106.697807, 10.788662], [106.697727, 10.788575]]"
611,411926538,411926457,True,158.788443253749,tertiary,60.0,39.0,9.52730659522494,5.130088166659583,0.5,Phùng Khắc Khoan,"[[106.69685, 10.785587], [106.695792, 10.786565]]"
612,411926538,6747228549,True,132.01102253074993,secondary,60.0,36.0,7.920661351844995,5.280440901229998,0.6,Nguyễn Đình Chiểu,"[[106.69685, 10.785587], [106.696366, 10.785081], [106.696032, 10.784713]]"
613,411925936,411925987,True,152.47387442840653,tertiary,60.0,39.0,9.148432465704392,4.926079019994672,0.5,Mạc Đĩnh Chi,"[[106.698668, 10.785517], [106.698842, 10.785356], [106.699163, 10.785059], [106.699356, 10.784876], [106.699677, 10.78457]]"
614,411925936,14068910951,False,41.47603417622946,tertiary,50.0,32.5,2.986274460688521,1.6079939403707426,0.5,Trần Cao Vân,"[[106.698668, 10.785517], [106.69841, 10.785243]]"
615,411926457,5772019375,False,39.25322678460677,tertiary,52.66233766233766,34.23051948051948,2.683352519036497,1.4448821256350368,0.5,Nguyễn Văn Thủ,"[[106.695792, 10.786565], [106.695549, 10.786306]]"
616,411926457,411918853,True,158.1177761662962,tertiary,52.66233766233766,34.23051948051948,10.80893897738528,5.820197910899767,0.5,Phùng Khắc Khoan,"[[106.695792, 10.786565], [106.694738, 10.78754]]"
617,411926457,411926446,False,130.42962566238586,tertiary,52.66233766233766,34.23051948051948,8.916175643307858,4.801017654088845,0.5,Nguyễn Văn Thủ,"[[106.695792, 10.786565], [106.696438, 10.787198], [106.69664, 10.787391]]"
618,14068910951,411925936,False,41.47603417622946,tertiary,50.0,32.5,2.986274460688521,1.6079939403707426,0.5,Trần Cao Vân,"[[106.69841, 10.785243], [106.698668, 10.785517]]"
619,14068910951,411925935,False,88.73265644957259,tertiary,50.0,32.5,6.388751264369226,3.4400968346603538,0.5,Trần Cao Vân,"[[106.69841, 10.785243], [106.697857, 10.784656]]"
620,411918916,411918914,False,76.19334103255778,residential,48.81818181818182,36.61363636363637,5.618726824747278,1.8729089415824245,0.3,Đường Cây Điệp,"[[106.697523, 10.789404], [106.697475, 10.78948], [106.697028, 10.789883]]"
621,411918916,411918913,False,79.34156818470738,residential,48.81818181818182,36.61363636363637,5.85088659239183,1.9502955307972751,0.3,Đường Cây Điệp,"[[106.697523, 10.789404], [106.697547, 10.789349], [106.697993, 10.788937], [106.698043, 10.788919]]"
622,411918916,411919278,False,77.43925406912138,residential,48.81818181818182,36.61363636363637,5.710604210683811,1.9035347368946027,0.3,Đường Nguyễn Thành Ý,"[[106.697523, 10.789404], [106.69797, 10.789904], [106.697991, 10.789927]]"
623,411918916,411925992,False,52.94210700203823,residential,48.81818181818182,36.61363636363637,3.904110683949188,1.3013702279830617,0.3,Đường Nguyễn Thành Ý,"[[106.697523, 10.789404], [106.697439, 10.789304], [106.697203, 10.789047]]"
624,411926704,411925891,False,97.6384777235738,residential,48.81818181818182,36.61363636363637,7.200155899168572,2.4000519663895217,0.3,Nguyễn Văn Thủ,"[[106.698538, 10.789435], [106.699141, 10.790083]]"
625,411926704,411919278,True,81.06195675186169,primary,55.900735294117645,27.950367647058822,5.220379352280366,5.220379352280366,0.8,Đinh Tiên Hoàng,"[[106.698538, 10.789435], [106.698282, 10.789662], [106.697991, 10.789927]]"
626,411926704,411918913,False,78.82911199673386,residential,48.81818181818182,36.61363636363637,5.813096527133446,1.9376988423778148,0.3,Nguyễn Văn Thủ,"[[106.698538, 10.789435], [106.698506, 10.789402], [106.698043, 10.788919]]"
627,411925988,411925992,False,77.71313354434102,residential,48.81818181818182,36.61363636363637,5.730800909415092,1.9102669698050287,0.3,Đường Trần Doãn Khanh,"[[106.697727, 10.788575], [106.697203, 10.789047]]"
628,411925988,411926446,False,177.31147314024994,residential,48.81818181818182,36.61363636363637,13.07548293548212,4.35849431182737,0.3,Nguyễn Văn Thủ,"[[106.697727, 10.788575], [106.697408, 10.788227], [106.697138, 10.787932], [106.696846, 10.787615], [106.69664, 10.787391]]"
629,411925988,411918913,False,51.546997755837126,residential,48.81818181818182,36.61363636363637,3.8012311194248607,1.267077039808286,0.3,Nguyễn Văn Thủ,"[[106.697727, 10.788575], [106.697807, 10.788662], [106.698043, 10.788919]]"
630,411918914,411925982,False,74.40080267031485,residential,48.81818181818182,36.61363636363637,5.486539638257854,1.828846546085951,0.3,Đường Phan Ngữ,"[[106.697028, 10.789883], [106.696527, 10.790336]]"
631,411918914,411918916,False,76.19334103255778,residential,48.81818181818182,36.61363636363637,5.618726824747278,1.8729089415824245,0.3,Đường Cây Điệp,"[[106.697028, 10.789883], [106.697475, 10.78948], [106.697523, 10.789404]]"
632,411918914,411926705,True,75.81522640711239,primary,55.900735294117645,27.950367647058822,4.882490608210751,4.882490608210751,0.8,Điện Biên Phủ,"[[106.697028, 10.789883], [106.697425, 10.790289], [106.697433, 10.790297], [106.697511, 10.790373]]"
633,411919278,411926705,True,72.21658440302961,primary,55.900735294117645,27.950367647058822,4.65073853649764,4.65073853649764,0.8,Đinh Tiên Hoàng,"[[106.697991, 10.789927], [106.697897, 10.790015], [106.697842, 10.790065], [106.697585, 10.790303], [106.697511, 10.790373]]"
634,411919278,411918916,False,77.43925406912138,residential,48.81818181818182,36.61363636363637,5.710604210683811,1.9035347368946027,0.3,Đường Nguyễn Thành Ý,"[[106.697991, 10.789927], [106.69797, 10.789904], [106.697523, 10.789404]]"
635,411925992,411925988,False,77.71313354434102,residential,48.81818181818182,36.61363636363637,5.730800909415092,1.9102669698050287,0.3,Đường Trần Doãn Khanh,"[[106.697203, 10.789047], [106.697727, 10.788575]]"
636,411925992,2231207282,False,78.73765169543314,residential,48.81818181818182,36.61363636363637,5.806351968601774,1.9354506562005904,0.3,Đường Nguyễn Thành Ý,"[[106.697203, 10.789047], [106.696962, 10.788792], [106.697234, 10.78855]]"
637,411925992,411918916,False,52.94210700203823,residential,48.81818181818182,36.61363636363637,3.904110683949188,1.3013702279830617,0.3,Đường Nguyễn Thành Ý,"[[106.697203, 10.789047], [106.697439, 10.789304], [106.697523, 10.789404]]"
638,411926446,411918912,True,153.65029906271982,tertiary,52.66233766233766,34.23051948051948,10.503542022240676,5.655753396591132,0.5,Mạc Đĩnh Chi,"[[106.69664, 10.787391], [106.697672, 10.786451]]"
639,411926446,411925988,False,177.31147314024994,residential,48.81818181818182,36.61363636363637,13.07548293548212,4.35849431182737,0.3,Nguyễn Văn Thủ,"[[106.69664, 10.787391], [106.696846, 10.787615], [106.697138, 10.787932], [106.697408, 10.788227], [106.697727, 10.788575]]"
640,411926446,411926457,False,130.42962566238586,tertiary,52.66233766233766,34.23051948051948,8.916175643307858,4.801017654088845,0.5,Nguyễn Văn Thủ,"[[106.69664, 10.787391], [106.696438, 10.787198], [106.695792, 10.786565]]"
641,411925982,411918914,False,74.40080267031485,residential,48.81818181818182,36.61363636363637,5.486539638257854,1.828846546085951,0.3,Đường Phan Ngữ,"[[106.696527, 10.790336], [106.697028, 10.789883]]"
642,411925982,411926265,False,59.75120314124021,residential,48.81818181818182,36.61363636363637,4.40623397466129,1.4687446582204284,0.3,Huỳnh Khương Ninh,"[[106.696527, 10.790336], [106.696146, 10.789951]]"
643,411925982,11333010757,False,65.18174530403572,residential,48.81818181818182,36.61363636363637,4.806698536386992,1.6022328454623294,0.3,Đường Phan Ngữ,"[[106.696527, 10.790336], [106.696233, 10.790558], [106.696054, 10.790694]]"
644,411925982,6637183630,True,89.18199454938583,residential,48.81818181818182,36.61363636363637,6.576549318725659,2.1921831062418846,0.3,Huỳnh Khương Ninh,"[[106.696527, 10.790336], [106.696805, 10.790637], [106.696954, 10.790794], [106.696956, 10.790798], [106.696957, 10.790803], [106.696958, 10.790808], [106.696958, 10.790812], [106.696957, 10.790816], [106.696956, 10.790819], [106.696954, 10.790821], [106.696929, 10.790844], [106.696906, 10.790866], [106.696878, 10.790903], [106.696871, 10.790917], [106.69687, 10.79093], [106.696871, 10.790943]]"
645,411926705,3014433882,True,24.26335921960663,primary,55.900735294117645,27.950367647058822,1.5625571422452362,1.5625571422452362,0.8,Ðiện Biên Phủ,"[[106.697511, 10.790373], [106.697661, 10.790534]]"
646,411926705,11364187677,True,12.806384025536357,primary,55.900735294117645,27.950367647058822,0.8247294467481223,0.8247294467481223,0.8,Đinh Tiên Hoàng,"[[106.697511, 10.790373], [106.697425, 10.790452]]"
647,11333010757,411925982,False,65.18174530403572,residential,48.81818181818182,36.61363636363637,4.806698536386992,1.6022328454623294,0.3,Đường Phan Ngữ,"[[106.696054, 10.790694], [106.696233, 10.790558], [106.696527, 10.790336]]"
648,6637183630,411925996,True,34.541210128566554,primary,55.900735294117645,27.950367647058822,2.2244493888781567,2.2244493888781567,0.8,Đinh Tiên Hoàng,"[[106.696871, 10.790943], [106.696642, 10.791156]]"
649,3014433882,411926453,True,72.79442629987317,primary,55.900735294117645,27.950367647058822,4.687951478647538,4.687951478647538,0.8,Ðiện Biên Phủ,"[[106.697661, 10.790534], [106.698123, 10.791006]]"
650,11364187677,6637183621,True,46.106462910043305,primary,55.900735294117645,27.950367647058822,2.969250146761881,2.969250146761881,0.8,Đinh Tiên Hoàng,"[[106.697425, 10.790452], [106.697354, 10.790515], [106.697112, 10.79073]]"
651,2231207282,411925992,False,78.73765169543314,residential,48.81818181818182,36.61363636363637,5.806351968601774,1.9354506562005904,0.3,Đường Nguyễn Thành Ý,"[[106.697234, 10.78855], [106.696962, 10.788792], [106.697203, 10.789047]]"
652,411918926,8345090612,False,81.6338772872717,residential,48.81818181818182,36.61363636363637,6.019928380960819,2.0066427936536044,0.3,,"[[106.69163, 10.770952], [106.691019, 10.770529]]"
653,411918926,411924866,False,45.40474201958932,residential,48.81818181818182,36.61363636363637,3.3482826517239053,1.1160942172413009,0.3,Nguyễn Văn Tráng,"[[106.69163, 10.770952], [106.691606, 10.771032], [106.691588, 10.771111], [106.69157, 10.7712], [106.69154, 10.77135]]"
654,411918926,411926632,False,70.36318052159855,residential,48.81818181818182,36.61363636363637,5.188793200475424,1.729597733491807,0.3,Nguyễn Văn Tráng,"[[106.69163, 10.770952], [106.691731, 10.770819], [106.691958, 10.77052], [106.692015, 10.770445]]"
655,8345090612,411918926,False,81.6338772872717,residential,48.81818181818182,36.61363636363637,6.019928380960819,2.0066427936536044,0.3,,"[[106.691019, 10.770529], [106.69163, 10.770952]]"
656,411924866,411918926,False,45.40474201958932,residential,48.81818181818182,36.61363636363637,3.3482826517239053,1.1160942172413009,0.3,Nguyễn Văn Tráng,"[[106.69154, 10.77135], [106.69157, 10.7712], [106.691588, 10.771111], [106.691606, 10.771032], [106.69163, 10.770952]]"
657,411924866,411922606,True,229.27222780477055,tertiary,52.66233766233766,34.23051948051948,15.673060800858792,8.439340431231656,0.5,Lê Thị Riêng,"[[106.69154, 10.77135], [106.69151, 10.771345], [106.691359, 10.771318], [106.69119, 10.771286], [106.69104, 10.771254], [106.691029, 10.77125], [106.690827, 10.771201], [106.690605, 10.771129], [106.690239, 10.770992], [106.690035, 10.770902], [106.689574, 10.770664]]"
658,411926632,411918926,False,70.36318052159855,residential,48.81818181818182,36.61363636363637,5.188793200475424,1.729597733491807,0.3,Nguyễn Văn Tráng,"[[106.692015, 10.770445], [106.691958, 10.77052], [106.691731, 10.770819], [106.69163, 10.770952]]"
659,411926632,411923334,False,41.14775273592646,secondary,53.97590361445784,32.3855421686747,2.744408151226524,1.8296054341510155,0.6,Nguyễn Trãi,"[[106.692015, 10.770445], [106.691949, 10.770399], [106.691707, 10.770232]]"
660,411926632,4666207251,False,149.7367582953905,secondary,53.97590361445784,32.3855421686747,9.986907004165776,6.657938002777184,0.6,Nguyễn Trãi,"[[106.692015, 10.770445], [106.692153, 10.770543], [106.692457, 10.77076], [106.692763, 10.770968], [106.692958, 10.771111], [106.693005, 10.771144], [106.693023, 10.771157], [106.693127, 10.771233]]"
661,411926632,411919062,False,123.12424275934744,residential,48.81818181818182,36.61363636363637,9.079553097337357,3.02651769911245,0.3,Nguyễn Văn Tráng,"[[106.692015, 10.770445], [106.692083, 10.770361], [106.692284, 10.77011], [106.692503, 10.769829], [106.692664, 10.769606], [106.692693, 10.769561]]"
662,411922606,8819566548,False,27.38780752661769,tertiary_link,53.16964479863687,34.56026911911396,1.8543683612938384,0.998506040696682,0.5,,"[[106.689574, 10.770664], [106.689426, 10.770863]]"
663,411922606,4605022195,True,63.54226545568131,tertiary,52.66233766233766,34.23051948051948,4.343752400570866,2.338943600307388,0.5,Lê Thị Riêng,"[[106.689574, 10.770664], [106.689254, 10.7705], [106.689054, 10.770407]]"
664,411923334,11096747636,False,111.95817003683938,residential,48.81818181818182,36.61363636363637,8.256133209420558,2.752044403140184,0.3,Hẻm 71 Nguyễn Trãi,"[[106.691707, 10.770232], [106.691837, 10.770035], [106.69202, 10.769796], [106.69212, 10.769653], [106.692205, 10.769479], [106.692253, 10.769383]]"
665,411923334,6790789090,False,277.14326449802525,secondary,53.97590361445784,32.3855421686747,18.48446594464508,12.32297729643005,0.6,Nguyễn Trãi,"[[106.691707, 10.770232], [106.691474, 10.770073], [106.691431, 10.770041], [106.691391, 10.770013], [106.691359, 10.769991], [106.691226, 10.7699], [106.691215, 10.769892], [106.691205, 10.769885], [106.690995, 10.76974], [106.690962, 10.769718], [106.690942, 10.769704], [106.690523, 10.769418], [106.690502, 10.769404], [106.690254, 10.769231], [106.689754, 10.768804], [106.689681, 10.768737]]"
666,411923334,411926632,False,41.14775273592646,secondary,53.97590361445784,32.3855421686747,2.744408151226524,1.8296054341510155,0.6,Nguyễn Trãi,"[[106.691707, 10.770232], [106.691949, 10.770399], [106.692015, 10.770445]]"
667,4666207251,411926632,False,149.7367582953905,secondary,53.97590361445784,32.3855421686747,9.986907004165776,6.657938002777184,0.6,Nguyễn Trãi,"[[106.693127, 10.771233], [106.693023, 10.771157], [106.693005, 10.771144], [106.692958, 10.771111], [106.692763, 10.770968], [106.692457, 10.77076], [106.692153, 10.770543], [106.692015, 10.770445]]"
668,4666207251,9864826744,True,27.52753643179972,primary,55.900735294117645,27.950367647058822,1.7727697253547048,1.7727697253547048,0.8,Ngã sáu Phù Đổng,"[[106.693127, 10.771233], [106.693173, 10.771213], [106.693223, 10.7712], [106.693277, 10.771193], [106.693326, 10.771198], [106.693371, 10.771208]]"
669,411919062,411926632,False,123.12424275934742,residential,48.81818181818182,36.61363636363637,9.079553097337351,3.02651769911245,0.3,Nguyễn Văn Tráng,"[[106.692693, 10.769561], [106.692664, 10.769606], [106.692503, 10.769829], [106.692284, 10.77011], [106.692083, 10.770361], [106.692015, 10.770445]]"
670,411919062,11096747636,True,52.037938414332494,secondary,53.97590361445784,32.3855421686747,3.470744642455926,2.3138297616372845,0.6,Lê Lai,"[[106.692693, 10.769561], [106.692645, 10.769541], [106.69238, 10.769434], [106.692253, 10.769383]]"
671,411926058,411926055,False,133.25791158872104,residential,48.81818181818182,36.61363636363637,9.826840407659876,3.275613469219957,0.3,Đường Đặng Trần Côn,"[[106.693551, 10.772959], [106.693927, 10.772626], [106.694237, 10.77234], [106.694263, 10.772316], [106.694448, 10.772146]]"
672,411926058,411925307,True,165.480912043285,tertiary,60.0,39.0,9.9288547225971,5.346306389090746,0.5,Nguyễn Du,"[[106.693551, 10.772959], [106.693466, 10.772896], [106.693009, 10.772569], [106.692807, 10.772424], [106.692403, 10.772137], [106.692327, 10.772082]]"
673,14068910965,14068911002,True,11.94214258097985,tertiary,60.0,39.0,0.716528554858791,0.3858230680008874,0.5,Trương Định,"[[106.693543, 10.774422], [106.693461, 10.774492]]"
674,12157150905,12157150907,False,225.1752275122842,primary,55.900735294117645,27.950367647058822,14.501255033214647,14.501255033214647,0.8,Nguyễn Thị Minh Khai,"[[106.691659, 10.775983], [106.691739, 10.776068], [106.692071, 10.776432], [106.692342, 10.776721], [106.693042, 10.777484]]"
675,12157150905,11135547226,False,20.70682128807856,primary,55.900735294117645,27.950367647058822,1.3335165672664602,1.3335165672664602,0.8,Nguyễn Thị Minh Khai,"[[106.691659, 10.775983], [106.691558, 10.775881], [106.691529, 10.775847]]"
676,12157150907,12157150905,False,225.1752275122842,primary,55.900735294117645,27.950367647058822,14.501255033214647,14.501255033214647,0.8,Nguyễn Thị Minh Khai,"[[106.693042, 10.777484], [106.692342, 10.776721], [106.692071, 10.776432], [106.691739, 10.776068], [106.691659, 10.775983]]"
677,12157150907,11998712797,True,216.2566748315862,primary,55.900735294117645,27.950367647058822,13.92690141368558,13.92690141368558,0.8,Nguyễn Thị Minh Khai,"[[106.693042, 10.777484], [106.693957, 10.778449], [106.694348, 10.778875], [106.694384, 10.778914]]"
678,12157150907,14068911022,True,224.1386301054362,residential,50.0,37.5,16.137981367591404,5.379327122530473,0.3,Huyền Trân Công Chúa,"[[106.693042, 10.777484], [106.693946, 10.776646], [106.694125, 10.776485], [106.694538, 10.776111], [106.694544, 10.776105]]"
679,411926055,411926390,True,56.35369414091315,tertiary,52.66233766233766,34.23051948051948,3.852341310939858,2.074337628967616,0.5,Lý Tự Trọng,"[[106.694448, 10.772146], [106.69487, 10.772437]]"
680,411926055,411926058,False,133.25791158872104,residential,48.81818181818182,36.61363636363637,9.826840407659876,3.275613469219957,0.3,Đường Đặng Trần Côn,"[[106.694448, 10.772146], [106.694263, 10.772316], [106.694237, 10.77234], [106.693927, 10.772626], [106.693551, 10.772959]]"
681,411925307,5238614065,True,146.6068233693771,primary,55.900735294117645,27.950367647058822,9.44146014095982,9.44146014095982,0.8,Cách Mạng Tháng Tám,"[[106.692327, 10.772082], [106.692194, 10.772155], [106.691839, 10.77235], [106.691596, 10.772483], [106.691244, 10.772675], [106.691155, 10.772724]]"
682,411926393,411925962,False,63.42135073379482,primary,60.0,30.0,3.8052810440276894,3.8052810440276894,0.8,Hai Bà Trưng,"[[106.705097, 10.776535], [106.705522, 10.776146]]"
683,411926393,411919045,False,103.73503185102548,residential,48.81818181818182,36.61363636363637,7.6497341923661235,2.5499113974553733,0.3,Đông Du,"[[106.705097, 10.776535], [106.705405, 10.776872], [106.705517, 10.776993], [106.705734, 10.777227]]"
684,411926393,411926378,False,143.25130852167746,primary,50.0,25.0,10.314094213560775,10.314094213560775,0.8,Hai Bà Trưng,"[[106.705097, 10.776535], [106.7047, 10.776884], [106.704119, 10.777393]]"
685,411926393,14068910955,False,27.447908625567536,residential,48.81818181818182,36.61363636363637,2.0240915857960418,0.6746971952653467,0.3,Đông Du,"[[106.705097, 10.776535], [106.704929, 10.776351]]"
686,2036083527,411918805,True,12.475257109742364,residential,48.81818181818182,36.61363636363637,0.9199630941262528,0.3066543647087507,0.3,Thi Sách,"[[106.706274, 10.775901], [106.706312, 10.775795]]"
687,2036083527,6747172989,True,35.891369526679654,residential,40.0,30.0,3.230223257401169,1.0767410858003896,0.3,Công trường Mê Linh,"[[106.706274, 10.775901], [106.706207, 10.775872], [106.706121, 10.775822], [106.70607, 10.775786], [106.706003, 10.775724]]"
688,411926378,411918627,True,36.55167158442426,residential,48.81818181818182,36.61363636363637,2.6954305302480464,0.8984768434160149,0.3,Nguyễn Siêu,"[[106.704119, 10.777393], [106.704347, 10.777634]]"
689,411926378,411926702,False,35.75942545320512,primary,55.900735294117645,27.950367647058822,2.3029022955461005,2.3029022955461005,0.8,Hai Bà Trưng,"[[106.704119, 10.777393], [106.703886, 10.777619]]"
690,411926378,411926393,False,143.25130852167746,primary,50.0,25.0,10.314094213560775,10.314094213560775,0.8,Hai Bà Trưng,"[[106.704119, 10.777393], [106.7047, 10.776884], [106.705097, 10.776535]]"
691,14068910955,411926393,False,27.447908625567536,residential,48.81818181818182,36.61363636363637,2.0240915857960418,0.6746971952653467,0.3,Đông Du,"[[106.704929, 10.776351], [106.705097, 10.776535]]"
692,14068910955,411919545,False,160.95965609968806,residential,48.81818181818182,36.61363636363637,11.869650617407164,3.9565502058023863,0.3,Đông Du,"[[106.704929, 10.776351], [106.704703, 10.776103], [106.704311, 10.775666], [106.704212, 10.775555], [106.703951, 10.775264]]"
693,411919051,729523336,False,50.83694105601764,tertiary,52.66233766233766,34.23051948051948,3.475215797960072,1.8712700450554225,0.5,Nguyễn Văn Giai,"[[106.69735, 10.792615], [106.697433, 10.793065]]"
694,411919051,6637183631,False,165.6092436748551,tertiary,52.66233766233766,34.23051948051948,11.321056065763214,6.095953266180191,0.5,Nguyễn Văn Giai,"[[106.69735, 10.792615], [106.697075, 10.79115]]"
695,411919051,411925989,False,69.2556946204239,tertiary,52.66233766233766,34.23051948051948,4.734322700069422,2.5492506846527645,0.5,Nguyễn Huy Tự,"[[106.69735, 10.792615], [106.696893, 10.792652], [106.696718, 10.792666]]"
696,411919051,5772015877,False,97.8498018451176,residential,48.81818181818182,36.61363636363637,7.21573957740532,2.405246525801773,0.3,Mai Thị Lựu,"[[106.69735, 10.792615], [106.69753, 10.792587], [106.697538, 10.792586], [106.697706, 10.792507], [106.697969, 10.792253], [106.698077, 10.79215]]"
697,729523336,411919051,False,50.83694105601764,tertiary,52.66233766233766,34.23051948051948,3.475215797960072,1.8712700450554225,0.5,Nguyễn Văn Giai,"[[106.697433, 10.793065], [106.69735, 10.792615]]"
698,6637183631,411919051,False,165.6092436748551,tertiary,52.66233766233766,34.23051948051948,11.321056065763214,6.095953266180191,0.5,Nguyễn Văn Giai,"[[106.697075, 10.79115], [106.69735, 10.792615]]"
699,6637183631,6637183630,True,34.721020226922285,tertiary,52.66233766233766,34.23051948051948,2.3735306552164874,1.2780549681934934,0.5,Nguyễn Văn Giai,"[[106.697075, 10.79115], [106.697023, 10.791025], [106.696993, 10.790988], [106.696964, 10.790969], [106.696916, 10.790952], [106.696871, 10.790943]]"
700,411925989,2231246984,False,44.117533844735846,tertiary,52.66233766233766,34.23051948051948,3.0158767895834218,1.6239336559295352,0.5,Nguyễn Huy Tự,"[[106.696718, 10.792666], [106.696577, 10.79268], [106.696315, 10.792693]]"
701,411925989,411919051,False,69.2556946204239,tertiary,52.66233766233766,34.23051948051948,4.734322700069422,2.5492506846527645,0.5,Nguyễn Huy Tự,"[[106.696718, 10.792666], [106.696893, 10.792652], [106.69735, 10.792615]]"
702,411925989,411925996,False,168.11976696048302,residential,48.81818181818182,36.61363636363637,12.397658792616625,4.132552930872208,0.3,Đường Trương Hán Siêu,"[[106.696718, 10.792666], [106.696662, 10.791679], [106.696642, 10.791156]]"
703,5772015877,5772015878,False,64.69014372986778,residential,48.81818181818182,36.61363636363637,4.770446353263993,1.590148784421331,0.3,,"[[106.698077, 10.79215], [106.697885, 10.79195], [106.697641, 10.792142]]"
704,5772015877,1998235285,False,76.77160963101889,residential,48.81818181818182,36.61363636363637,5.661370095695248,1.887123365231748,0.3,Mai Thị Lựu,"[[106.698077, 10.79215], [106.698183, 10.79205], [106.698583, 10.79167]]"
705,5772015877,411919051,False,97.8498018451176,residential,48.81818181818182,36.61363636363637,7.215739577405321,2.405246525801772,0.3,Mai Thị Lựu,"[[106.698077, 10.79215], [106.697969, 10.792253], [106.697706, 10.792507], [106.697538, 10.792586], [106.69753, 10.792587], [106.69735, 10.792615]]"
706,2231246984,411925989,False,44.117533844735846,tertiary,52.66233766233766,34.23051948051948,3.0158767895834218,1.6239336559295352,0.5,Nguyễn Huy Tự,"[[106.696315, 10.792693], [106.696577, 10.79268], [106.696718, 10.792666]]"
707,2231246984,13520859448,True,23.76245782982996,tertiary,52.66233766233766,34.23051948051948,1.6244027892549604,0.8746784249834403,0.5,Nguyễn Huy Tự,"[[106.696315, 10.792693], [106.69629, 10.792702], [106.696133, 10.792705], [106.696101, 10.792697]]"
708,411925996,411926524,True,68.7053352017302,primary,55.900735294117645,27.950367647058822,4.4246145497885045,4.4246145497885045,0.8,Đinh Tiên Hoàng,"[[106.696642, 10.791156], [106.6962, 10.791596]]"
709,411925996,411925989,False,168.11976696048302,residential,48.81818181818182,36.61363636363637,12.397658792616625,4.132552930872208,0.3,Đường Trương Hán Siêu,"[[106.696642, 10.791156], [106.696662, 10.791679], [106.696718, 10.792666]]"
710,5772015878,5772015877,False,64.69014372986778,residential,48.81818181818182,36.61363636363637,4.770446353263993,1.590148784421331,0.3,,"[[106.697641, 10.792142], [106.697885, 10.79195], [106.698077, 10.79215]]"
711,1998235285,3014433881,True,161.38397910188746,primary,55.900735294117645,27.950367647058822,10.393107026410274,10.393107026410274,0.8,Ðiện Biên Phủ,"[[106.698583, 10.79167], [106.69784, 10.790899], [106.697599, 10.790648], [106.697568, 10.790616]]"
712,1998235285,5772015877,False,76.77160963101889,residential,48.81818181818182,36.61363636363637,5.661370095695248,1.887123365231748,0.3,Mai Thị Lựu,"[[106.698583, 10.79167], [106.698183, 10.79205], [106.698077, 10.79215]]"
713,11096747636,411923334,False,111.95817003683936,residential,48.81818181818182,36.61363636363637,8.256133209420556,2.752044403140184,0.3,Hẻm 71 Nguyễn Trãi,"[[106.692253, 10.769383], [106.692205, 10.769479], [106.69212, 10.769653], [106.69202, 10.769796], [106.691837, 10.770035], [106.691707, 10.770232]]"
714,11096747636,4608867550,True,275.1210730492498,secondary,53.97590361445784,32.3855421686747,18.34959299712407,12.233061998082714,0.6,Lê Lai,"[[106.692253, 10.769383], [106.691757, 10.769183], [106.691295, 10.768997], [106.691183, 10.768952], [106.691145, 10.768936], [106.690006, 10.768477], [106.689923, 10.768443]]"
715,4608867550,6790789090,False,41.98670760236266,tertiary,52.66233766233766,34.23051948051948,2.870213402558552,1.545499524454605,0.5,Tôn Thất Tùng,"[[106.689923, 10.768443], [106.689887, 10.768488], [106.689747, 10.768653], [106.689681, 10.768737]]"
716,4608867550,4603761225,False,117.21807477935748,tertiary,52.66233766233766,34.23051948051948,8.013033373326238,4.314710277944897,0.5,Ðỗ Quang Ðẩu,"[[106.689923, 10.768443], [106.689977, 10.768356], [106.69035, 10.767754], [106.690404, 10.767665], [106.690443, 10.767605], [106.690483, 10.767544]]"
717,4608867550,11954110644,True,59.48605539941159,secondary,53.97590361445784,32.3855421686747,3.967507444942898,2.645004963295265,0.6,Lê Lai,"[[106.689923, 10.768443], [106.689851, 10.768413], [106.689459, 10.768249], [106.689424, 10.768229]]"
718,411919133,11369890061,True,154.70596755619383,secondary,60.0,36.0,9.282358053371633,6.188238702247755,0.6,Nguyễn Hữu Cảnh,"[[106.708852, 10.785731], [106.708992, 10.785899], [106.709358, 10.786803], [106.709432, 10.786991]]"
719,411919133,411919178,True,131.75203142996983,primary,70.0,35.0,6.775818759255592,6.775818759255592,0.8,Nguyễn Hữu Cảnh,"[[106.708852, 10.785731], [106.708903, 10.785935], [106.708966, 10.786098], [106.709127, 10.786491], [106.709274, 10.786839]]"
720,411919179,411926068,False,159.8830808873018,residential,48.81818181818182,36.61363636363637,11.790260713477004,3.9300869044923328,0.3,Nguyễn Thái Bình,"[[106.699924, 10.76942], [106.700022, 10.769512], [106.700699, 10.770141], [106.700991, 10.770405]]"
721,411919179,6789193622,False,100.68245350033142,tertiary,52.66233766233766,34.23051948051948,6.882657487124998,3.706046339221153,0.5,Phó Đức Chính,"[[106.699924, 10.76942], [106.699981, 10.769328], [106.700164, 10.769031], [106.700396, 10.76865], [106.7004, 10.768644]]"
722,411919179,411926577,False,162.05991667214516,residential,48.81818181818182,36.61363636363637,11.95078715124199,3.983595717080661,0.3,Nguyễn Thái Bình,"[[106.699924, 10.76942], [106.699873, 10.769374], [106.699747, 10.76926], [106.699385, 10.768918], [106.699258, 10.768798], [106.699068, 10.768619], [106.698946, 10.768504], [106.698852, 10.768413]]"
723,411919179,14068911044,False,58.26596920287575,tertiary,52.66233766233766,34.23051948051948,3.9830645284925175,2.144727053803663,0.5,Phó Đức Chính,"[[106.699924, 10.76942], [106.699869, 10.769512], [106.699652, 10.769873]]"
724,6789193622,6789193621,False,30.47988330246246,residential,48.81818181818182,36.61363636363637,2.2476785452095225,0.7492261817365069,0.3,Hẻm 30 Phó Đức Chính,"[[106.7004, 10.768644], [106.700469, 10.768695], [106.70062, 10.768813]]"
725,6789193622,411919179,False,100.6824535003314,tertiary,52.66233766233766,34.23051948051948,6.882657487124997,3.706046339221152,0.5,Phó Đức Chính,"[[106.7004, 10.768644], [106.700396, 10.76865], [106.700164, 10.769031], [106.699981, 10.769328], [106.699924, 10.76942]]"
726,6789193622,411925445,False,71.45859269076878,tertiary,52.66233766233766,34.23051948051948,4.884912920809151,2.6303377265895422,0.5,Phó Đức Chính,"[[106.7004, 10.768644], [106.70069, 10.768179], [106.700741, 10.768096]]"
727,411926577,1767203801,False,163.8411734158261,secondary,53.97590361445784,32.3855421686747,10.927621119787686,7.285080746525127,0.6,Calmette,"[[106.698852, 10.768413], [106.698901, 10.768351], [106.699013, 10.768215], [106.699712, 10.767329], [106.699773, 10.767251]]"
728,411926577,411925603,False,64.488426047423,residential,48.81818181818182,36.61363636363637,4.755571082826725,1.5851903609422404,0.3,Nguyễn Thái Bình,"[[106.698852, 10.768413], [106.698781, 10.768349], [106.69842, 10.768018]]"
729,411926577,411926712,False,134.8281060113462,secondary,53.97590361445784,32.3855421686747,8.99255314200675,5.995035428004501,0.6,Calmette,"[[106.698852, 10.768413], [106.698799, 10.768479], [106.698146, 10.769317], [106.698102, 10.769377]]"
730,411926577,411919179,False,162.05991667214516,residential,48.81818181818182,36.61363636363637,11.95078715124199,3.983595717080661,0.3,Nguyễn Thái Bình,"[[106.698852, 10.768413], [106.698946, 10.768504], [106.699068, 10.768619], [106.699258, 10.768798], [106.699385, 10.768918], [106.699747, 10.76926], [106.699873, 10.769374], [106.699924, 10.76942]]"
731,14068911044,411919179,False,58.26596920287575,tertiary,52.66233766233766,34.23051948051948,3.9830645284925175,2.144727053803663,0.5,Phó Đức Chính,"[[106.699652, 10.769873], [106.699869, 10.769512], [106.699924, 10.76942]]"
732,14068911044,411926069,False,73.06100738931264,tertiary,52.66233766233766,34.23051948051948,4.994454068635625,2.689321421573029,0.5,Phó Đức Chính,"[[106.699652, 10.769873], [106.699542, 10.770056], [106.699524, 10.770086], [106.699356, 10.770365], [106.699311, 10.770441]]"
733,411926069,411926068,False,183.63187889606016,residential,48.81818181818182,36.61363636363637,13.54156872306142,4.51385624102047,0.3,Lê Công Kiều,"[[106.699311, 10.770441], [106.699441, 10.77045], [106.700991, 10.770405]]"
734,411926069,10744385565,False,42.52178478135663,tertiary,52.66233766233766,34.23051948051948,2.9067913049055627,1.5651953180260727,0.5,Phó Đức Chính,"[[106.699311, 10.770441], [106.69915, 10.770708], [106.699113, 10.77077]]"
735,411926069,411926712,False,177.31606518323554,residential,48.81818181818182,36.61363636363637,13.075821566584969,4.358607188861654,0.3,Lê Thị Hồng Gấm,"[[106.699311, 10.770441], [106.698734, 10.769936], [106.698496, 10.769737], [106.698102, 10.769377]]"
736,411926069,14068911044,False,73.06100738931264,tertiary,52.66233766233766,34.23051948051948,4.994454068635625,2.689321421573029,0.5,Phó Đức Chính,"[[106.699311, 10.770441], [106.699356, 10.770365], [106.699524, 10.770086], [106.699542, 10.770056], [106.699652, 10.769873]]"
737,10744385565,9591636815,True,21.18399631352859,tertiary,52.66233766233766,34.23051948051948,1.4481390328261712,0.7797671715217847,0.5,Phó Đức Chính,"[[106.699113, 10.77077], [106.699112, 10.770828], [106.69912, 10.770872], [106.699137, 10.770911], [106.699165, 10.770947]]"
738,10744385565,411926069,False,42.52178478135663,tertiary,52.66233766233766,34.23051948051948,2.9067913049055627,1.5651953180260727,0.5,Phó Đức Chính,"[[106.699113, 10.77077], [106.69915, 10.770708], [106.699311, 10.770441]]"
739,411926712,411926527,False,65.88529337124228,secondary,53.97590361445784,32.3855421686747,4.394313763242677,2.929542508828452,0.6,Calmette,"[[106.698102, 10.769377], [106.697744, 10.769854]]"
740,411926712,411925607,False,74.61966850874579,residential,48.81818181818182,36.61363636363637,5.50267946544941,1.834226488483136,0.3,Lê Thị Hồng Gấm,"[[106.698102, 10.769377], [106.698046, 10.769327], [106.69789, 10.769182], [106.697801, 10.7691], [106.6976, 10.768921]]"
741,411926712,411926069,False,177.31606518323554,residential,48.81818181818182,36.61363636363637,13.075821566584969,4.358607188861654,0.3,Lê Thị Hồng Gấm,"[[106.698102, 10.769377], [106.698496, 10.769737], [106.698734, 10.769936], [106.699311, 10.770441]]"
742,411926712,411926577,False,134.8281060113462,secondary,53.97590361445784,32.3855421686747,8.99255314200675,5.995035428004501,0.6,Calmette,"[[106.698102, 10.769377], [106.698146, 10.769317], [106.698799, 10.768479], [106.698852, 10.768413]]"
743,6789193621,11744922279,False,23.645352706917684,residential,48.81818181818182,36.61363636363637,1.7436796409570583,0.5812265469856857,0.3,,"[[106.70062, 10.768813], [106.700738, 10.768634]]"
744,6789193621,11744922278,False,32.98197125139928,residential,48.81818181818182,36.61363636363637,2.432190058762405,0.810730019587468,0.3,,"[[106.70062, 10.768813], [106.700462, 10.769066]]"
745,6789193621,6789193622,False,30.47988330246246,residential,48.81818181818182,36.61363636363637,2.2476785452095225,0.7492261817365069,0.3,Hẻm 30 Phó Đức Chính,"[[106.70062, 10.768813], [106.700469, 10.768695], [106.7004, 10.768644]]"
746,411925445,411926247,False,175.45601876056466,tertiary,50.0,32.5,12.632833350760656,6.802294881178817,0.5,Nguyễn Công Trứ,"[[106.700741, 10.768096], [106.700817, 10.768163], [106.701109, 10.768416], [106.701226, 10.768518], [106.701325, 10.768605], [106.701501, 10.768758], [106.701676, 10.76891], [106.701682, 10.768915], [106.701869, 10.769077], [106.701944, 10.769143]]"
747,411925445,6783651564,False,128.93813150811002,tertiary,52.66233766233766,34.23051948051948,8.814217029358346,4.746116861962188,0.5,Nguyễn Công Trứ,"[[106.700741, 10.768096], [106.700323, 10.767731], [106.700241, 10.767659], [106.699977, 10.767428], [106.699859, 10.767326]]"
748,411925445,6789193622,False,71.45859269076878,tertiary,52.66233766233766,34.23051948051948,4.884912920809151,2.6303377265895422,0.5,Phó Đức Chính,"[[106.700741, 10.768096], [106.70069, 10.768179], [106.7004, 10.768644]]"
749,411925445,1769173868,False,128.41346309420013,tertiary,52.66233766233766,34.23051948051948,8.778350670705862,4.726804207303157,0.5,Phó Đức Chính,"[[106.700741, 10.768096], [106.700806, 10.767988], [106.700991, 10.767679], [106.701237, 10.76727], [106.701254, 10.767241], [106.70135, 10.767109]]"
750,1767203801,6783651564,False,12.539904784549858,tertiary,52.66233766233766,34.23051948051948,0.8572285095628164,0.4615845820722858,0.5,Nguyễn Công Trứ,"[[106.699773, 10.767251], [106.699859, 10.767326]]"
751,1767203801,6783651566,False,12.99498733466582,tertiary,52.66233766233766,34.23051948051948,0.8883379751342454,0.4783358327645935,0.5,Nguyễn Công Trứ,"[[106.699773, 10.767251], [106.699686, 10.767171]]"
752,1767203801,411926577,False,163.8411734158261,secondary,53.97590361445784,32.3855421686747,10.927621119787686,7.285080746525127,0.6,Calmette,"[[106.699773, 10.767251], [106.699712, 10.767329], [106.699013, 10.768215], [106.698901, 10.768351], [106.698852, 10.768413]]"
753,1767203801,1767909356,True,225.68948513940688,secondary,53.97590361445784,32.3855421686747,15.05268262492294,10.035121749948628,0.6,Cầu Calmette,"[[106.699773, 10.767251], [106.699812, 10.767134], [106.699828, 10.76711], [106.700391, 10.766392], [106.700651, 10.766069], [106.701006, 10.765631]]"
754,411925603,411925607,False,134.56827494181778,residential,48.81818181818182,36.61363636363637,9.923470554368686,3.307823518122893,0.3,Hẻm 55 Lê Thị Hồng Gấm,"[[106.69842, 10.768018], [106.6976, 10.768921]]"
755,411925603,411925599,False,161.09258910585706,residential,48.81818181818182,36.61363636363637,11.879453498309012,3.959817832769669,0.3,Hẻm 165 Nguyễn Thái Bình,"[[106.69842, 10.768018], [106.699413, 10.766947]]"
756,411925603,10215974126,False,60.19011501263971,residential,48.81818181818182,36.61363636363637,4.438600660149968,1.4795335533833214,0.3,Nguyễn Thái Bình,"[[106.69842, 10.768018], [106.698331, 10.767937], [106.698125, 10.767762], [106.698086, 10.767729], [106.698008, 10.767658]]"
757,411925603,411926577,False,64.488426047423,residential,48.81818181818182,36.61363636363637,4.755571082826725,1.5851903609422404,0.3,Nguyễn Thái Bình,"[[106.69842, 10.768018], [106.698781, 10.768349], [106.698852, 10.768413]]"
758,411919193,411919306,True,157.79961838399578,secondary,60.0,36.0,9.467977103039749,6.311984735359831,0.6,Pasteur,"[[106.699923, 10.776802], [106.699882, 10.77684], [106.699675, 10.777034], [106.699631, 10.777075], [106.699603, 10.777101], [106.699538, 10.777162], [106.699509, 10.777189], [106.699477, 10.777219], [106.699432, 10.777261], [106.699273, 10.77741], [106.699248, 10.777433], [106.698872, 10.777776]]"
759,411919193,411926380,True,176.44513720033007,tertiary,52.66233766233766,34.23051948051948,12.061798281610724,6.494814459328852,0.5,Lý Tự Trọng,"[[106.699923, 10.776802], [106.699968, 10.77685], [106.700261, 10.77716], [106.700449, 10.777365], [106.700967, 10.777884], [106.701035, 10.777952]]"
760,411926380,411926594,True,186.1778502827427,tertiary,52.66233766233766,34.23051948051948,12.727127027959623,6.853068399670567,0.5,Lý Tự Trọng,"[[106.701035, 10.777952], [106.701298, 10.77824], [106.701738, 10.778721], [106.701753, 10.778737], [106.702175, 10.779197]]"
761,411926380,411926157,True,115.45509977933771,tertiary,60.0,39.0,6.927305986760263,3.730087839024757,0.5,Ðồng Khởi,"[[106.701035, 10.777952], [106.70143, 10.777587], [106.701559, 10.777468], [106.701735, 10.777305], [106.701805, 10.77724]]"
762,411926594,411926624,False,164.22272647697474,primary,55.900735294117645,27.950367647058822,10.575921983969332,10.575921983969332,0.8,Hai Bà Trưng,"[[106.702175, 10.779197], [106.701679, 10.779657], [106.70106, 10.780187]]"
763,411926594,411926701,False,110.78011710727596,primary,55.900735294117645,27.950367647058822,7.134224970170643,7.134224970170643,0.8,Hai Bà Trưng,"[[106.702175, 10.779197], [106.702536, 10.778873], [106.70287, 10.778573], [106.702924, 10.778525]]"
764,411926594,411921534,True,179.77837803680313,tertiary,52.66233766233766,34.23051948051948,12.289658789593544,6.617508579011908,0.5,Lý Tự Trọng,"[[106.702175, 10.779197], [106.702627, 10.779679], [106.703291, 10.780385]]"
765,411926157,1769277472,True,98.10685997306526,tertiary,52.66233766233766,34.23051948051948,6.70658978656811,3.611240654305905,0.5,Lê Thánh Tôn,"[[106.701805, 10.77724], [106.701737, 10.777163], [106.701493, 10.776881], [106.701348, 10.776718], [106.70127, 10.776629], [106.70122, 10.776571]]"
766,411926157,1985346078,True,113.83133715838268,tertiary,60.0,39.0,6.82988022950296,3.6776278158862095,0.5,Ðồng Khởi,"[[106.701805, 10.77724], [106.701853, 10.777196], [106.702536, 10.776567], [106.702565, 10.77654]]"
767,411919215,411919193,True,138.12201645367344,secondary,60.0,36.0,8.287320987220406,5.524880658146937,0.6,Pasteur,"[[106.700429, 10.775664], [106.700409, 10.775712], [106.700398, 10.775737], [106.700213, 10.776175], [106.700067, 10.776491], [106.699923, 10.776802]]"
768,411919215,411926545,True,145.6504552822026,tertiary,52.66233766233766,34.23051948051948,9.956672306837625,5.361285088297182,0.5,Lê Thánh Tôn,"[[106.700429, 10.775664], [106.700339, 10.775561], [106.700061, 10.775259], [106.699664, 10.77476], [106.699569, 10.774664]]"
769,411926545,411926537,True,89.11805029514053,tertiary,52.66233766233766,34.23051948051948,6.092114313640679,3.2803692458065195,0.5,Lê Thánh Tôn,"[[106.699569, 10.774664], [106.699468, 10.774552], [106.699118, 10.774178], [106.699019, 10.774073]]"
770,411926545,9824009360,True,136.31732893868275,secondary,53.97590361445784,32.3855421686747,9.091878992606787,6.061252661737857,0.6,Nam Kỳ Khởi Nghĩa,"[[106.699569, 10.774664], [106.699623, 10.774525], [106.699756, 10.774197], [106.700037, 10.773527]]"
771,411926537,411926505,True,122.14714934222953,tertiary,52.66233766233766,34.23051948051948,8.349985153555123,4.496145851914296,0.5,Lê Thánh Tôn,"[[106.699019, 10.774073], [106.698954, 10.774009], [106.698648, 10.773803], [106.698478, 10.773689], [106.698341, 10.773597], [106.698256, 10.773541], [106.698217, 10.773513], [106.698106, 10.773441]]"
772,411926537,411926001,False,61.82698711859519,residential,48.81818181818182,36.61363636363637,4.559308547293053,1.5197695157643505,0.3,Nguyễn Trung Trực,"[[106.699019, 10.774073], [106.699174, 10.773936], [106.699444, 10.773705]]"
773,411926537,411926412,False,127.40684003163224,residential,50.0,37.5,9.17329248227752,3.0577641607591755,0.3,Nguyễn Trung Trực,"[[106.699019, 10.774073], [106.698941, 10.774141], [106.698687, 10.774371], [106.69815, 10.774837]]"
774,9824009360,9722186805,True,30.004640503607583,tertiary,52.66233766233766,34.23051948051948,2.05111870471024,1.1044485333055136,0.5,Lê Lợi,"[[106.700037, 10.773527], [106.69985, 10.77333]]"
775,9824009360,4649997168,True,13.67067424247343,secondary,53.97590361445784,32.3855421686747,0.9117851481363975,0.6078567654242649,0.6,Nam Kỳ Khởi Nghĩa,"[[106.700037, 10.773527], [106.700086, 10.773414]]"
776,411919358,2032267525,True,31.155843048079227,residential,48.81818181818182,36.61363636363637,2.297525856059474,0.7658419520198243,0.3,Nam Kỳ Khởi Nghĩa,"[[106.700091, 10.773115], [106.700299, 10.772923]]"
777,411919358,1769277447,False,12.56996478715881,residential,48.81818181818182,36.61363636363637,0.926947123969253,0.3089823746564175,0.3,,"[[106.700091, 10.773115], [106.700006, 10.773191]]"
778,411919358,10107064857,True,14.0545232448522,tertiary,52.66233766233766,34.23051948051948,0.960767902212831,0.517336562729986,0.5,Lê Lợi,"[[106.700091, 10.773115], [106.700179, 10.773207]]"
779,2032267525,12212093091,True,134.5419505831423,secondary,53.97590361445784,32.3855421686747,8.973467596929222,5.982311731286149,0.6,Nam Kỳ Khởi Nghĩa,"[[106.700299, 10.772923], [106.700424, 10.77265], [106.700497, 10.77249], [106.700534, 10.772402], [106.700568, 10.77232], [106.700618, 10.772201], [106.70079, 10.771814]]"
780,1769277447,411919358,False,12.56996478715881,residential,48.81818181818182,36.61363636363637,0.926947123969253,0.3089823746564175,0.3,,"[[106.700006, 10.773191], [106.700091, 10.773115]]"
781,1769277447,10107064856,True,19.691450607868745,tertiary,52.66233766233766,34.23051948051948,1.3461085347721864,0.7248276725696388,0.5,Lê Lợi,"[[106.700006, 10.773191], [106.700127, 10.773322]]"
782,1769277447,4634456202,False,10.364620342152374,residential,48.81818181818182,36.61363636363637,0.7643183716000633,0.2547727905333544,0.3,,"[[106.700006, 10.773191], [106.699935, 10.773252]]"
783,10107064857,2032267525,True,34.177861611118075,secondary,53.97590361445784,32.3855421686747,2.2795413056701075,1.5196942037800714,0.6,Nam Kỳ Khởi Nghĩa,"[[106.700179, 10.773207], [106.700299, 10.772923]]"
784,10107064857,411919405,True,144.4609369145244,tertiary,52.66233766233766,34.23051948051948,9.875356772553925,5.31749980060596,0.5,Lê Lợi,"[[106.700179, 10.773207], [106.700329, 10.77337], [106.700992, 10.774071], [106.701077, 10.774161]]"
785,12212093091,411917839,True,81.52956842859263,secondary,53.97590361445784,32.3855421686747,5.437731037157026,3.6251540247713514,0.6,Nam Kỳ Khởi Nghĩa,"[[106.70079, 10.771814], [106.701034, 10.771246], [106.701082, 10.771139]]"
786,12212093091,14068911010,True,68.74977508589532,residential,48.81818181818182,36.61363636363637,5.069815816390046,1.6899386054633476,0.3,Huỳnh Thúc Kháng,"[[106.70079, 10.771814], [106.70086, 10.77185], [106.701367, 10.772059]]"
787,10107064856,10107064857,True,13.964411320653063,secondary,53.97590361445784,32.3855421686747,0.9313763621899857,0.6209175747933238,0.6,Nam Kỳ Khởi Nghĩa,"[[106.700127, 10.773322], [106.700179, 10.773207]]"
788,10107064856,9713062518,True,144.5614720156243,tertiary,52.66233766233766,34.23051948051948,9.882229357023688,5.321200423012755,0.5,Lê Lợi,"[[106.700127, 10.773322], [106.700247, 10.773449], [106.700922, 10.774164], [106.701026, 10.774276]]"
789,4634456202,9722186805,False,12.682184405651936,residential,48.81818181818182,36.61363636363637,0.9352225371765672,0.3117408457255223,0.3,,"[[106.699935, 10.773252], [106.69985, 10.77333]]"
790,4634456202,1769277447,False,10.364620342152374,residential,48.81818181818182,36.61363636363637,0.7643183716000633,0.2547727905333544,0.3,,"[[106.699935, 10.773252], [106.700006, 10.773191]]"
791,4634456202,10558393145,True,164.99860984504247,tertiary,52.66233766233766,34.23051948051948,11.279313107039648,6.073476288405965,0.5,Lê Lợi,"[[106.699935, 10.773252], [106.699875, 10.77319], [106.699012, 10.772276], [106.698905, 10.772167]]"
792,411919405,9713062518,False,13.994916572722998,secondary,50.0,30.0,1.0076339932360558,0.6717559954907038,0.6,Pasteur,"[[106.701077, 10.774161], [106.701026, 10.774276]]"
793,411919405,10560232673,True,166.99491910568878,tertiary,60.0,39.0,10.019695146341324,5.395220463414562,0.5,Lê Lợi,"[[106.701077, 10.774161], [106.701232, 10.774328], [106.701688, 10.774811], [106.702015, 10.775158], [106.702115, 10.775263]]"
794,411919362,411919358,True,173.75163152856908,tertiary,52.66233766233766,34.23051948051948,11.877670101040527,6.395668515944902,0.5,Lê Lợi,"[[106.698979, 10.772002], [106.699162, 10.772134], [106.699628, 10.772625], [106.700031, 10.77305], [106.700091, 10.773115]]"
795,411919362,1769277447,True,174.40777024458689,tertiary,52.66233766233766,34.23051948051948,11.922523776029466,6.419820494785094,0.5,Lê Lợi,"[[106.698979, 10.772002], [106.699043, 10.772146], [106.699081, 10.772211], [106.699862, 10.773038], [106.699946, 10.773127], [106.700006, 10.773191]]"
796,411919364,411925901,False,132.40340203539975,residential,48.81818181818182,36.61363636363637,9.763826295347917,3.25460876511597,0.3,Nguyễn Hữu Cầu,"[[106.690481, 10.79006], [106.690634, 10.790301], [106.690746, 10.790475], [106.69087, 10.790682], [106.690947, 10.790792], [106.691135, 10.791062]]"
797,411925901,411926373,False,47.92777938589641,residential,48.81818181818182,36.61363636363637,3.534339038513031,1.1781130128376764,0.3,Thạch Thị Thanh,"[[106.691135, 10.791062], [106.691342, 10.790963], [106.691529, 10.790873]]"
798,411925901,411926019,False,103.3361174498566,residential,48.81818181818182,36.61363636363637,7.620317040995011,2.5401056803316697,0.3,Nguyễn Hữu Cầu,"[[106.691135, 10.791062], [106.691148, 10.791087], [106.691485, 10.791749], [106.691492, 10.791814], [106.691493, 10.79191]]"
799,411925901,411919364,False,132.40340203539975,residential,48.81818181818182,36.61363636363637,9.763826295347917,3.25460876511597,0.3,Nguyễn Hữu Cầu,"[[106.691135, 10.791062], [106.690947, 10.790792], [106.69087, 10.790682], [106.690746, 10.790475], [106.690634, 10.790301], [106.690481, 10.79006]]"
800,411926373,411926372,False,100.07542204993042,residential,48.81818181818182,36.61363636363637,7.379863525469729,2.4599545084899086,0.3,Huyền Quang,"[[106.691529, 10.790873], [106.691541, 10.790894], [106.691789, 10.791328], [106.691953, 10.791656], [106.691959, 10.791668]]"
801,411926373,411926022,False,85.33631878741421,residential,48.81818181818182,36.61363636363637,6.29295758655792,2.097652528852638,0.3,Thạch Thị Thanh,"[[106.691529, 10.790873], [106.691857, 10.79072], [106.692072, 10.79062], [106.692194, 10.79055], [106.692228, 10.790531]]"
802,411926373,411925901,False,47.92777938589641,residential,48.81818181818182,36.61363636363637,3.534339038513031,1.1781130128376764,0.3,Thạch Thị Thanh,"[[106.691529, 10.790873], [106.691342, 10.790963], [106.691135, 10.791062]]"
803,411925979,411926265,False,74.75155265235196,residential,48.81818181818182,36.61363636363637,5.512405000061709,1.837468333353902,0.3,Đường Phan Tôn,"[[106.696636, 10.789482], [106.696146, 10.789951]]"
804,411925979,411918914,True,61.89677329235057,primary,55.900735294117645,27.950367647058822,3.986144058393271,3.986144058393271,0.8,Điện Biên Phủ,"[[106.696636, 10.789482], [106.697028, 10.789883]]"
805,7794718943,411926265,False,75.54254385295263,residential,48.81818181818182,36.61363636363637,5.57073507742444,1.856911692474812,0.3,Đường Phan Tôn,"[[106.695615, 10.790386], [106.6957, 10.790313], [106.696146, 10.789951]]"
806,9713062518,411919405,False,13.994916572722998,secondary,50.0,30.0,1.0076339932360558,0.6717559954907038,0.6,Pasteur,"[[106.701026, 10.774276], [106.701077, 10.774161]]"
807,9713062518,9608426541,False,11.445979741248344,secondary,50.0,30.0,0.8241105413698807,0.5494070275799204,0.6,Pasteur,"[[106.701026, 10.774276], [106.700986, 10.774372]]"
808,9713062518,10560232673,True,165.5459854141387,tertiary,60.0,39.0,9.93275912484832,5.348408759533712,0.5,Lê Lợi,"[[106.701026, 10.774276], [106.701161, 10.77442], [106.701933, 10.775233], [106.702115, 10.775263]]"
809,10560232673,10560232674,True,38.25604915613112,tertiary,52.66233766233766,34.23051948051948,2.615185407171281,1.4081767577076127,0.5,Lê Lợi,"[[106.702115, 10.775263], [106.702352, 10.775516]]"
810,10560232673,2034589230,True,181.5405427768242,tertiary,52.66233766233766,34.23051948051948,12.410120458134566,6.68237255438015,0.5,Nguyễn Huệ,"[[106.702115, 10.775263], [106.70217, 10.775218], [106.702368, 10.775034], [106.702722, 10.774705], [106.703282, 10.774197], [106.703332, 10.774151]]"
811,9608426541,9713062518,False,11.445979741248344,secondary,50.0,30.0,0.8241105413698807,0.5494070275799204,0.6,Pasteur,"[[106.700986, 10.774372], [106.701026, 10.774276]]"
812,9608426541,9708695734,False,13.63948876764917,secondary,50.0,30.0,0.98204319127074,0.65469546084716,0.6,Pasteur,"[[106.700986, 10.774372], [106.700938, 10.774485]]"
813,9608426541,4649997168,True,144.93429268707064,tertiary,52.66233766233766,34.23051948051948,9.907715396511955,5.3349236750449,0.5,Lê Lợi,"[[106.700986, 10.774372], [106.700865, 10.77424], [106.700179, 10.773513], [106.700086, 10.773414]]"
814,10560232674,10560232676,True,35.525734071135986,tertiary,52.66233766233766,34.23051948051948,2.428540933296892,1.3076758871598644,0.5,Nguyễn Huệ,"[[106.702352, 10.775516], [106.70212, 10.775741]]"
815,10560232674,1769277475,True,98.9414653166217,tertiary,52.66233766233766,34.23051948051948,6.763643449017888,3.641961857163478,0.5,Lê Lợi,"[[106.702352, 10.775516], [106.702453, 10.775623], [106.702504, 10.775676], [106.702561, 10.775736], [106.702567, 10.775743], [106.702759, 10.775945], [106.702894, 10.776088], [106.70297, 10.776167]]"
816,2034589230,411926158,True,50.81819534807514,tertiary,52.66233766233766,34.23051948051948,3.47393434044055,1.870580029467988,0.5,Nguyễn Huệ,"[[106.703332, 10.774151], [106.703671, 10.773838]]"
817,2034589230,411926620,False,82.97974058792252,residential,48.81818181818182,36.61363636363637,6.11917640089708,2.039725466965693,0.3,Tôn Thất Thiệp,"[[106.703332, 10.774151], [106.703261, 10.774078], [106.702802, 10.773617]]"
818,5762736900,4612970107,True,9.351910937265693,primary,55.900735294117645,27.950367647058822,0.602261834249955,0.602261834249955,0.8,Nguyễn Thái Học,"[[106.695488, 10.768081], [106.695432, 10.768145]]"
819,5762736900,9404261911,True,34.92860926974689,primary,60.0,30.0,2.095716556184813,2.095716556184813,0.8,Trần Hưng Đạo,"[[106.695488, 10.768081], [106.69551, 10.768111], [106.695522, 10.768126], [106.695694, 10.768321]]"
820,9404261912,9404261914,True,32.935342518824854,primary,55.900735294117645,27.950367647058822,2.1210317260396776,2.1210317260396776,0.8,Trần Hưng Đạo,"[[106.69575, 10.768275], [106.695947, 10.768499]]"
821,9404261912,9404261911,False,7.89767393096208,primary_link,50.0,25.0,0.5686325230292697,0.5686325230292697,0.8,,"[[106.69575, 10.768275], [106.695694, 10.768321]]"
822,411926533,411926174,False,41.53298664874457,residential,48.81818181818182,36.61363636363637,3.062767730521946,1.0209225768406478,0.3,Lê Thị Hồng Gấm,"[[106.697174, 10.768543], [106.697107, 10.768484], [106.696888, 10.768296]]"
823,411926533,411925607,False,62.74447814925018,residential,48.81818181818182,36.61363636363637,4.626967103743588,1.5423223679145286,0.3,Lê Thị Hồng Gấm,"[[106.697174, 10.768543], [106.697275, 10.768631], [106.6976, 10.768921]]"
824,411926533,10215974126,False,134.00166839478308,tertiary,52.66233766233766,34.23051948051948,9.160360660674195,4.932501894209183,0.5,Ký Con,"[[106.697174, 10.768543], [106.697258, 10.768449], [106.697592, 10.768107], [106.697957, 10.767715], [106.698008, 10.767658]]"
825,411926533,14068911046,False,36.45426285897096,tertiary,52.66233766233766,34.23051948051948,2.492015207030025,1.3418543422469362,0.5,Ký Con,"[[106.697174, 10.768543], [106.697051, 10.768677], [106.696949, 10.768786]]"
826,10215974134,6387670790,False,8.254937196023517,secondary,53.97590361445784,32.3855421686747,0.5505748290562114,0.3670498860374742,0.6,Yersin,"[[106.696511, 10.769137], [106.696477, 10.769204]]"
827,10215974134,411926174,False,102.30824534669183,tertiary,52.66233766233766,34.23051948051948,6.993796697929218,3.765890529654195,0.5,Yersin,"[[106.696511, 10.769137], [106.696551, 10.769037], [106.696716, 10.768631], [106.69672, 10.768624], [106.696888, 10.768296]]"
828,411919545,411919580,True,58.510924781690505,tertiary,60.0,39.0,3.51065548690143,1.8903529544853857,0.5,Ðồng Khởi,"[[106.703951, 10.775264], [106.704343, 10.774905]]"
829,411919545,14068910955,False,160.95965609968806,residential,48.81818181818182,36.61363636363637,11.869650617407164,3.9565502058023863,0.3,Đông Du,"[[106.703951, 10.775264], [106.704212, 10.775555], [106.704311, 10.775666], [106.704703, 10.776103], [106.704929, 10.776351]]"
830,718834751,11383674418,False,16.765185665287873,residential,48.81818181818182,36.61363636363637,1.236315367496089,0.4121051224986962,0.3,Hẻm 10 Trần Nhật Duật,"[[106.688781, 10.795047], [106.688804, 10.794898]]"
831,718834751,11383642762,False,39.27539458753469,tertiary,52.66233766233766,34.23051948051948,2.6848679111380065,1.445698105997388,0.5,Hoàng Sa,"[[106.688781, 10.795047], [106.688461, 10.794886]]"
832,718834751,411919664,False,54.1773037701612,tertiary,52.66233766233766,34.23051948051948,3.70356315785171,1.9942263157663052,0.5,Hoàng Sa,"[[106.688781, 10.795047], [106.689118, 10.795208], [106.689183, 10.795227], [106.689234, 10.795244]]"
833,5764862096,2231313563,False,39.96501306546321,residential,48.81818181818182,36.61363636363637,2.947140628291142,0.9823802094303802,0.3,Hẻm 219 Hoàng Sa,"[[106.689704, 10.794969], [106.689642, 10.795323]]"
834,11383674418,718834751,False,16.765185665287873,residential,48.81818181818182,36.61363636363637,1.236315367496089,0.4121051224986962,0.3,Hẻm 10 Trần Nhật Duật,"[[106.688804, 10.794898], [106.688781, 10.795047]]"
835,11383674418,11383674413,False,56.79640352337539,residential,48.81818181818182,36.61363636363637,4.188338136919303,1.396112712306433,0.3,Hẻm 10 Trần Nhật Duật,"[[106.688804, 10.794898], [106.688788, 10.794885], [106.688767, 10.794867], [106.688753, 10.794844], [106.688747, 10.794816], [106.688749, 10.794787], [106.688757, 10.794716], [106.688803, 10.794412]]"
836,11383674418,11383674409,False,57.90985762738472,residential,48.81818181818182,36.61363636363637,4.270447601572505,1.4234825338575012,0.3,Hẻm 10 Trần Nhật Duật,"[[106.688804, 10.794898], [106.68884, 10.794889], [106.688862, 10.794877], [106.688872, 10.794864], [106.688887, 10.794812], [106.688971, 10.794432]]"
837,11383642762,718834751,False,39.27539458753469,tertiary,52.66233766233766,34.23051948051948,2.6848679111380065,1.445698105997388,0.5,Hoàng Sa,"[[106.688461, 10.794886], [106.688781, 10.795047]]"
838,11383642762,411920048,False,27.664338707069103,tertiary,52.66233766233766,34.23051948051948,1.891135558470914,1.018303762253569,0.5,Hoàng Sa,"[[106.688461, 10.794886], [106.688235, 10.794773]]"
839,11383642762,11383674413,False,85.68072598565664,residential,48.81818181818182,36.61363636363637,6.318355212350098,2.1061184041166987,0.3,Hẻm 10 Trần Nhật Duật,"[[106.688461, 10.794886], [106.688558, 10.794368], [106.688803, 10.794412]]"
840,2231006702,2332680419,False,21.8283812915134,tertiary,52.66233766233766,34.23051948051948,1.492189221703456,0.8034865039941683,0.5,Hoàng Sa,"[[106.693144, 10.794541], [106.693342, 10.794569]]"
841,2231006702,10945450649,True,108.000113153535,tertiary_link,53.16964479863687,34.56026911911396,7.312450719300156,3.937473464238546,0.5,Trần Nguyên Đán,"[[106.693144, 10.794541], [106.693374, 10.793688], [106.693452, 10.793644]]"
842,2231006702,864423474,False,161.40092924644955,tertiary,52.66233766233766,34.23051948051948,11.033375483875664,5.941048337471511,0.5,Hoàng Sa,"[[106.693144, 10.794541], [106.692822, 10.794503], [106.692731, 10.794497], [106.692571, 10.794531], [106.692473, 10.794556], [106.692375, 10.794607], [106.692071, 10.794806], [106.691822, 10.795006]]"
843,411919795,411925290,False,50.269235261738,residential,48.81818181818182,36.61363636363637,3.707005058407496,1.235668352802498,0.3,Hẻm 27 Nguyễn Văn Nguyễn,"[[106.686638, 10.793409], [106.687075, 10.79355]]"
844,411919795,13063019794,False,310.5688417724326,tertiary,52.66233766233766,34.23051948051948,21.23050134138553,11.431808414592208,0.5,Hoàng Sa,"[[106.686638, 10.793409], [106.686342, 10.793707], [106.686006, 10.79398], [106.685952, 10.794032], [106.685659, 10.794278], [106.685567, 10.794358], [106.685523, 10.794401], [106.685508, 10.794416], [106.685476, 10.794448], [106.685439, 10.794493], [106.68541, 10.794539], [106.685386, 10.794588], [106.685368, 10.794639], [106.685354, 10.794699], [106.685315, 10.794942], [106.685269, 10.795295], [106.685254, 10.795415], [106.685229, 10.795619], [106.685222, 10.795657]]"
845,411919795,411919797,False,57.46671093434961,tertiary,52.66233766233766,34.23051948051948,3.928427193835194,2.115306950526642,0.5,Hoàng Sa,"[[106.686638, 10.793409], [106.686674, 10.793354], [106.686705, 10.79327], [106.686733, 10.793162], [106.686774, 10.792915]]"
846,13063019794,411919795,False,310.5688417724327,tertiary,52.66233766233766,34.23051948051948,21.230501341385533,11.431808414592211,0.5,Hoàng Sa,"[[106.685222, 10.795657], [106.685229, 10.795619], [106.685254, 10.795415], [106.685269, 10.795295], [106.685315, 10.794942], [106.685354, 10.794699], [106.685368, 10.794639], [106.685386, 10.794588], [106.68541, 10.794539], [106.685439, 10.794493], [106.685476, 10.794448], [106.685508, 10.794416], [106.685523, 10.794401], [106.685567, 10.794358], [106.685659, 10.794278], [106.685952, 10.794032], [106.686006, 10.79398], [106.686342, 10.793707], [106.686638, 10.793409]]"
847,13063019794,6780363352,True,11.518863549359189,tertiary,52.66233766233766,34.23051948051948,0.7874300803655652,0.4240008125045349,0.5,Hoàng Sa,"[[106.685222, 10.795657], [106.685243, 10.795693], [106.685232, 10.795754]]"
848,6780363352,13063076805,False,6.259234267259331,tertiary_link,53.16964479863687,34.56026911911396,0.423799020051217,0.2281994723352707,0.5,,"[[106.685232, 10.795754], [106.685175, 10.795743]]"
849,6780363352,11930061311,True,182.6846202809424,tertiary,52.66233766233766,34.23051948051948,12.488329652744076,6.7244851976314255,0.5,Hoàng Sa,"[[106.685232, 10.795754], [106.685203, 10.795899], [106.685181, 10.796016], [106.685166, 10.796106], [106.685168, 10.796193], [106.685177, 10.796244], [106.685194, 10.796302], [106.685217, 10.796357], [106.685248, 10.796408], [106.685283, 10.796456], [106.685316, 10.796491], [106.685362, 10.796532], [106.685397, 10.796558], [106.685432, 10.796578], [106.685466, 10.796594], [106.685499, 10.796605], [106.685534, 10.796614], [106.68557, 10.796618], [106.685606, 10.796619], [106.685646, 10.796615], [106.685682, 10.796608], [106.685718, 10.796596], [106.685752, 10.796583], [106.685785, 10.796567], [106.685817, 10.796548], [106.685846, 10.796529], [106.685869, 10.796511], [106.685896, 10.796487], [106.685919, 10.796462], [106.685939, 10.796438], [106.685957, 10.796412], [106.686013, 10.796304]]"
850,411919798,411919797,False,59.29660095170239,tertiary,52.66233766233766,34.23051948051948,4.053518565674945,2.18266384305574,0.5,Hoàng Sa,"[[106.686534, 10.792445], [106.686553, 10.792472], [106.686706, 10.792686], [106.686774, 10.792915]]"
851,411919995,411926238,False,11.016056128182868,residential,48.81818181818182,36.61363636363637,0.8123572116872282,0.270785737229076,0.3,Nguyễn Văn Nguyễn,"[[106.686891, 10.793763], [106.686957, 10.793688]]"
852,411920001,11971404899,False,17.200986166511285,residential,48.81818181818182,36.61363636363637,1.268452611161726,0.4228175370539084,0.3,,"[[106.686329, 10.795266], [106.686482, 10.795301]]"
853,11971404899,411920001,False,17.200986166511285,residential,48.81818181818182,36.61363636363637,1.268452611161726,0.4228175370539084,0.3,,"[[106.686482, 10.795301], [106.686329, 10.795266]]"
854,11971404899,411920048,False,241.4116671184437,tertiary,52.66233766233766,34.23051948051948,16.502913471080788,8.88618417673581,0.5,Hoàng Sa,"[[106.686482, 10.795301], [106.686494, 10.795258], [106.686506, 10.795217], [106.686522, 10.795171], [106.686539, 10.795129], [106.686575, 10.795053], [106.686611, 10.794982], [106.686637, 10.794942], [106.686667, 10.794899], [106.686698, 10.794861], [106.686738, 10.794821], [106.686779, 10.794783], [106.68683, 10.794743], [106.68688, 10.794707], [106.686943, 10.794668], [106.687032, 10.794616], [106.687117, 10.794573], [106.687205, 10.794536], [106.687269, 10.794514], [106.68732, 10.794504], [106.687369, 10.794497], [106.687436, 10.794491], [106.687504, 10.794489], [106.687571, 10.794492], [106.687635, 10.794502], [106.6877, 10.794517], [106.687763, 10.794539], [106.688235, 10.794773]]"
855,11971404899,13063019793,False,104.72569796269576,tertiary,52.66233766233766,34.23051948051948,7.15905387799242,3.8548751650728414,0.5,Hoàng Sa,"[[106.686482, 10.795301], [106.686462, 10.795384], [106.686431, 10.795502], [106.686408, 10.795591], [106.686392, 10.795642], [106.686373, 10.79569], [106.686353, 10.795735], [106.686333, 10.795777], [106.686186, 10.796036], [106.686114, 10.796164]]"
856,13063019793,11971404899,False,104.72569796269576,tertiary,52.66233766233766,34.23051948051948,7.159053877992419,3.8548751650728414,0.5,Hoàng Sa,"[[106.686114, 10.796164], [106.686186, 10.796036], [106.686333, 10.795777], [106.686353, 10.795735], [106.686373, 10.79569], [106.686392, 10.795642], [106.686408, 10.795591], [106.686431, 10.795502], [106.686462, 10.795384], [106.686482, 10.795301]]"
857,13063019793,13063076806,True,19.193592958684825,tertiary,52.66233766233766,34.23051948051948,1.312074961318726,0.7065019022485446,0.5,Hoàng Sa,"[[106.686114, 10.796164], [106.686114, 10.796213], [106.686058, 10.796324]]"
858,11383674413,11383674418,False,56.79640352337539,residential,48.81818181818182,36.61363636363637,4.188338136919303,1.396112712306433,0.3,Hẻm 10 Trần Nhật Duật,"[[106.688803, 10.794412], [106.688757, 10.794716], [106.688749, 10.794787], [106.688747, 10.794816], [106.688753, 10.794844], [106.688767, 10.794867], [106.688788, 10.794885], [106.688804, 10.794898]]"
859,11383674413,11383674409,False,18.5848531374722,residential,48.81818181818182,36.61363636363637,1.370503136394598,0.4568343787981992,0.3,Hẻm 10 Trần Nhật Duật,"[[106.688803, 10.794412], [106.688915, 10.794425], [106.688971, 10.794432]]"
860,11383674413,11383642762,False,85.68072598565664,residential,48.81818181818182,36.61363636363637,6.318355212350098,2.1061184041166987,0.3,Hẻm 10 Trần Nhật Duật,"[[106.688803, 10.794412], [106.688558, 10.794368], [106.688461, 10.794886]]"
861,411920094,676561476,False,102.06377200188508,residential,48.81818181818182,36.61363636363637,7.526490449301022,2.5088301497670056,0.3,Nguyễn Bỉnh Khiêm,"[[106.698592, 10.793172], [106.699038, 10.792768], [106.699117, 10.792683], [106.699258, 10.792529]]"
862,411920094,4122304294,False,96.07973925817464,tertiary,52.66233766233766,34.23051948051948,6.568015714516895,3.536623846278327,0.5,Hoàng Sa,"[[106.698592, 10.793172], [106.699276, 10.79312], [106.69947, 10.793112]]"
863,411920094,2332680419,False,704.9091400042937,tertiary,52.66233766233766,34.23051948051948,48.187623578098695,25.94718192666852,0.5,Hoàng Sa,"[[106.698592, 10.793172], [106.69754, 10.79323], [106.697366, 10.793248], [106.697239, 10.793266], [106.696891, 10.793316], [106.696625, 10.793283], [106.696411, 10.793258], [106.696113, 10.793226], [106.695819, 10.793195], [106.695381, 10.793117], [106.694968, 10.793043], [106.694864, 10.793032], [106.694737, 10.793039], [106.69452, 10.793117], [106.694431, 10.79319], [106.694282, 10.793362], [106.694183, 10.793542], [106.694146, 10.793722], [106.694188, 10.794094], [106.694193, 10.794217], [106.694169, 10.794358], [106.694122, 10.79445], [106.694115, 10.794465], [106.694, 10.794561], [106.693849, 10.794619], [106.693701, 10.794609], [106.693342, 10.794569]]"
864,676561476,411920094,False,102.06377200188508,residential,48.81818181818182,36.61363636363637,7.526490449301022,2.5088301497670056,0.3,Nguyễn Bỉnh Khiêm,"[[106.699258, 10.792529], [106.699117, 10.792683], [106.699038, 10.792768], [106.698592, 10.793172]]"
865,676561476,1998235285,True,121.78821782885372,primary,55.900735294117645,27.950367647058822,7.843145208682248,7.843145208682248,0.8,Ðiện Biên Phủ,"[[106.699258, 10.792529], [106.69922, 10.792497], [106.699185, 10.792465], [106.699154, 10.792428], [106.699129, 10.792379], [106.69911, 10.792328], [106.699089, 10.792282], [106.699065, 10.792237], [106.699026, 10.792172], [106.698982, 10.79211], [106.698933, 10.792051], [106.698857, 10.791965], [106.698583, 10.79167]]"
866,2332680419,2231006702,False,21.8283812915134,tertiary,52.66233766233766,34.23051948051948,1.492189221703456,0.8034865039941683,0.5,Hoàng Sa,"[[106.693342, 10.794569], [106.693144, 10.794541]]"
867,2332680419,411920094,False,704.9091400042938,tertiary,52.66233766233766,34.23051948051948,48.1876235780987,25.947181926668527,0.5,Hoàng Sa,"[[106.693342, 10.794569], [106.693701, 10.794609], [106.693849, 10.794619], [106.694, 10.794561], [106.694115, 10.794465], [106.694122, 10.79445], [106.694169, 10.794358], [106.694193, 10.794217], [106.694188, 10.794094], [106.694146, 10.793722], [106.694183, 10.793542], [106.694282, 10.793362], [106.694431, 10.79319], [106.69452, 10.793117], [106.694737, 10.793039], [106.694864, 10.793032], [106.694968, 10.793043], [106.695381, 10.793117], [106.695819, 10.793195], [106.696113, 10.793226], [106.696411, 10.793258], [106.696625, 10.793283], [106.696891, 10.793316], [106.697239, 10.793266], [106.697366, 10.793248], [106.69754, 10.79323], [106.698592, 10.793172]]"
868,13864848996,4122304294,False,53.99368955146927,tertiary_link,53.16964479863687,34.56026911911396,3.655794262335804,1.968504602796202,0.5,Hoàng Sa,"[[106.699575, 10.792651], [106.699553, 10.792708], [106.699543, 10.792735], [106.699533, 10.792785], [106.699533, 10.792836], [106.699541, 10.792913], [106.699541, 10.792953], [106.699537, 10.792987], [106.699527, 10.793017], [106.699513, 10.793047], [106.699507, 10.793054], [106.699498, 10.793066], [106.69947, 10.793112]]"
869,13864848996,676561476,True,37.59398782798196,primary,55.900735294117645,27.950367647058822,2.421047871171321,2.421047871171321,0.8,Ðiện Biên Phủ,"[[106.699575, 10.792651], [106.699488, 10.792633], [106.699409, 10.792612], [106.699356, 10.792591], [106.699303, 10.792563], [106.699258, 10.792529]]"
870,411920374,4594331987,False,138.13087232228543,residential,48.81818181818182,36.61363636363637,10.186187232704848,3.3953957442349463,0.3,,"[[106.687039, 10.756651], [106.686798, 10.756497], [106.6867, 10.756427], [106.686624, 10.756401], [106.68659, 10.75639], [106.686445, 10.756299], [106.686272, 10.756185], [106.686068, 10.756087], [106.685949, 10.756032]]"
871,4594331987,4593841565,False,7.114914718044761,residential,48.81818181818182,36.61363636363637,0.5246752752971555,0.1748917584323851,0.3,,"[[106.685949, 10.756032], [106.685893, 10.756065]]"
872,4594331987,411920374,False,138.13087232228543,residential,48.81818181818182,36.61363636363637,10.186187232704848,3.3953957442349463,0.3,,"[[106.685949, 10.756032], [106.686068, 10.756087], [106.686272, 10.756185], [106.686445, 10.756299], [106.68659, 10.75639], [106.686624, 10.756401], [106.6867, 10.756427], [106.686798, 10.756497], [106.687039, 10.756651]]"
873,4594331987,2289921217,False,47.87950335837893,residential,30.0,22.5,5.745540403005472,1.915180134335157,0.3,Hẻm 42 Nguyễn Văn Cừ,"[[106.685949, 10.756032], [106.685865, 10.756002], [106.685536, 10.755886]]"
874,4593841565,4594331987,False,7.114914718044761,residential,48.81818181818182,36.61363636363637,0.5246752752971555,0.1748917584323851,0.3,,"[[106.685893, 10.756065], [106.685949, 10.756032]]"
875,2289921217,4609836317,True,65.13070969640614,primary,50.0,25.0,4.6894110981412425,4.6894110981412425,0.8,Nguyễn Văn Cừ,"[[106.685536, 10.755886], [106.685324, 10.756313], [106.685286, 10.756417]]"
876,2289921217,4594331987,False,47.87950335837893,residential,30.0,22.5,5.745540403005472,1.915180134335157,0.3,Hẻm 42 Nguyễn Văn Cừ,"[[106.685536, 10.755886], [106.685865, 10.756002], [106.685949, 10.756032]]"
877,411920449,411926106,False,105.95277495044957,residential,48.81818181818182,36.61363636363637,7.813277258915834,2.6044257529719435,0.3,Hẻm 212B Nguyễn Trãi,"[[106.686702, 10.765367], [106.687598, 10.765004]]"
878,411920449,4603797315,False,202.7347208545228,residential,48.81818181818182,36.61363636363637,14.950269917763691,4.98342330592123,0.3,Hẻm 189C Cống Quỳnh,"[[106.686702, 10.765367], [106.686788, 10.765577], [106.686909, 10.76586], [106.686947, 10.765951], [106.686976, 10.766019], [106.687086, 10.766276], [106.687141, 10.766406], [106.687376, 10.767065]]"
879,411920449,4607337691,False,190.80888101856425,residential,48.81818181818182,36.61363636363637,14.07082251086619,4.690274170288728,0.3,,"[[106.686702, 10.765367], [106.686644, 10.765236], [106.686597, 10.765224], [106.686546, 10.765215], [106.686482, 10.765223], [106.68638, 10.765244], [106.686256, 10.765265], [106.686168, 10.765304], [106.685822, 10.765458], [106.685487, 10.764821]]"
880,411926106,411920449,False,105.95277495044957,residential,48.81818181818182,36.61363636363637,7.813277258915834,2.6044257529719435,0.3,Hẻm 212B Nguyễn Trãi,"[[106.687598, 10.765004], [106.686702, 10.765367]]"
881,411926106,411922370,False,33.282561604136546,secondary,50.0,30.0,2.396344435497831,1.597562956998554,0.6,Nguyễn Trãi,"[[106.687598, 10.765004], [106.687496, 10.764722]]"
882,411926106,4615020060,False,7.537017308863181,secondary,50.0,30.0,0.542665246238149,0.3617768308254325,0.6,Nguyễn Trãi,"[[106.687598, 10.765004], [106.687622, 10.765068]]"
883,4603797315,411920449,False,202.7347208545229,residential,48.81818181818182,36.61363636363637,14.950269917763697,4.98342330592123,0.3,Hẻm 189C Cống Quỳnh,"[[106.687376, 10.767065], [106.687141, 10.766406], [106.687086, 10.766276], [106.686976, 10.766019], [106.686947, 10.765951], [106.686909, 10.76586], [106.686788, 10.765577], [106.686702, 10.765367]]"
884,4603797315,5762711578,False,79.97117213878346,secondary,53.97590361445784,32.3855421686747,5.33379157032779,3.5558610468851928,0.6,Cống Quỳnh,"[[106.687376, 10.767065], [106.687134, 10.767167], [106.687022, 10.767221], [106.686713, 10.767369]]"
885,4603797315,4666227464,False,97.13255277871018,secondary,53.97590361445784,32.3855421686747,6.478394368365759,4.318929578910506,0.6,Cống Quỳnh,"[[106.687376, 10.767065], [106.687821, 10.766882], [106.688067, 10.766781], [106.688199, 10.766733]]"
886,4607337691,11875459307,False,58.91944006580566,residential,48.81818181818182,36.61363636363637,4.344897256249356,1.4482990854164512,0.3,,"[[106.685487, 10.764821], [106.685992, 10.764636]]"
887,4607337691,411920449,False,190.80888101856425,residential,48.81818181818182,36.61363636363637,14.07082251086619,4.690274170288728,0.3,,"[[106.685487, 10.764821], [106.685822, 10.765458], [106.686168, 10.765304], [106.686256, 10.765265], [106.68638, 10.765244], [106.686482, 10.765223], [106.686546, 10.765215], [106.686597, 10.765224], [106.686644, 10.765236], [106.686702, 10.765367]]"
888,4607337691,4611419047,False,70.83948250394344,residential,48.81818181818182,36.61363636363637,5.223917145542198,1.741305715180732,0.3,,"[[106.685487, 10.764821], [106.685312, 10.764891], [106.685074, 10.764988], [106.684889, 10.765067]]"
889,411922370,411926106,False,33.282561604136546,secondary,50.0,30.0,2.396344435497831,1.597562956998554,0.6,Nguyễn Trãi,"[[106.687496, 10.764722], [106.687598, 10.765004]]"
890,411922370,411920518,False,135.93777954445792,residential,48.81818181818182,36.61363636363637,10.024461955233768,3.3414873184112555,0.3,Hẻm 245 Nguyễn Trãi,"[[106.687496, 10.764722], [106.687989, 10.764562], [106.688111, 10.76453], [106.688304, 10.764494], [106.688438, 10.764444], [106.688687, 10.764375]]"
891,411922370,411926193,False,159.70976261904605,secondary,50.0,30.0,11.499102908571317,7.66606860571421,0.6,Nguyễn Trãi,"[[106.687496, 10.764722], [106.687395, 10.764441], [106.687333, 10.764272], [106.68733, 10.764264], [106.687298, 10.764162], [106.687273, 10.764082], [106.687179, 10.763814], [106.687163, 10.763765], [106.687062, 10.763461], [106.687049, 10.763429], [106.687019, 10.763365]]"
892,4615020060,411926106,False,7.537017308863181,secondary,50.0,30.0,0.542665246238149,0.3617768308254325,0.6,Nguyễn Trãi,"[[106.687622, 10.765068], [106.687598, 10.765004]]"
893,4615020060,411923755,False,78.35877245122853,residential,48.81818181818182,36.61363636363637,5.778412270146462,1.926137423382152,0.3,Hẻm 233 Nguyễn Trãi,"[[106.687622, 10.765068], [106.687916, 10.764986], [106.688308, 10.764864]]"
894,4615020060,4666227465,False,188.21096743611665,secondary,50.0,30.0,13.551189655400398,9.0341264369336,0.6,Nguyễn Trãi,"[[106.687622, 10.765068], [106.687674, 10.765203], [106.687709, 10.765295], [106.687828, 10.765614], [106.687843, 10.765655], [106.687865, 10.765713], [106.687919, 10.765868], [106.687958, 10.765979], [106.68798, 10.766043], [106.688048, 10.766232], [106.688113, 10.766397], [106.688124, 10.766424], [106.688219, 10.766655]]"
895,5762711578,4603797315,False,79.97117213878346,secondary,53.97590361445784,32.3855421686747,5.33379157032779,3.5558610468851928,0.6,Cống Quỳnh,"[[106.686713, 10.767369], [106.687022, 10.767221], [106.687134, 10.767167], [106.687376, 10.767065]]"
896,5762711578,12584655707,True,50.60766242554814,secondary,53.97590361445784,32.3855421686747,3.375350342132541,2.250233561421694,0.6,Cống Quỳnh,"[[106.686713, 10.767369], [106.686667, 10.76744], [106.686455, 10.767537], [106.686325, 10.767599]]"
897,4666227464,4603797315,False,97.13255277871018,secondary,53.97590361445784,32.3855421686747,6.478394368365759,4.318929578910506,0.6,Cống Quỳnh,"[[106.688199, 10.766733], [106.688067, 10.766781], [106.687821, 10.766882], [106.687376, 10.767065]]"
898,4666227464,4666227465,True,9.238486198420093,secondary,53.97590361445784,32.3855421686747,0.6161740348410543,0.4107826898940363,0.6,Ngã năm Cống Quỳnh,"[[106.688199, 10.766733], [106.688197, 10.766707], [106.688203, 10.766679], [106.688219, 10.766655]]"
899,11875459307,4607337691,False,58.91944006580566,residential,48.81818181818182,36.61363636363637,4.344897256249356,1.4482990854164512,0.3,,"[[106.685992, 10.764636], [106.685487, 10.764821]]"
900,4611419047,4611419048,False,76.56978143308511,residential,48.81818181818182,36.61363636363637,5.646486675512421,1.8821622251708063,0.3,,"[[106.684889, 10.765067], [106.685186, 10.765691]]"
901,4611419047,4607337691,False,70.83948250394344,residential,48.81818181818182,36.61363636363637,5.223917145542198,1.741305715180732,0.3,,"[[106.684889, 10.765067], [106.685074, 10.764988], [106.685312, 10.764891], [106.685487, 10.764821]]"
902,4611419047,12518123443,False,68.57442335147134,residential,48.81818181818182,36.61363636363637,5.0568848504995625,1.6856282834998533,0.3,,"[[106.684889, 10.765067], [106.684671, 10.765157], [106.684315, 10.765317]]"
903,411920518,411922370,False,135.93777954445792,residential,48.81818181818182,36.61363636363637,10.024461955233768,3.3414873184112555,0.3,Hẻm 245 Nguyễn Trãi,"[[106.688687, 10.764375], [106.688438, 10.764444], [106.688304, 10.764494], [106.688111, 10.76453], [106.687989, 10.764562], [106.687496, 10.764722]]"
904,411926193,411922370,False,159.70976261904605,secondary,50.0,30.0,11.499102908571317,7.66606860571421,0.6,Nguyễn Trãi,"[[106.687019, 10.763365], [106.687049, 10.763429], [106.687062, 10.763461], [106.687163, 10.763765], [106.687179, 10.763814], [106.687273, 10.764082], [106.687298, 10.764162], [106.68733, 10.764264], [106.687333, 10.764272], [106.687395, 10.764441], [106.687496, 10.764722]]"
905,411926193,4607349131,False,52.16843981122358,secondary,50.0,30.0,3.756127666408098,2.5040851109387314,0.6,Nguyễn Trãi,"[[106.687019, 10.763365], [106.68699, 10.763308], [106.686778, 10.762961]]"
906,411926193,14030366138,False,80.35789640809035,tertiary,50.0,32.5,5.785768541382505,3.115413829975197,0.5,Trần Ðình Xu,"[[106.687019, 10.763365], [106.687091, 10.763321], [106.687226, 10.763232], [106.687493, 10.763057], [106.687547, 10.763021], [106.687633, 10.762966]]"
907,13086336666,411920646,False,131.4346636040845,residential,50.0,37.5,9.463295779494084,3.154431926498029,0.3,Hẻm 391 Đường Trần Hưng Ðạo,"[[106.689812, 10.758702], [106.689633, 10.758848], [106.689482, 10.758981], [106.689259, 10.75924], [106.689039, 10.759428], [106.68894, 10.759512]]"
908,6760665401,411920646,False,79.54030911430758,residential,50.0,37.5,5.7269022562301455,1.9089674187433816,0.3,Hẻm 391 Đường Trần Hưng Ðạo,"[[106.688387, 10.759978], [106.68846, 10.759915], [106.68894, 10.759512]]"
909,6760665401,6786749269,True,50.81712592575775,primary,60.0,30.0,3.049027555545465,3.049027555545465,0.8,Trần Hưng Đạo,"[[106.688387, 10.759978], [106.688643, 10.760268], [106.68869, 10.760324]]"
910,6786749269,9404261876,True,28.79887161284602,primary,60.0,30.0,1.727932296770761,1.727932296770761,0.8,Trần Hưng Đạo,"[[106.68869, 10.760324], [106.688863, 10.760519]]"
911,6786749269,6786749265,False,10.432181033714542,primary_link,50.0,25.0,0.751117034427447,0.751117034427447,0.8,,"[[106.68869, 10.760324], [106.688763, 10.760265]]"
912,6786749269,6786749270,False,9.341750774111397,primary_link,50.0,25.0,0.6726060557360205,0.6726060557360205,0.8,,"[[106.68869, 10.760324], [106.688659, 10.760349], [106.688624, 10.760378]]"
913,411920722,4603846867,False,160.76955937533725,residential,48.81818181818182,36.61363636363637,11.855632311477384,3.9518774371591263,0.3,Hẻm 345 Trần Hưng Ðạo,"[[106.690281, 10.759817], [106.690035, 10.76012], [106.689671, 10.760528], [106.689329, 10.760919]]"
914,411920722,4615738027,False,68.08085771725527,residential,48.81818181818182,36.61363636363637,5.020487831663517,1.673495943887838,0.3,Hẻm 37 Trần Ðình Xu,"[[106.690281, 10.759817], [106.690176, 10.75973], [106.690147, 10.759706], [106.690003, 10.759581], [106.689804, 10.759423]]"
915,411920722,12295939949,False,150.47410299303908,residential,48.81818181818182,36.61363636363637,11.09641429892802,3.698804766309338,0.3,Hẻm 37 Trần Ðình Xu,"[[106.690281, 10.759817], [106.690593, 10.760034], [106.690872, 10.760219], [106.691405, 10.760599]]"
916,4603846867,6760665400,False,8.937258126801813,primary_link,50.0,25.0,0.6434825851297306,0.6434825851297306,0.8,,"[[106.689329, 10.760919], [106.689265, 10.76097]]"
917,4603846867,411920722,False,160.76955937533728,residential,48.81818181818182,36.61363636363637,11.855632311477386,3.9518774371591263,0.3,Hẻm 345 Trần Hưng Ðạo,"[[106.689329, 10.760919], [106.689671, 10.760528], [106.690035, 10.76012], [106.690281, 10.759817]]"
918,4603846867,12295939946,True,90.76854837932927,primary,50.0,25.0,6.535335483311708,6.535335483311708,0.8,Trần Hưng Đạo,"[[106.689329, 10.760919], [106.689528, 10.761149], [106.689769, 10.761427], [106.689806, 10.761467], [106.689871, 10.761538]]"
919,4615738027,411920722,False,68.08085771725527,residential,48.81818181818182,36.61363636363637,5.020487831663517,1.673495943887838,0.3,Hẻm 37 Trần Ðình Xu,"[[106.689804, 10.759423], [106.690003, 10.759581], [106.690147, 10.759706], [106.690176, 10.75973], [106.690281, 10.759817]]"
920,12295939949,411920722,False,150.47410299303908,residential,48.81818181818182,36.61363636363637,11.09641429892802,3.698804766309338,0.3,Hẻm 37 Trần Ðình Xu,"[[106.691405, 10.760599], [106.690872, 10.760219], [106.690593, 10.760034], [106.690281, 10.759817]]"
921,12295939949,12295939946,False,197.47138386352083,tertiary,50.0,32.5,14.2179396381735,7.655813651324197,0.5,Đường Trần Ðình Xu,"[[106.691405, 10.760599], [106.691245, 10.760704], [106.691006, 10.760846], [106.690848, 10.76094], [106.69055, 10.761132], [106.690334, 10.761264], [106.690214, 10.761338], [106.690019, 10.761451], [106.689871, 10.761538]]"
922,12295939949,12295939952,False,110.22407358759364,tertiary,50.0,32.5,7.936133298306742,4.273302545242093,0.5,Đường Trần Ðình Xu,"[[106.691405, 10.760599], [106.691541, 10.760456], [106.691648, 10.760313], [106.691771, 10.760103], [106.691942, 10.759768]]"
923,6760665400,6786749263,False,10.409447699637122,primary_link,50.0,25.0,0.7494802343738728,0.7494802343738728,0.8,,"[[106.689265, 10.76097], [106.689191, 10.761029]]"
924,6760665400,4603846867,False,8.937258126801813,primary_link,50.0,25.0,0.6434825851297306,0.6434825851297306,0.8,,"[[106.689265, 10.76097], [106.689329, 10.760919]]"
925,6760665400,12295939945,True,89.20405687197345,primary,60.0,30.0,5.352243412318407,5.352243412318407,0.8,Trần Hưng Đạo,"[[106.689265, 10.76097], [106.689699, 10.761469], [106.689735, 10.761513], [106.689793, 10.761582]]"
926,12295939946,12295939945,False,9.8137385993039,tertiary,50.0,32.5,0.7065891791498808,0.3804710964653206,0.5,Đường Trần Ðình Xu,"[[106.689871, 10.761538], [106.689793, 10.761582]]"
927,12295939946,9404261880,True,91.14479868460658,primary,50.0,25.0,6.562425505291674,6.562425505291674,0.8,Trần Hưng Đạo,"[[106.689871, 10.761538], [106.689908, 10.761585], [106.690118, 10.761818], [106.690343, 10.762069], [106.690421, 10.762154]]"
928,12295939946,12295939949,False,197.4713838635208,tertiary,50.0,32.5,14.217939638173496,7.655813651324193,0.5,Đường Trần Ðình Xu,"[[106.689871, 10.761538], [106.690019, 10.761451], [106.690214, 10.761338], [106.690334, 10.761264], [106.69055, 10.761132], [106.690848, 10.76094], [106.691006, 10.760846], [106.691245, 10.760704], [106.691405, 10.760599]]"
929,12295939952,411923460,False,98.8188541346935,residential,48.81818181818182,36.61363636363637,7.287200416636615,2.4290668055455367,0.3,Hẻm 42 Trần Ðình Xu,"[[106.691942, 10.759768], [106.692119, 10.75987], [106.692441, 10.760061], [106.692718, 10.760225]]"
930,12295939952,12295939949,False,110.22407358759364,tertiary,50.0,32.5,7.936133298306742,4.273302545242093,0.5,Đường Trần Ðình Xu,"[[106.691942, 10.759768], [106.691771, 10.760103], [106.691648, 10.760313], [106.691541, 10.760456], [106.691405, 10.760599]]"
931,12295939952,12295939953,False,24.60638471540668,tertiary,50.0,32.5,1.7716596995092806,0.9539706074280748,0.5,Đường Trần Ðình Xu,"[[106.691942, 10.759768], [106.692016, 10.759624], [106.692044, 10.75957]]"
932,411920788,4609586296,False,232.7089038953652,residential,48.81818181818182,36.61363636363637,17.160656600105145,5.72021886670171,0.3,Nguyễn Cảnh Chân,"[[106.685365, 10.760435], [106.685428, 10.760407], [106.686292, 10.75998], [106.686482, 10.760135], [106.686524, 10.76019], [106.686611, 10.760309], [106.686742, 10.760445], [106.687015, 10.76078]]"
933,411920788,411921399,False,73.53979551073346,secondary,50.0,30.0,5.294865276772809,3.529910184515206,0.6,Nguyễn Trãi,"[[106.685365, 10.760435], [106.685326, 10.760367], [106.685163, 10.76011], [106.685097, 10.760022], [106.685041, 10.759954], [106.684983, 10.759893]]"
934,411920788,14030366142,False,250.91237477069785,secondary,50.0,30.0,18.06569098349025,12.043793988993496,0.6,Nguyễn Trãi,"[[106.685365, 10.760435], [106.685409, 10.760516], [106.68574, 10.761126], [106.685754, 10.761152], [106.685804, 10.761244], [106.685864, 10.761351], [106.685959, 10.761489], [106.686315, 10.762152], [106.686402, 10.762307], [106.686464, 10.762415]]"
935,4609586296,411920788,False,232.7089038953652,residential,48.81818181818182,36.61363636363637,17.160656600105142,5.72021886670171,0.3,Nguyễn Cảnh Chân,"[[106.687015, 10.76078], [106.686742, 10.760445], [106.686611, 10.760309], [106.686524, 10.76019], [106.686482, 10.760135], [106.686292, 10.75998], [106.685428, 10.760407], [106.685365, 10.760435]]"
936,14030366142,411920788,False,250.91237477069788,secondary,50.0,30.0,18.06569098349025,12.0437939889935,0.6,Nguyễn Trãi,"[[106.686464, 10.762415], [106.686402, 10.762307], [106.686315, 10.762152], [106.685959, 10.761489], [106.685864, 10.761351], [106.685804, 10.761244], [106.685754, 10.761152], [106.68574, 10.761126], [106.685409, 10.760516], [106.685365, 10.760435]]"
937,14030366142,14030366137,True,146.82868084605866,tertiary,60.0,39.0,8.809720850763519,4.743695842718818,0.5,Nguyễn Cư Trinh,"[[106.686464, 10.762415], [106.686716, 10.762515], [106.686779, 10.76254], [106.686991, 10.762624], [106.68771, 10.762909]]"
938,14030366142,14030366143,False,14.057846144516947,secondary,50.0,30.0,1.0121649224052205,0.6747766149368133,0.6,Nguyễn Trãi,"[[106.686464, 10.762415], [106.686475, 10.762437], [106.686498, 10.762478], [106.686526, 10.762526]]"
939,4615738901,411921399,False,81.4184871125187,residential,48.81818181818182,36.61363636363637,6.004044859694117,2.0013482865647045,0.3,Hẻm 373 Nguyễn Trãi,"[[106.685637, 10.759542], [106.684983, 10.759893]]"
940,14030366143,4607349648,False,23.77159345475718,secondary,50.0,30.0,1.711554728742517,1.1410364858283444,0.6,Nguyễn Trãi,"[[106.686526, 10.762526], [106.686556, 10.762578], [106.68659, 10.762638], [106.686634, 10.762712]]"
941,14030366143,14030366142,False,14.057846144516946,secondary,50.0,30.0,1.01216492240522,0.6747766149368133,0.6,Nguyễn Trãi,"[[106.686526, 10.762526], [106.686498, 10.762478], [106.686475, 10.762437], [106.686464, 10.762415]]"
942,411920988,12295939953,False,154.9870973146495,residential,48.81818181818182,36.61363636363637,11.429216114823316,3.8097387049411022,0.3,Hẻm 19 Trần Ðình Xu,"[[106.69075, 10.758998], [106.691222, 10.759204], [106.691801, 10.759463], [106.692044, 10.75957]]"
943,12295939953,11825068780,False,73.4658582547532,tertiary,50.0,32.5,5.28954179434223,2.848214812338125,0.5,Đường Trần Ðình Xu,"[[106.692044, 10.75957], [106.692316, 10.758966]]"
944,12295939953,411920988,False,154.98709731464947,residential,48.81818181818182,36.61363636363637,11.429216114823314,3.8097387049411022,0.3,Hẻm 19 Trần Ðình Xu,"[[106.692044, 10.75957], [106.691801, 10.759463], [106.691222, 10.759204], [106.69075, 10.758998]]"
945,12295939953,12295939952,False,24.60638471540668,tertiary,50.0,32.5,1.7716596995092806,0.9539706074280748,0.5,Đường Trần Ðình Xu,"[[106.692044, 10.75957], [106.692016, 10.759624], [106.691942, 10.759768]]"
946,11825068780,12295939953,False,73.4658582547532,tertiary,50.0,32.5,5.28954179434223,2.848214812338125,0.5,Đường Trần Ðình Xu,"[[106.692316, 10.758966], [106.692044, 10.75957]]"
947,11825068780,3338020171,True,14.333869798334677,tertiary,50.0,32.5,1.0320386254800966,0.5557131060277447,0.5,Đường Trần Ðình Xu,"[[106.692316, 10.758966], [106.692323, 10.758904], [106.692365, 10.758852]]"
948,411921228,4603720647,False,94.3157742646975,tertiary,50.0,32.5,6.79073574705822,3.656550017646735,0.5,Hồ Hảo Hớn,"[[106.691547, 10.762173], [106.691466, 10.762262], [106.691438, 10.762294], [106.691268, 10.762479], [106.691198, 10.762582], [106.691064, 10.762769], [106.691015, 10.762839]]"
949,411921228,411922587,False,165.2212354123843,tertiary,50.0,32.5,11.895928949691667,6.4055002036801305,0.5,Hồ Hảo Hớn,"[[106.691547, 10.762173], [106.69168, 10.762018], [106.691827, 10.761847], [106.691862, 10.761805], [106.69194, 10.761714], [106.691993, 10.76165], [106.692018, 10.761624], [106.692062, 10.761579], [106.692259, 10.761375], [106.692492, 10.761141], [106.692503, 10.76113], [106.692521, 10.761112], [106.692561, 10.761072]]"
950,411921228,6786761730,False,100.82814271128396,residential,50.0,37.5,7.259626275212446,2.419875425070817,0.3,Cô Bắc,"[[106.691547, 10.762173], [106.691673, 10.762277], [106.691795, 10.762378], [106.691946, 10.762503], [106.692231, 10.762739], [106.692253, 10.762757]]"
951,4603720647,4603729664,False,9.090838640355312,tertiary,50.0,32.5,0.6545403821055824,0.3524448211337754,0.5,,"[[106.691015, 10.762839], [106.690969, 10.762906]]"
952,4603720647,411921228,False,94.3157742646975,tertiary,50.0,32.5,6.79073574705822,3.656550017646735,0.5,Hồ Hảo Hớn,"[[106.691015, 10.762839], [106.691064, 10.762769], [106.691198, 10.762582], [106.691268, 10.762479], [106.691438, 10.762294], [106.691466, 10.762262], [106.691547, 10.762173]]"
953,4603720647,9404261885,True,37.397893244496345,primary,50.0,25.0,2.692648313603737,2.692648313603737,0.8,Trần Hưng Đạo,"[[106.691015, 10.762839], [106.69109, 10.762921], [106.691242, 10.76309]]"
954,411922587,411921228,False,165.22123541238426,tertiary,50.0,32.5,11.895928949691667,6.405500203680129,0.5,Hồ Hảo Hớn,"[[106.692561, 10.761072], [106.692521, 10.761112], [106.692503, 10.76113], [106.692492, 10.761141], [106.692259, 10.761375], [106.692062, 10.761579], [106.692018, 10.761624], [106.691993, 10.76165], [106.69194, 10.761714], [106.691862, 10.761805], [106.691827, 10.761847], [106.69168, 10.762018], [106.691547, 10.762173]]"
955,411922587,11825097702,False,199.6612065980933,tertiary,50.0,32.5,14.375606875062717,7.740711394264542,0.5,Hồ Hảo Hớn,"[[106.692561, 10.761072], [106.692614, 10.761024], [106.692824, 10.76083], [106.693008, 10.760671], [106.693015, 10.760665], [106.693133, 10.760551], [106.693278, 10.760427], [106.693306, 10.760404], [106.693528, 10.760221], [106.693592, 10.760167], [106.693649, 10.760118], [106.693772, 10.760014], [106.693936, 10.759889]]"
956,411922587,411926179,False,216.02895803980425,residential,50.0,37.5,15.554084978865903,5.184694992955304,0.3,Cô Giang,"[[106.692561, 10.761072], [106.692619, 10.761123], [106.692752, 10.761239], [106.692855, 10.761329], [106.693058, 10.761507], [106.693149, 10.761588], [106.693211, 10.761643], [106.693255, 10.76168], [106.6933, 10.76172], [106.69334, 10.761757], [106.693494, 10.761888], [106.693555, 10.761943], [106.693651, 10.762019], [106.69366, 10.762028], [106.693734, 10.762096], [106.693853, 10.762204], [106.693884, 10.762231], [106.693933, 10.762274], [106.693986, 10.762321], [106.694036, 10.762365]]"
957,6786761730,411921228,False,100.82814271128396,residential,50.0,37.5,7.259626275212446,2.419875425070817,0.3,Cô Bắc,"[[106.692253, 10.762757], [106.692231, 10.762739], [106.691946, 10.762503], [106.691795, 10.762378], [106.691673, 10.762277], [106.691547, 10.762173]]"
958,6786761730,411926209,False,130.8400400226882,residential,50.0,37.5,9.42048288163355,3.1401609605445167,0.3,Cô Bắc,"[[106.692253, 10.762757], [106.692396, 10.762866], [106.692701, 10.763122], [106.692711, 10.763131], [106.692832, 10.763236], [106.693133, 10.763487], [106.693169, 10.763515]]"
959,6786761730,6786761731,False,56.05736854589372,residential,48.81818181818182,36.61363636363637,4.133839468188811,1.377946489396269,0.3,,"[[106.692253, 10.762757], [106.692221, 10.762802], [106.69212, 10.762925], [106.691934, 10.763151]]"
960,4603729664,4603720647,False,9.090838640355312,tertiary,50.0,32.5,0.6545403821055824,0.3524448211337754,0.5,,"[[106.690969, 10.762906], [106.691015, 10.762839]]"
961,4603729664,9404261883,False,10.832898126053369,tertiary,50.0,32.5,0.7799686650758425,0.4199831273485307,0.5,,"[[106.690969, 10.762906], [106.690939, 10.762951], [106.690914, 10.762988]]"
962,4603729664,9404261884,True,34.85183763255591,primary,60.0,30.0,2.0911102579533547,2.0911102579533547,0.8,Trần Hưng Đạo,"[[106.690969, 10.762906], [106.691031, 10.762975], [106.691181, 10.763141]]"
963,9404261885,9404261887,True,45.7457153090353,primary,50.0,25.0,3.293691502250541,3.293691502250541,0.8,Trần Hưng Đạo,"[[106.691242, 10.76309], [106.691515, 10.763402]]"
964,9404261885,9404261884,False,8.801239511167832,primary_link,50.0,25.0,0.633689244804084,0.633689244804084,0.8,,"[[106.691242, 10.76309], [106.691181, 10.763141]]"
965,11825097702,11825097704,True,12.019304171385246,tertiary,50.0,32.5,0.8653899003397376,0.4659791771060129,0.5,Hồ Hảo Hớn,"[[106.693936, 10.759889], [106.693924, 10.759782]]"
966,11825097702,411922587,False,199.6612065980933,tertiary,50.0,32.5,14.375606875062717,7.74071139426454,0.5,Hồ Hảo Hớn,"[[106.693936, 10.759889], [106.693772, 10.760014], [106.693649, 10.760118], [106.693592, 10.760167], [106.693528, 10.760221], [106.693306, 10.760404], [106.693278, 10.760427], [106.693133, 10.760551], [106.693015, 10.760665], [106.693008, 10.760671], [106.692824, 10.76083], [106.692614, 10.761024], [106.692561, 10.761072]]"
967,411926179,411926209,False,159.09471467877088,residential,48.81818181818182,36.61363636363637,11.732124210948468,3.910708070316153,0.3,Nguyễn Khắc Nhu,"[[106.694036, 10.762365], [106.693967, 10.762455], [106.693865, 10.762589], [106.693381, 10.763231], [106.693192, 10.763486], [106.693169, 10.763515]]"
968,411926179,411922587,False,216.02895803980425,residential,50.0,37.5,15.554084978865903,5.184694992955304,0.3,Cô Giang,"[[106.694036, 10.762365], [106.693986, 10.762321], [106.693933, 10.762274], [106.693884, 10.762231], [106.693853, 10.762204], [106.693734, 10.762096], [106.69366, 10.762028], [106.693651, 10.762019], [106.693555, 10.761943], [106.693494, 10.761888], [106.69334, 10.761757], [106.6933, 10.76172], [106.693255, 10.76168], [106.693211, 10.761643], [106.693149, 10.761588], [106.693058, 10.761507], [106.692855, 10.761329], [106.692752, 10.761239], [106.692619, 10.761123], [106.692561, 10.761072]]"
969,411926179,5772158997,False,230.29442483450543,residential,50.0,37.5,16.58119858808439,5.527066196028134,0.3,Cô Giang,"[[106.694036, 10.762365], [106.694132, 10.762449], [106.694147, 10.762462], [106.694237, 10.762541], [106.694297, 10.762594], [106.694322, 10.762616], [106.694403, 10.762687], [106.694603, 10.762856], [106.69471, 10.762946], [106.695228, 10.763386], [106.69526, 10.763413], [106.695535, 10.76364], [106.695629, 10.763723]]"
970,411926209,2032267383,False,131.6283132276648,residential,48.81818181818182,36.61363636363637,9.7066689084088,3.235556302802932,0.3,Nguyễn Khắc Nhu,"[[106.693169, 10.763515], [106.693151, 10.763543], [106.693014, 10.763729], [106.69268, 10.764185], [106.692526, 10.76435], [106.692465, 10.764403], [106.692423, 10.76444]]"
971,411926209,411926179,False,159.09471467877088,residential,48.81818181818182,36.61363636363637,11.732124210948468,3.910708070316153,0.3,Nguyễn Khắc Nhu,"[[106.693169, 10.763515], [106.693192, 10.763486], [106.693381, 10.763231], [106.693865, 10.762589], [106.693967, 10.762455], [106.694036, 10.762365]]"
972,411926209,6786761730,False,130.8400400226882,residential,50.0,37.5,9.42048288163355,3.1401609605445167,0.3,Cô Bắc,"[[106.693169, 10.763515], [106.693133, 10.763487], [106.692832, 10.763236], [106.692711, 10.763131], [106.692701, 10.763122], [106.692396, 10.762866], [106.692253, 10.762757]]"
973,411926209,411923503,False,208.20327964721096,residential,50.0,37.5,14.990636134599187,4.996878711533064,0.3,Cô Bắc,"[[106.693169, 10.763515], [106.693212, 10.763549], [106.693234, 10.76357], [106.693657, 10.763927], [106.693712, 10.763969], [106.693734, 10.763987], [106.693848, 10.764078], [106.694044, 10.764235], [106.694225, 10.764384], [106.694319, 10.764463], [106.694464, 10.764582], [106.694498, 10.76461], [106.694632, 10.764715]]"
974,6786761731,6786761730,False,56.05736854589372,residential,48.81818181818182,36.61363636363637,4.133839468188811,1.377946489396269,0.3,,"[[106.691934, 10.763151], [106.69212, 10.762925], [106.692221, 10.762802], [106.692253, 10.762757]]"
975,411921260,12584655705,True,62.06877978295887,tertiary,52.66233766233766,34.23051948051948,4.243024847308557,2.2847056870123,0.5,Bùi Thị Xuân,"[[106.686642, 10.768019], [106.686556, 10.767992], [106.68629, 10.767702], [106.686243, 10.767638]]"
976,411921260,4605034952,False,54.81455579211843,tertiary,52.66233766233766,34.23051948051948,3.747125737503139,2.017683089424767,0.5,Bùi Thị Xuân,"[[106.686642, 10.768019], [106.686942, 10.768304], [106.687003, 10.768361]]"
977,12584655705,12584655704,True,11.30907821170622,tertiary,52.66233766233766,34.23051948051948,0.7730891443366126,0.4162787700274069,0.5,Bùi Thị Xuân,"[[106.686243, 10.767638], [106.6862, 10.767546]]"
978,12584655705,6732291266,True,67.95895526024343,secondary,53.97590361445784,32.3855421686747,4.532619605303736,3.021746403535825,0.6,Cống Quỳnh,"[[106.686243, 10.767638], [106.68616, 10.767677], [106.68579, 10.767848], [106.685669, 10.767849]]"
979,4605034952,411926098,False,195.91710487608995,residential,48.81818181818182,36.61363636363637,14.4475183484044,4.815839449468131,0.3,Nam Quốc Cang,"[[106.687003, 10.768361], [106.687102, 10.768303], [106.688426, 10.767449], [106.688504, 10.767397]]"
980,4605034952,4600569893,False,63.567811847159554,tertiary,52.66233766233766,34.23051948051948,4.345498753152313,2.3398839440050905,0.5,Bùi Thị Xuân,"[[106.687003, 10.768361], [106.687054, 10.768408], [106.687108, 10.768457], [106.687411, 10.768768]]"
981,4605034952,411921260,False,54.81455579211843,tertiary,52.66233766233766,34.23051948051948,3.747125737503139,2.017683089424767,0.5,Bùi Thị Xuân,"[[106.687003, 10.768361], [106.686942, 10.768304], [106.686642, 10.768019]]"
982,12584655704,12584655706,True,9.575071011211389,secondary,53.97590361445784,32.3855421686747,0.6386230397656167,0.4257486931770777,0.6,Cống Quỳnh,"[[106.6862, 10.767546], [106.68628, 10.767511]]"
983,6732291266,6732291259,True,10.920152354347625,secondary,53.97590361445784,32.3855421686747,0.7283351614908639,0.4855567743272427,0.6,Cống Quỳnh,"[[106.685669, 10.767849], [106.685711, 10.76776]]"
984,6732291266,5762711576,False,20.35485650038417,secondary,53.97590361445784,32.3855421686747,1.357596232659551,0.9050641551063674,0.6,Cống Quỳnh,"[[106.685669, 10.767849], [106.685502, 10.767929]]"
985,411926098,4605034952,False,195.91710487608995,residential,48.81818181818182,36.61363636363637,14.4475183484044,4.815839449468131,0.3,Nam Quốc Cang,"[[106.688504, 10.767397], [106.688426, 10.767449], [106.687102, 10.768303], [106.687003, 10.768361]]"
986,411926098,411922074,False,86.1551874851112,secondary,53.97590361445784,32.3855421686747,5.746243308158756,3.8308288721058377,0.6,Nguyễn Trãi,"[[106.688504, 10.767397], [106.688534, 10.767459], [106.68859, 10.767561], [106.688654, 10.767662], [106.688769, 10.767828], [106.688818, 10.767895], [106.688838, 10.76792], [106.688946, 10.768035]]"
987,411926098,11801821658,False,36.52688265876138,secondary,53.97590361445784,32.3855421686747,2.4362126201870318,1.6241417467913544,0.6,Nguyễn Trãi,"[[106.688504, 10.767397], [106.688399, 10.767134], [106.688385, 10.76709]]"
988,4600569893,411924158,False,50.884511403698006,residential,48.81818181818182,36.61363636363637,3.752377377255943,1.250792459085313,0.3,Đường Lương Hữu Khánh,"[[106.687411, 10.768768], [106.687133, 10.769135]]"
989,4600569893,4605034952,False,63.567811847159554,tertiary,52.66233766233766,34.23051948051948,4.345498753152313,2.3398839440050905,0.5,Bùi Thị Xuân,"[[106.687411, 10.768768], [106.687108, 10.768457], [106.687054, 10.768408], [106.687003, 10.768361]]"
990,4600569893,6745111244,False,16.418175044932923,tertiary,52.66233766233766,34.23051948051948,1.1223472558459695,0.6043408300709066,0.5,Bùi Thị Xuân,"[[106.687411, 10.768768], [106.68746, 10.768819], [106.687499, 10.768855], [106.687518, 10.768873]]"
991,411921324,411923335,False,70.45071146942387,residential,48.81818181818182,36.61363636363637,5.195247996627905,1.7317493322093007,0.3,Hẻm 145 Ðề Thám,"[[106.694742, 10.765493], [106.694455, 10.765496], [106.694305, 10.765502], [106.694216, 10.765485], [106.694098, 10.765483]]"
992,411921324,5778872999,True,63.21350922254305,residential,50.0,37.5,4.551372664023099,1.5171242213410343,0.3,Ðề Thám,"[[106.694742, 10.765493], [106.69479, 10.765348], [106.694897, 10.765027], [106.694923, 10.764953]]"
993,411923335,411921324,False,70.45071146942387,residential,48.81818181818182,36.61363636363637,5.195247996627905,1.7317493322093007,0.3,Hẻm 145 Ðề Thám,"[[106.694098, 10.765483], [106.694216, 10.765485], [106.694305, 10.765502], [106.694455, 10.765496], [106.694742, 10.765493]]"
994,5778872999,411925089,False,102.09519251257832,residential,50.0,37.5,7.350853860905638,2.45028462030188,0.3,Đường Cô Bắc,"[[106.694923, 10.764953], [106.695007, 10.765028], [106.695346, 10.765332], [106.69542, 10.765398], [106.695611, 10.765574]]"
995,5778872999,5772158997,True,157.0550966935067,residential,50.0,37.5,11.307966961932484,3.769322320644161,0.3,Ðề Thám,"[[106.694923, 10.764953], [106.694979, 10.764858], [106.695138, 10.764594], [106.69519, 10.764501], [106.695363, 10.76419], [106.695401, 10.764122], [106.695489, 10.763962], [106.695577, 10.763803], [106.695629, 10.763723]]"
996,5778872999,411923503,False,41.306496080144285,residential,50.0,37.5,2.9740677177703883,0.9913559059234632,0.3,Đường Cô Bắc,"[[106.694923, 10.764953], [106.69484, 10.764889], [106.694728, 10.764795], [106.694632, 10.764715]]"
997,411925089,5778872999,False,102.09519251257832,residential,50.0,37.5,7.350853860905638,2.45028462030188,0.3,Đường Cô Bắc,"[[106.695611, 10.765574], [106.69542, 10.765398], [106.695346, 10.765332], [106.695007, 10.765028], [106.694923, 10.764953]]"
998,411925089,2032267376,False,111.44976698639742,residential,50.0,37.5,8.024383223020614,2.67479440767354,0.3,Đường Cô Bắc,"[[106.695611, 10.765574], [106.695758, 10.765686], [106.695873, 10.76578], [106.696024, 10.765903], [106.696122, 10.765984], [106.696332, 10.766161], [106.696393, 10.766217]]"
999,411925089,14068910994,False,184.26728054919977,residential,48.81818181818182,36.61363636363637,13.588425157818085,4.529475052606028,0.3,Hẻm 135 Trần Hưng Ðạo,"[[106.695611, 10.765574], [106.695562, 10.765674], [106.695493, 10.765818], [106.695054, 10.766699], [106.694871, 10.767071]]"
1000,5772158997,5772159000,True,186.3804610376908,residential,50.0,37.5,13.419393194713736,4.47313106490458,0.3,Ðề Thám,"[[106.695629, 10.763723], [106.69567, 10.763641], [106.695918, 10.763212], [106.69617, 10.762792], [106.696276, 10.76267], [106.696545, 10.762414], [106.696602, 10.762363]]"
1001,5772158997,411926179,False,230.29442483450543,residential,50.0,37.5,16.581198588084394,5.52706619602813,0.3,Cô Giang,"[[106.695629, 10.763723], [106.695535, 10.76364], [106.69526, 10.763413], [106.695228, 10.763386], [106.69471, 10.762946], [106.694603, 10.762856], [106.694403, 10.762687], [106.694322, 10.762616], [106.694297, 10.762594], [106.694237, 10.762541], [106.694147, 10.762462], [106.694132, 10.762449], [106.694036, 10.762365]]"
1002,5772158997,411925037,False,74.50993309242746,residential,48.81818181818182,36.61363636363637,5.494587244804706,1.831529081601568,0.3,Cô Giang,"[[106.695629, 10.763723], [106.695685, 10.763772], [106.695929, 10.763975], [106.696134, 10.764172]]"
1003,411923503,7033681306,False,76.2666113515719,residential,48.81818181818182,36.61363636363637,5.6241299991103295,1.8747099997034429,0.3,Hẻm 71 Cô Bắc,"[[106.694632, 10.764715], [106.694722, 10.764505], [106.694847, 10.764316], [106.694781, 10.764278], [106.694809, 10.764235], [106.694715, 10.76418]]"
1004,411923503,411926209,False,208.20327964721096,residential,50.0,37.5,14.990636134599187,4.996878711533064,0.3,Cô Bắc,"[[106.694632, 10.764715], [106.694498, 10.76461], [106.694464, 10.764582], [106.694319, 10.764463], [106.694225, 10.764384], [106.694044, 10.764235], [106.693848, 10.764078], [106.693734, 10.763987], [106.693712, 10.763969], [106.693657, 10.763927], [106.693234, 10.76357], [106.693212, 10.763549], [106.693169, 10.763515]]"
1005,411923503,5778872999,False,41.306496080144285,residential,50.0,37.5,2.9740677177703883,0.9913559059234632,0.3,Đường Cô Bắc,"[[106.694632, 10.764715], [106.694728, 10.764795], [106.69484, 10.764889], [106.694923, 10.764953]]"
1006,411921451,13271508799,False,65.18567358530377,tertiary,52.66233766233766,34.23051948051948,4.456095861367745,2.3994362330441703,0.5,Trần Nguyên Đán,"[[106.693581, 10.793157], [106.693622, 10.792846], [106.693635, 10.792727], [106.693644, 10.792667], [106.693658, 10.792576]]"
1007,411921451,411921464,True,58.13446079244312,tertiary,52.66233766233766,34.23051948051948,3.9740746070691073,2.139886326883366,0.5,Trần Nguyên Đán,"[[106.693581, 10.793157], [106.693609, 10.793216], [106.693514, 10.793665]]"
1008,13271508799,411921451,False,65.18567358530376,tertiary,52.66233766233766,34.23051948051948,4.456095861367744,2.3994362330441703,0.5,Trần Nguyên Đán,"[[106.693658, 10.792576], [106.693644, 10.792667], [106.693635, 10.792727], [106.693622, 10.792846], [106.693581, 10.793157]]"
1009,13271508799,13983865129,True,28.464225340399302,tertiary,52.66233766233766,34.23051948051948,1.9458158481772347,1.047746995172357,0.5,Trần Nguyên Đán,"[[106.693658, 10.792576], [106.693649, 10.792513], [106.693673, 10.792369], [106.693681, 10.792323]]"
1010,411921464,2332680419,True,103.57938835470148,tertiary_link,53.16964479863687,34.56026911911396,7.013133141835191,3.776302460988181,0.5,Trần Nguyên Đán,"[[106.693514, 10.793665], [106.69354, 10.793743], [106.6935, 10.793919], [106.693342, 10.794569]]"
1011,411921464,891508852,True,115.33281021824898,tertiary,52.66233766233766,34.23051948051948,7.884156594944172,4.245315089585323,0.5,Cầu Hoàng Hoa Thám,"[[106.693514, 10.793665], [106.693504, 10.793704], [106.693255, 10.79467]]"
1012,13983865129,13983865130,False,3.987088136170697,tertiary,52.66233766233766,34.23051948051948,0.2725575416390918,0.1467617531902801,0.5,Trần Quang Khải,"[[106.693681, 10.792323], [106.693716, 10.79233]]"
1013,13983865129,411926019,False,243.43300928173832,tertiary,52.66233766233766,34.23051948051948,16.641092521059893,8.960588280570711,0.5,Trần Quang Khải,"[[106.693681, 10.792323], [106.693634, 10.792315], [106.692745, 10.792159], [106.692237, 10.79207], [106.691493, 10.79191]]"
1014,411921534,411925945,True,214.936584830884,tertiary,52.66233766233766,34.23051948051948,14.693075540103834,7.911656060055911,0.5,Lý Tự Trọng,"[[106.703291, 10.780385], [106.704597, 10.781831]]"
1015,411921534,411926596,False,102.81765411059324,residential,48.81818181818182,36.61363636363637,7.582083990278384,2.527361330092793,0.3,Đường Thái Văn Lung,"[[106.703291, 10.780385], [106.70374, 10.780021], [106.704002, 10.779781]]"
1016,411925945,411925956,False,98.60751675408812,residential,48.81818181818182,36.61363636363637,7.271615760636665,2.4238719202122194,0.3,Chu Mạnh Trinh,"[[106.704597, 10.781831], [106.70536, 10.781358]]"
1017,411925945,411926178,False,78.3636186656268,residential,50.0,37.5,5.64218054392513,1.880726847975044,0.3,Chu Mạnh Trinh,"[[106.704597, 10.781831], [106.704365, 10.78204], [106.704069, 10.782308]]"
1018,411925945,2036083316,True,147.85933751816367,tertiary,52.66233766233766,34.23051948051948,10.107671605434025,5.442592402926012,0.5,Lý Tự Trọng,"[[106.704597, 10.781831], [106.705043, 10.782317], [106.705178, 10.782464], [106.705504, 10.782818]]"
1019,411926596,411926498,True,75.82302545825584,tertiary,52.66233766233766,34.23051948051948,5.183265760056355,2.79098925541496,0.5,Lê Thánh Tôn,"[[106.704002, 10.779781], [106.703589, 10.779233]]"
1020,411926596,411921534,False,102.81765411059324,residential,48.81818181818182,36.61363636363637,7.582083990278384,2.527361330092793,0.3,Đường Thái Văn Lung,"[[106.704002, 10.779781], [106.70374, 10.780021], [106.703291, 10.780385]]"
1021,411925956,411925945,False,98.60751675408812,residential,48.81818181818182,36.61363636363637,7.271615760636665,2.4238719202122194,0.3,Chu Mạnh Trinh,"[[106.70536, 10.781358], [106.704597, 10.781831]]"
1022,411925956,4605168357,True,137.61777575009697,tertiary,52.66233766233766,34.23051948051948,9.407557937836469,5.065608120373483,0.5,Lê Thánh Tôn,"[[106.70536, 10.781358], [106.70521, 10.781184], [106.705115, 10.781074], [106.704928, 10.780856], [106.704906, 10.780832], [106.704761, 10.780663], [106.704547, 10.780413]]"
1023,411926178,2036083164,False,147.85629036365816,residential,48.81818181818182,36.61363636363637,10.90336889832563,3.634456299441876,0.3,Nguyễn Trung Ngạn,"[[106.704069, 10.782308], [106.704973, 10.783297]]"
1024,411926178,4605462429,False,213.9536328165101,residential,50.0,37.5,15.404661562788728,5.134887187596245,0.3,Chu Mạnh Trinh,"[[106.704069, 10.782308], [106.703558, 10.782769], [106.703242, 10.783055], [106.702627, 10.783611]]"
1025,411926178,411925945,False,78.3636186656268,residential,50.0,37.5,5.64218054392513,1.880726847975044,0.3,Chu Mạnh Trinh,"[[106.704069, 10.782308], [106.704365, 10.78204], [106.704597, 10.781831]]"
1026,2036083316,9457086585,True,93.20545463105132,primary,55.900735294117645,27.950367647058822,6.002419018396939,6.002419018396939,0.8,Tôn Đức Thắng,"[[106.705504, 10.782818], [106.706066, 10.782305], [106.706116, 10.782237]]"
1027,411926498,411925939,True,145.16533820425812,residential,50.0,37.5,10.451904350706585,3.4839681169021954,0.3,Thi Sách,"[[106.703589, 10.779233], [106.704554, 10.778335]]"
1028,411926498,411926701,True,107.13679889120084,tertiary,52.66233766233766,34.23051948051948,7.323876856384924,3.943625999591882,0.5,Lê Thánh Tôn,"[[106.703589, 10.779233], [106.703494, 10.779121], [106.702924, 10.778525]]"
1029,411926029,411917924,True,38.02147668446561,primary,55.900735294117645,27.950367647058822,2.448578097298831,2.448578097298831,0.8,Võ Thị Sáu,"[[106.694547, 10.790517], [106.694305, 10.790272]]"
1030,411926029,8819419111,False,75.76123327483991,residential,48.81818181818182,36.61363636363637,5.58686189512786,1.862287298375952,0.3,Lý Văn Phức,"[[106.694547, 10.790517], [106.694483, 10.790577], [106.694043, 10.790986]]"
1031,8819419111,411925309,False,30.142963358191107,residential,48.81818181818182,36.61363636363637,2.2228330521124167,0.7409443507041389,0.3,Lý Văn Phức,"[[106.694043, 10.790986], [106.693844, 10.791173]]"
1032,8819419111,411926029,False,75.76123327483991,residential,48.81818181818182,36.61363636363637,5.58686189512786,1.862287298375952,0.3,Lý Văn Phức,"[[106.694043, 10.790986], [106.694483, 10.790577], [106.694547, 10.790517]]"
1033,8819419111,8819419107,False,60.91974258881947,residential,48.81818181818182,36.61363636363637,4.4924055987285865,1.4974685329095276,0.3,Hẻm 18Z Lý Văn Phức,"[[106.694043, 10.790986], [106.694051, 10.791005], [106.694092, 10.791106], [106.694133, 10.791291], [106.694142, 10.79141], [106.694153, 10.791519]]"
1034,411922074,411926098,False,86.15518748511121,secondary,53.97590361445784,32.3855421686747,5.746243308158757,3.830828872105839,0.6,Nguyễn Trãi,"[[106.688946, 10.768035], [106.688838, 10.76792], [106.688818, 10.767895], [106.688769, 10.767828], [106.688654, 10.767662], [106.68859, 10.767561], [106.688534, 10.767459], [106.688504, 10.767397]]"
1035,411922074,6745111244,False,185.1042552599169,residential,48.81818181818182,36.61363636363637,13.650146197938003,4.550048732645999,0.3,Đường Lương Hữu Khánh,"[[106.688946, 10.768035], [106.6888, 10.768058], [106.688679, 10.768085], [106.688563, 10.768123], [106.688528, 10.768137], [106.688427, 10.768178], [106.68832, 10.768235], [106.688152, 10.768364], [106.68798, 10.768502], [106.687807, 10.768641], [106.687518, 10.768873]]"
1036,411922074,6733010988,False,57.47083194329248,secondary,53.97590361445784,32.3855421686747,3.8330992376463824,2.555399491764254,0.6,Nguyễn Trãi,"[[106.688946, 10.768035], [106.689082, 10.768158], [106.689329, 10.768389]]"
1037,6745111244,11801821651,False,171.5085861570379,tertiary,52.66233766233766,34.23051948051948,11.724335408811568,6.313103681667768,0.5,Bùi Thị Xuân,"[[106.687518, 10.768873], [106.687903, 10.769288], [106.688066, 10.769459], [106.688226, 10.769632], [106.688458, 10.769858], [106.688598, 10.769992]]"
1038,6745111244,411922074,False,185.10425525991693,residential,48.81818181818182,36.61363636363637,13.650146197938009,4.550048732645999,0.3,Đường Lương Hữu Khánh,"[[106.687518, 10.768873], [106.687807, 10.768641], [106.68798, 10.768502], [106.688152, 10.768364], [106.68832, 10.768235], [106.688427, 10.768178], [106.688528, 10.768137], [106.688563, 10.768123], [106.688679, 10.768085], [106.6888, 10.768058], [106.688946, 10.768035]]"
1039,6745111244,4600569893,False,16.418175044932923,tertiary,52.66233766233766,34.23051948051948,1.1223472558459695,0.6043408300709066,0.5,Bùi Thị Xuân,"[[106.687518, 10.768873], [106.687499, 10.768855], [106.68746, 10.768819], [106.687411, 10.768768]]"
1040,6733010988,411922074,False,57.47083194329248,secondary,53.97590361445784,32.3855421686747,3.8330992376463824,2.555399491764254,0.6,Nguyễn Trãi,"[[106.689329, 10.768389], [106.689082, 10.768158], [106.688946, 10.768035]]"
1041,6733010988,6790789090,False,54.54742570787965,secondary,53.97590361445784,32.3855421686747,3.638118482480902,2.4254123216539343,0.6,Nguyễn Trãi,"[[106.689329, 10.768389], [106.689618, 10.768678], [106.689681, 10.768737]]"
1042,11801821658,4608876662,False,34.772700239471455,secondary,53.97590361445784,32.3855421686747,2.319214917757605,1.54614327850507,0.6,Nguyễn Trãi,"[[106.688385, 10.76709], [106.688272, 10.766798]]"
1043,11801821658,411926098,False,36.52688265876138,secondary,53.97590361445784,32.3855421686747,2.4362126201870318,1.6241417467913544,0.6,Nguyễn Trãi,"[[106.688385, 10.76709], [106.688399, 10.767134], [106.688504, 10.767397]]"
1044,11801821651,6790789090,False,182.9993004472017,tertiary,52.66233766233766,34.23051948051948,12.509841204430163,6.736068340847009,0.5,Tôn Thất Tùng,"[[106.688598, 10.769992], [106.688852, 10.769706], [106.689132, 10.769393], [106.689313, 10.769185], [106.689411, 10.769073], [106.689681, 10.768737]]"
1045,11801821651,11801821653,False,102.99716874608498,tertiary,52.66233766233766,34.23051948051948,7.040891535490692,3.7912492883411417,0.5,Tôn Thất Tùng,"[[106.688598, 10.769992], [106.688398, 10.770182], [106.688243, 10.770329], [106.688162, 10.77041], [106.688082, 10.770487], [106.687924, 10.770639]]"
1046,11801821651,6745111244,False,171.50858615703794,tertiary,52.66233766233766,34.23051948051948,11.72433540881157,6.313103681667769,0.5,Bùi Thị Xuân,"[[106.688598, 10.769992], [106.688458, 10.769858], [106.688226, 10.769632], [106.688066, 10.769459], [106.687903, 10.769288], [106.687518, 10.768873]]"
1047,6790789090,4608867550,False,41.98670760236266,tertiary,52.66233766233766,34.23051948051948,2.870213402558552,1.545499524454605,0.5,Tôn Thất Tùng,"[[106.689681, 10.768737], [106.689747, 10.768653], [106.689887, 10.768488], [106.689923, 10.768443]]"
1048,6790789090,11801821651,False,182.9993004472017,tertiary,52.66233766233766,34.23051948051948,12.509841204430163,6.736068340847009,0.5,Tôn Thất Tùng,"[[106.689681, 10.768737], [106.689411, 10.769073], [106.689313, 10.769185], [106.689132, 10.769393], [106.688852, 10.769706], [106.688598, 10.769992]]"
1049,6790789090,411923334,False,277.14326449802525,secondary,53.97590361445784,32.3855421686747,18.48446594464508,12.32297729643005,0.6,Nguyễn Trãi,"[[106.689681, 10.768737], [106.689754, 10.768804], [106.690254, 10.769231], [106.690502, 10.769404], [106.690523, 10.769418], [106.690942, 10.769704], [106.690962, 10.769718], [106.690995, 10.76974], [106.691205, 10.769885], [106.691215, 10.769892], [106.691226, 10.7699], [106.691359, 10.769991], [106.691391, 10.770013], [106.691431, 10.770041], [106.691474, 10.770073], [106.691707, 10.770232]]"
1050,6790789090,6733010988,False,54.54742570787965,secondary,53.97590361445784,32.3855421686747,3.638118482480902,2.4254123216539343,0.6,Nguyễn Trãi,"[[106.689681, 10.768737], [106.689618, 10.768678], [106.689329, 10.768389]]"
1051,411922322,411923629,False,47.27973267233282,residential,48.81818181818182,36.61363636363637,3.486550118853593,1.1621833729511972,0.3,Ðinh Công Tráng,"[[106.691124, 10.789249], [106.691398, 10.789578]]"
1052,411923629,411922322,False,47.27973267233282,residential,48.81818181818182,36.61363636363637,3.486550118853593,1.1621833729511972,0.3,Ðinh Công Tráng,"[[106.691398, 10.789578], [106.691124, 10.789249]]"
1053,411923629,411926022,False,139.37242825789758,residential,48.81818181818182,36.61363636363637,10.277743312872897,3.4259144376242965,0.3,Ðinh Công Tráng,"[[106.691398, 10.789578], [106.691546, 10.789748], [106.691891, 10.790143], [106.692081, 10.790359], [106.692228, 10.790531]]"
1054,411923629,411925425,False,66.15561580517192,residential,48.81818181818182,36.61363636363637,4.878514685074131,1.6261715616913754,0.3,Hẻm Nguyễn Hữu Cầu,"[[106.691398, 10.789578], [106.691236, 10.789709], [106.690983, 10.789409]]"
1055,411925425,411923629,False,66.15561580517192,residential,48.81818181818182,36.61363636363637,4.878514685074131,1.6261715616913754,0.3,Hẻm Nguyễn Hữu Cầu,"[[106.690983, 10.789409], [106.691236, 10.789709], [106.691398, 10.789578]]"
1056,4607349131,4607349648,False,31.81826981782886,secondary,50.0,30.0,2.2909154268836778,1.527276951255785,0.6,Nguyễn Trãi,"[[106.686778, 10.762961], [106.686634, 10.762712]]"
1057,4607349131,12313433904,False,13.792846740172708,residential,48.81818181818182,36.61363636363637,1.0171261283255852,0.3390420427751948,0.3,Hẻm 214 Nguyễn Trãi,"[[106.686778, 10.762961], [106.686667, 10.76302]]"
1058,4607349131,411926193,False,52.16843981122358,secondary,50.0,30.0,3.756127666408098,2.5040851109387314,0.6,Nguyễn Trãi,"[[106.686778, 10.762961], [106.68699, 10.763308], [106.687019, 10.763365]]"
1059,11825097704,3338020171,True,199.2112069321424,primary,50.0,25.0,14.343206899114252,14.343206899114252,0.8,Võ Văn Kiệt,"[[106.693924, 10.759782], [106.693691, 10.759641], [106.693399, 10.759463], [106.6933, 10.759403], [106.69279, 10.759103], [106.692483, 10.758922], [106.692418, 10.758883], [106.692365, 10.758852]]"
1060,8819566548,411922606,False,27.38780752661769,tertiary_link,53.16964479863687,34.56026911911396,1.8543683612938384,0.998506040696682,0.5,,"[[106.689426, 10.770863], [106.689574, 10.770664]]"
1061,8819566548,4605022195,True,64.96161158175585,tertiary,52.66233766233766,34.23051948051948,4.440778971754062,2.3911886770983406,0.5,Bùi Thị Xuân,"[[106.689426, 10.770863], [106.689054, 10.770407]]"
1062,8819566548,6793960865,False,229.852222313018,tertiary,52.66233766233766,34.23051948051948,15.712709254048974,8.460689598334064,0.5,Bùi Thị Xuân,"[[106.689426, 10.770863], [106.689573, 10.771026], [106.689787, 10.771254], [106.69002, 10.771501], [106.690088, 10.771572], [106.690186, 10.771677], [106.690282, 10.771778], [106.690642, 10.772161], [106.690852, 10.772383]]"
1063,4605022195,11801821651,True,67.99599921427232,tertiary,52.66233766233766,34.23051948051948,4.648209859974423,2.5028822322939206,0.5,Bùi Thị Xuân,"[[106.689054, 10.770407], [106.688823, 10.770205], [106.688598, 10.769992]]"
1064,6793960865,8819566548,False,229.852222313018,tertiary,52.66233766233766,34.23051948051948,15.71270925404897,8.46068959833406,0.5,Bùi Thị Xuân,"[[106.690852, 10.772383], [106.690642, 10.772161], [106.690282, 10.771778], [106.690186, 10.771677], [106.690088, 10.771572], [106.69002, 10.771501], [106.689787, 10.771254], [106.689573, 10.771026], [106.689426, 10.770863]]"
1065,6793960865,4603207418,True,45.56723515247556,tertiary,52.66233766233766,34.23051948051948,3.114978442482423,1.6772960844136122,0.5,Bùi Thị Xuân,"[[106.690852, 10.772383], [106.690947, 10.772405], [106.6911, 10.772574], [106.691117, 10.77266]]"
1066,12336589556,411923565,False,48.80779072806192,residential,48.81818181818182,36.61363636363637,3.5992337296671364,1.1997445765557115,0.3,Hẻm B Chung Cư Nguyễn Ðình Chiểu,"[[106.703703, 10.791629], [106.703263, 10.791708]]"
1067,12336589556,12336589558,False,30.999264730740578,residential,48.81818181818182,36.61363636363637,2.285979298579752,0.7619930995265833,0.3,Hẻm B Chung Cư Nguyễn Ðình Chiểu,"[[106.703703, 10.791629], [106.703982, 10.79158]]"
1068,12336589556,12336589555,False,18.38165325965661,residential,48.81818181818182,36.61363636363637,1.355518564399258,0.4518395214664192,0.3,,"[[106.703703, 10.791629], [106.703745, 10.791789]]"
1069,411923141,2403044882,False,7.018034510067739,primary_link,50.0,25.0,0.5052984847248773,0.5052984847248773,0.8,Hẻm 12 Nguyễn Thị Minh Khai,"[[106.702861, 10.787894], [106.702813, 10.787937]]"
1070,411923141,10959089043,True,42.57737081913106,primary,55.900735294117645,27.950367647058822,2.741977080308658,2.741977080308658,0.8,Nguyễn Thị Minh Khai,"[[106.702861, 10.787894], [106.702936, 10.787972], [106.703128, 10.788173]]"
1071,2403044882,411923141,False,7.018034510067739,primary_link,50.0,25.0,0.5052984847248773,0.5052984847248773,0.8,Hẻm 12 Nguyễn Thị Minh Khai,"[[106.702813, 10.787937], [106.702861, 10.787894]]"
1072,2403044882,11329674833,True,42.03740208479726,primary,60.0,30.0,2.522244125087836,2.522244125087836,0.8,Nguyễn Thị Minh Khai,"[[106.702813, 10.787937], [106.702552, 10.78766]]"
1073,2403044882,411923589,False,309.1611292105373,residential,48.81818181818182,36.61363636363637,22.79847433284409,7.599491444281362,0.3,Phạm Khắc,"[[106.702813, 10.787937], [106.702544, 10.788186], [106.702338, 10.788378], [106.702082, 10.788611], [106.702051, 10.788644], [106.702027, 10.788679], [106.702012, 10.788718], [106.701955, 10.788927], [106.70194, 10.788971], [106.701914, 10.789012], [106.701708, 10.789199], [106.701565, 10.789334], [106.701371, 10.789518], [106.701347, 10.789574], [106.701322, 10.789718], [106.701275, 10.78986], [106.7011, 10.79006]]"
1074,10959089043,2403044878,False,7.356850248680969,primary_link,50.0,25.0,0.5296932179050298,0.5296932179050298,0.8,,"[[106.703128, 10.788173], [106.70308, 10.788219]]"
1075,10959089043,411925985,True,66.12639925250747,primary,55.900735294117645,27.950367647058822,4.258531413880652,4.258531413880652,0.8,Nguyễn Thị Minh Khai,"[[106.703128, 10.788173], [106.703193, 10.78824], [106.703544, 10.788606]]"
1076,11329674833,1970245478,False,7.293791845839941,primary_link,50.0,25.0,0.5251530129004758,0.5251530129004758,0.8,,"[[106.702552, 10.78766], [106.7026, 10.787614]]"
1077,11329674833,11329674834,True,57.2866988762116,primary,60.0,30.0,3.437201932572696,3.437201932572696,0.8,Nguyễn Thị Minh Khai,"[[106.702552, 10.78766], [106.702515, 10.787622], [106.702195, 10.787282]]"
1078,2403044878,10959089043,False,7.356850248680969,primary_link,50.0,25.0,0.5296932179050298,0.5296932179050298,0.8,,"[[106.70308, 10.788219], [106.703128, 10.788173]]"
1079,2403044878,2403044882,True,42.73180707770357,primary,55.900735294117645,27.950367647058822,2.7519227550468486,2.7519227550468486,0.8,Nguyễn Thị Minh Khai,"[[106.70308, 10.788219], [106.702889, 10.788016], [106.702813, 10.787937]]"
1080,411925985,2403044880,False,7.159305578468264,primary,55.900735294117645,27.950367647058822,0.4610583375492355,0.4610583375492355,0.8,Nguyễn Bỉnh Khiêm,"[[106.703544, 10.788606], [106.703495, 10.788649]]"
1081,411925985,411918572,True,154.2182662717592,primary,60.0,30.0,9.253095976305552,9.253095976305552,0.8,Nguyễn Thị Minh Khai,"[[106.703544, 10.788606], [106.704184, 10.789289], [106.704505, 10.789622]]"
1082,411925985,14068911016,True,156.86054185018793,primary,60.0,30.0,9.411632511011277,9.411632511011277,0.8,Nguyễn Bỉnh Khiêm,"[[106.703544, 10.788606], [106.704146, 10.788048], [106.704591, 10.787636]]"
1083,411923460,12295939952,False,98.8188541346935,residential,48.81818181818182,36.61363636363637,7.287200416636615,2.4290668055455367,0.3,Hẻm 42 Trần Ðình Xu,"[[106.692718, 10.760225], [106.692441, 10.760061], [106.692119, 10.75987], [106.691942, 10.759768]]"
1084,7033681306,411923503,False,76.2666113515719,residential,48.81818181818182,36.61363636363637,5.6241299991103295,1.8747099997034429,0.3,Hẻm 71 Cô Bắc,"[[106.694715, 10.76418], [106.694809, 10.764235], [106.694781, 10.764278], [106.694847, 10.764316], [106.694722, 10.764505], [106.694632, 10.764715]]"
1085,2032267383,2032267315,True,62.23659722187726,primary,55.900735294117645,27.950367647058822,4.008028674755819,4.008028674755819,0.8,Trần Hưng Đạo,"[[106.692423, 10.76444], [106.692793, 10.764866]]"
1086,2032267383,5781023256,False,10.177968708024787,residential,48.81818181818182,36.61363636363637,0.750554117016353,0.2501847056721176,0.3,,"[[106.692423, 10.76444], [106.692354, 10.764501]]"
1087,2032267383,411926209,False,131.6283132276648,residential,48.81818181818182,36.61363636363637,9.7066689084088,3.235556302802932,0.3,Nguyễn Khắc Nhu,"[[106.692423, 10.76444], [106.692465, 10.764403], [106.692526, 10.76435], [106.69268, 10.764185], [106.693014, 10.763729], [106.693151, 10.763543], [106.693169, 10.763515]]"
1088,411923507,4602358365,False,136.62528893783607,residential,48.81818181818182,36.61363636363637,10.075160971952158,3.3583869906507164,0.3,Phan Văn Trường,"[[106.696713, 10.765882], [106.696783, 10.765925], [106.697403, 10.766292], [106.697541, 10.766374], [106.697714, 10.766475], [106.697783, 10.766519]]"
1089,411923507,411918348,True,149.3569738852759,primary,60.0,30.0,8.961418433116553,8.961418433116553,0.8,Nguyễn Thái Học,"[[106.696713, 10.765882], [106.696426, 10.766374], [106.696082, 10.766964], [106.696035, 10.767048]]"
1090,4602358365,411923507,False,136.62528893783607,residential,48.81818181818182,36.61363636363637,10.075160971952158,3.3583869906507164,0.3,Phan Văn Trường,"[[106.697783, 10.766519], [106.697714, 10.766475], [106.697541, 10.766374], [106.697403, 10.766292], [106.696783, 10.765925], [106.696713, 10.765882]]"
1091,4602358365,411926436,False,79.62554587003544,tertiary,52.66233766233766,34.23051948051948,5.443206242952854,2.9309572077438446,0.5,Yersin,"[[106.697783, 10.766519], [106.697728, 10.766612], [106.697592, 10.76683], [106.697471, 10.767043], [106.697418, 10.767139]]"
1092,4602358365,411926638,False,82.77378570687368,tertiary,52.66233766233766,34.23051948051948,5.658420073476051,3.046841578025565,0.5,Yersin,"[[106.697783, 10.766519], [106.698117, 10.765955], [106.698164, 10.765876]]"
1093,411926436,6789154062,False,46.590403841103424,tertiary,52.66233766233766,34.23051948051948,3.1849223045015704,1.714958163962384,0.5,Yersin,"[[106.697418, 10.767139], [106.697377, 10.767214], [106.697318, 10.767348], [106.697242, 10.76752]]"
1094,411926436,4602358365,False,79.62554587003544,tertiary,52.66233766233766,34.23051948051948,5.443206242952854,2.9309572077438446,0.5,Yersin,"[[106.697418, 10.767139], [106.697471, 10.767043], [106.697592, 10.76683], [106.697728, 10.766612], [106.697783, 10.766519]]"
1095,411926436,10215974126,False,86.55464502648361,residential,48.81818181818182,36.61363636363637,6.38280063882449,2.127600212941495,0.3,Nguyễn Thái Bình,"[[106.697418, 10.767139], [106.697488, 10.767197], [106.697799, 10.767483], [106.697937, 10.767601], [106.698008, 10.767658]]"
1096,411926638,4602358365,False,82.77378570687368,tertiary,52.66233766233766,34.23051948051948,5.658420073476051,3.046841578025565,0.5,Yersin,"[[106.698164, 10.765876], [106.698117, 10.765955], [106.697783, 10.766519]]"
1097,411926638,1768404126,False,128.1608010419823,tertiary,52.66233766233766,34.23051948051948,8.7610786803545,4.717503904806268,0.5,Nguyễn Công Trứ,"[[106.698164, 10.765876], [106.698103, 10.765816], [106.697605, 10.765366], [106.697303, 10.765094]]"
1098,411926638,1996655226,False,133.57247878344432,tertiary,52.66233766233766,34.23051948051948,9.131021237674664,4.91670374336328,0.5,Yersin,"[[106.698164, 10.765876], [106.698225, 10.76578], [106.69858, 10.765235], [106.698754, 10.764924], [106.698778, 10.764887], [106.6988, 10.76485]]"
1099,411926638,10215863915,False,121.66729887232948,tertiary,52.66233766233766,34.23051948051948,8.317182551765654,4.478482912489199,0.5,Nguyễn Công Trứ,"[[106.698164, 10.765876], [106.698254, 10.765953], [106.698404, 10.76608], [106.698568, 10.766223], [106.698731, 10.766364], [106.698941, 10.766534], [106.699006, 10.766593]]"
1100,12336589555,12336589556,False,18.38165325965661,residential,48.81818181818182,36.61363636363637,1.355518564399258,0.4518395214664192,0.3,,"[[106.703745, 10.791789], [106.703703, 10.791629]]"
1101,12336589555,12336589557,False,31.10078792252539,residential,48.81818181818182,36.61363636363637,2.2934659250130456,0.764488641671015,0.3,Hẻm D Chung Cư Nguyễn Ðình Chiểu,"[[106.703745, 10.791789], [106.703808, 10.791776], [106.703919, 10.791751], [106.704023, 10.791728]]"
1102,12336589555,411923562,False,45.59651585011164,residential,48.81818181818182,36.61363636363637,3.362424632522199,1.120808210840733,0.3,Hẻm D Chung Cư Nguyễn Ðình Chiểu,"[[106.703745, 10.791789], [106.703643, 10.791812], [106.703577, 10.791826], [106.703338, 10.791879]]"
1103,12336589557,12336589558,False,17.174105600871133,residential,48.81818181818182,36.61363636363637,1.266470357159212,0.4221567857197372,0.3,,"[[106.704023, 10.791728], [106.703982, 10.79158]]"
1104,12336589557,411923567,False,46.60591868744248,residential,48.81818181818182,36.61363636363637,3.4368610428728528,1.1456203476242837,0.3,Hẻm D Chung Cư Nguyễn Ðình Chiểu,"[[106.704023, 10.791728], [106.704077, 10.791717], [106.704164, 10.791697], [106.704438, 10.791633]]"
1105,12336589557,12336589555,False,31.100787922525395,residential,48.81818181818182,36.61363636363637,2.293465925013046,0.7644886416710146,0.3,Hẻm D Chung Cư Nguyễn Ðình Chiểu,"[[106.704023, 10.791728], [106.703919, 10.791751], [106.703808, 10.791776], [106.703745, 10.791789]]"
1106,411923567,411923568,False,18.4351059637112,residential,48.81818181818182,36.61363636363637,1.359460328050211,0.4531534426834034,0.3,,"[[106.704438, 10.791633], [106.704315, 10.79152]]"
1107,411923567,411923566,False,47.17031772456445,residential,48.81818181818182,36.61363636363637,3.4784815305265404,1.1594938435088462,0.3,,"[[106.704438, 10.791633], [106.70454, 10.79197], [106.704561, 10.792039]]"
1108,411923567,411923570,False,97.94364977010936,residential,48.81818181818182,36.61363636363637,7.222660206510858,2.4075534021702856,0.3,Hẻm D Chung Cư Nguyễn Ðình Chiểu,"[[106.704438, 10.791633], [106.704891, 10.791516], [106.704985, 10.79155], [106.705035, 10.791783], [106.705053, 10.791866]]"
1109,411923567,12336589557,False,46.60591868744247,residential,48.81818181818182,36.61363636363637,3.4368610428728523,1.1456203476242832,0.3,Hẻm D Chung Cư Nguyễn Ðình Chiểu,"[[106.704438, 10.791633], [106.704164, 10.791697], [106.704077, 10.791717], [106.704023, 10.791728]]"
1110,12336589558,12336589556,False,30.999264730740578,residential,48.81818181818182,36.61363636363637,2.285979298579752,0.7619930995265833,0.3,Hẻm B Chung Cư Nguyễn Ðình Chiểu,"[[106.703982, 10.79158], [106.703703, 10.791629]]"
1111,12336589558,411923568,False,37.00616540321232,residential,48.81818181818182,36.61363636363637,2.728946275544149,0.9096487585147156,0.3,Hẻm B Chung Cư Nguyễn Ðình Chiểu,"[[106.703982, 10.79158], [106.704315, 10.79152]]"
1112,12336589558,12336589557,False,17.174105600871133,residential,48.81818181818182,36.61363636363637,1.266470357159212,0.4221567857197372,0.3,,"[[106.703982, 10.79158], [106.704023, 10.791728]]"
1113,411923568,411923567,False,18.4351059637112,residential,48.81818181818182,36.61363636363637,1.359460328050211,0.4531534426834034,0.3,,"[[106.704315, 10.79152], [106.704438, 10.791633]]"
1114,411923568,12336589558,False,37.00616540321232,residential,48.81818181818182,36.61363636363637,2.728946275544149,0.9096487585147156,0.3,Hẻm B Chung Cư Nguyễn Ðình Chiểu,"[[106.704315, 10.79152], [106.703982, 10.79158]]"
1115,411923568,411923569,False,35.626685658834184,residential,48.81818181818182,36.61363636363637,2.6272192776346994,0.8757397592115663,0.3,,"[[106.704315, 10.79152], [106.704287, 10.791429], [106.704221, 10.791337], [106.704181, 10.791231]]"
1116,411923569,411923568,False,35.62668565883418,residential,48.81818181818182,36.61363636363637,2.627219277634699,0.8757397592115659,0.3,,"[[106.704181, 10.791231], [106.704221, 10.791337], [106.704287, 10.791429], [106.704315, 10.79152]]"
1117,12470703610,12470703608,False,27.60204243021253,residential,48.81818181818182,36.61363636363637,2.035457877535226,0.678485959178408,0.3,Hẻm 29 Nguyễn Văn Thủ,"[[106.701055, 10.791748], [106.700937, 10.791849], [106.700867, 10.791913]]"
1118,411926606,411926458,False,157.49658223713328,residential,48.81818181818182,36.61363636363637,11.614273103520445,3.871424367840147,0.3,Mai Thị Lựu,"[[106.700753, 10.789695], [106.699697, 10.790659]]"
1119,411926606,411925893,True,89.57129432557484,secondary,60.0,36.0,5.37427765953449,3.582851773022993,0.6,Nguyễn Đình Chiểu,"[[106.700753, 10.789695], [106.700194, 10.789106]]"
1120,411925893,2230414268,False,123.9156644412088,residential,48.81818181818182,36.61363636363637,9.137914919686908,3.045971639895633,0.3,Phan Kế Bính,"[[106.700194, 10.789106], [106.699654, 10.789608], [106.699397, 10.789844], [106.69937, 10.789872]]"
1121,411925893,4099242263,True,97.05067824403535,secondary,60.0,36.0,5.8230406946421205,3.882027129761415,0.6,Nguyễn Đình Chiểu,"[[106.700194, 10.789106], [106.700025, 10.788928], [106.699813, 10.788705], [106.699588, 10.788468]]"
1122,411923755,4615020060,False,78.35877245122853,residential,48.81818181818182,36.61363636363637,5.778412270146462,1.926137423382152,0.3,Hẻm 233 Nguyễn Trãi,"[[106.688308, 10.764864], [106.687916, 10.764986], [106.687622, 10.765068]]"
1123,4666227465,4615020060,False,188.21096743611665,secondary,50.0,30.0,13.551189655400398,9.0341264369336,0.6,Nguyễn Trãi,"[[106.688219, 10.766655], [106.688124, 10.766424], [106.688113, 10.766397], [106.688048, 10.766232], [106.68798, 10.766043], [106.687958, 10.765979], [106.687919, 10.765868], [106.687865, 10.765713], [106.687843, 10.765655], [106.687828, 10.765614], [106.687709, 10.765295], [106.687674, 10.765203], [106.687622, 10.765068]]"
1124,4666227465,5464084931,True,18.79602426386559,secondary,53.97590361445784,32.3855421686747,1.2536276897417495,0.8357517931611664,0.6,Ngã năm Cống Quỳnh,"[[106.688219, 10.766655], [106.688241, 10.766638], [106.688268, 10.766628], [106.688297, 10.766628], [106.688324, 10.766637], [106.688347, 10.766654], [106.688363, 10.766677]]"
1125,411924158,4600569893,False,50.884511403698006,residential,48.81818181818182,36.61363636363637,3.752377377255943,1.250792459085313,0.3,Đường Lương Hữu Khánh,"[[106.687133, 10.769135], [106.687411, 10.768768]]"
1126,411924158,5762610054,False,163.90403266896237,residential,48.81818181818182,36.61363636363637,12.086777828102251,4.028925942700749,0.3,Hẻm 175 Nguyễn Thị Minh Khai,"[[106.687133, 10.769135], [106.68716, 10.76934], [106.686961, 10.769582], [106.68643, 10.770383]]"
1127,411924158,411926271,False,148.87499835355158,residential,48.81818181818182,36.61363636363637,10.978491498697656,3.6594971662325513,0.3,Đường Lương Hữu Khánh,"[[106.687133, 10.769135], [106.686571, 10.769632], [106.686187, 10.769971], [106.686122, 10.770034]]"
1128,5762610054,411924158,False,163.90403266896237,residential,48.81818181818182,36.61363636363637,12.086777828102251,4.028925942700749,0.3,Hẻm 175 Nguyễn Thị Minh Khai,"[[106.68643, 10.770383], [106.686961, 10.769582], [106.68716, 10.76934], [106.687133, 10.769135]]"
1129,5762610054,4604903936,True,129.24908487586333,primary,55.900735294117645,27.950367647058822,8.323624065139454,8.323624065139454,0.8,Nguyễn Thị Minh Khai,"[[106.68643, 10.770383], [106.686473, 10.770429], [106.686512, 10.770469], [106.686804, 10.770773], [106.687191, 10.771198], [106.687229, 10.77124]]"
1130,411926271,411924158,False,148.87499835355158,residential,48.81818181818182,36.61363636363637,10.978491498697656,3.6594971662325513,0.3,Đường Lương Hữu Khánh,"[[106.686122, 10.770034], [106.686187, 10.769971], [106.686571, 10.769632], [106.687133, 10.769135]]"
1131,411926271,5762610054,True,51.42960419505343,primary,55.900735294117645,27.950367647058822,3.31205974533353,3.31205974533353,0.8,Nguyễn Thị Minh Khai,"[[106.686122, 10.770034], [106.686211, 10.770135], [106.68643, 10.770383]]"
1132,4604903936,6786738905,True,326.8172090360304,primary,55.900735294117645,27.950367647058822,21.04698527379684,21.04698527379684,0.8,Nguyễn Thị Minh Khai,"[[106.687229, 10.77124], [106.687272, 10.771285], [106.687545, 10.771573], [106.688332, 10.772403], [106.688434, 10.772511], [106.688543, 10.772626], [106.688614, 10.772701], [106.689269, 10.773391]]"
1133,4604903936,11801821653,False,101.11173812483956,tertiary,52.66233766233766,34.23051948051948,6.912003405229476,3.721847987431256,0.5,Tôn Thất Tùng,"[[106.687229, 10.77124], [106.687312, 10.771166], [106.687924, 10.770639]]"
1134,411925037,4609333639,False,72.74975818284109,residential,48.81818181818182,36.61363636363637,5.364786636946941,1.7882622123156455,0.3,Hẻm Cô Giang,"[[106.696134, 10.764172], [106.695723, 10.764687]]"
1135,411925037,5772158997,False,74.50993309242746,residential,48.81818181818182,36.61363636363637,5.494587244804706,1.831529081601568,0.3,Cô Giang,"[[106.696134, 10.764172], [106.695929, 10.763975], [106.695685, 10.763772], [106.695629, 10.763723]]"
1136,411925037,5500064102,False,134.40267302045194,residential,48.81818181818182,36.61363636363637,9.911258569105954,3.303752856368648,0.3,Cô Giang,"[[106.696134, 10.764172], [106.69625, 10.764275], [106.696376, 10.764385], [106.696434, 10.764429], [106.696601, 10.764576], [106.696719, 10.764673], [106.696835, 10.764753], [106.696865, 10.764775], [106.697085, 10.764937]]"
1137,4609333639,411925037,False,72.74975818284109,residential,48.81818181818182,36.61363636363637,5.364786636946941,1.7882622123156455,0.3,Hẻm Cô Giang,"[[106.695723, 10.764687], [106.696134, 10.764172]]"
1138,5500064102,411925037,False,134.4026730204519,residential,48.81818181818182,36.61363636363637,9.911258569105952,3.303752856368648,0.3,Cô Giang,"[[106.697085, 10.764937], [106.696865, 10.764775], [106.696835, 10.764753], [106.696719, 10.764673], [106.696601, 10.764576], [106.696434, 10.764429], [106.696376, 10.764385], [106.69625, 10.764275], [106.696134, 10.764172]]"
1139,5500064102,5500064105,True,98.1442717153382,primary,50.0,25.0,7.066387563504351,7.066387563504351,0.8,Nguyễn Thái Học,"[[106.697085, 10.764937], [106.69714, 10.764844], [106.697361, 10.76447], [106.697534, 10.764172]]"
1140,5772159000,14068910967,True,177.46034472326517,primary,50.0,25.0,12.777144820075092,12.777144820075092,0.8,Võ Văn Kiệt,"[[106.696602, 10.762363], [106.696386, 10.762021], [106.696158, 10.761752], [106.69608, 10.761651], [106.695945, 10.761463], [106.695707, 10.761176], [106.695646, 10.761101], [106.695629, 10.761082]]"
1141,5500064105,6791194859,True,28.00811487734033,primary,50.0,25.0,2.016584271168504,2.016584271168504,0.8,Nguyễn Thái Học,"[[106.697534, 10.764172], [106.697669, 10.763958]]"
1142,5500064105,1996654189,False,26.881258252722493,primary_link,50.0,25.0,1.9354505941960196,1.9354505941960196,0.8,,"[[106.697534, 10.764172], [106.697743, 10.764301]]"
1143,411925045,411925046,False,46.17508145520733,residential,48.81818181818182,36.61363636363637,3.4050898056354004,1.1350299352117998,0.3,Hẻm 182 Ðề Thám,"[[106.694564, 10.766033], [106.694779, 10.766097], [106.694968, 10.766156]]"
1144,411925045,411921324,True,63.14194962255715,residential,50.0,37.5,4.546220372824115,1.5154067909413724,0.3,Ðề Thám,"[[106.694564, 10.766033], [106.694671, 10.765703], [106.694742, 10.765493]]"
1145,411925046,411925045,False,46.17508145520733,residential,48.81818181818182,36.61363636363637,3.4050898056354004,1.1350299352117998,0.3,Hẻm 182 Ðề Thám,"[[106.694968, 10.766156], [106.694779, 10.766097], [106.694564, 10.766033]]"
1146,14068910994,411925089,False,184.2672805491998,residential,48.81818181818182,36.61363636363637,13.588425157818085,4.529475052606026,0.3,Hẻm 135 Trần Hưng Ðạo,"[[106.694871, 10.767071], [106.695054, 10.766699], [106.695493, 10.765818], [106.695562, 10.765674], [106.695611, 10.765574]]"
1147,14068910994,2290050435,False,17.44290259326401,residential,48.81818181818182,36.61363636363637,1.2862922582742171,0.4287640860914057,0.3,Hẻm 135 Trần Hưng Ðạo,"[[106.694871, 10.767071], [106.694836, 10.767224]]"
1148,2290050435,9404261910,True,45.767480960487376,primary,55.900735294117645,27.950367647058822,2.947419753798701,2.947419753798701,0.8,Trần Hưng Đạo,"[[106.694836, 10.767224], [106.695108, 10.767538]]"
1149,2290050435,14068910994,False,17.44290259326401,residential,48.81818181818182,36.61363636363637,1.2862922582742171,0.4287640860914057,0.3,Hẻm 135 Trần Hưng Ðạo,"[[106.694836, 10.767224], [106.694871, 10.767071]]"
1150,9404261910,9404261909,False,7.84464232375406,primary_link,50.0,25.0,0.5648142473102923,0.5648142473102923,0.8,,"[[106.695108, 10.767538], [106.69505, 10.76758]]"
1151,9404261910,4612970105,True,50.89199141570039,primary,55.900735294117645,27.950367647058822,3.2774375530584563,3.2774375530584563,0.8,Trần Hưng Đạo,"[[106.695108, 10.767538], [106.69539, 10.767863], [106.69541, 10.767886]]"
1152,5500064101,5500064102,True,33.01405882785136,primary,55.900735294117645,27.950367647058822,2.1261010459869816,2.1261010459869816,0.8,Nguyễn Thái Học,"[[106.697013, 10.765222], [106.697018, 10.76511], [106.697085, 10.764937]]"
1153,5500064101,5772092881,True,221.88019766508347,primary,50.0,25.0,15.97537423188601,15.97537423188601,0.8,Cầu Ông Lãnh,"[[106.697013, 10.765222], [106.697082, 10.765127], [106.697261, 10.764809], [106.697629, 10.764172], [106.69777, 10.763962], [106.698147, 10.763581]]"
1154,5238614065,4603207418,False,8.19617582251832,tertiary,52.66233766233766,34.23051948051948,0.5602909834777012,0.3016951449495313,0.5,Bùi Thị Xuân,"[[106.691155, 10.772724], [106.691117, 10.77266]]"
1155,5238614065,5763168804,True,163.38089316723764,primary,55.900735294117645,27.950367647058822,10.52170802955338,10.52170802955338,0.8,Cách Mạng Tháng Tám,"[[106.691155, 10.772724], [106.691079, 10.772766], [106.689848, 10.773439]]"
1156,4603207418,5238614065,False,8.19617582251832,tertiary,52.66233766233766,34.23051948051948,0.5602909834777012,0.3016951449495313,0.5,Bùi Thị Xuân,"[[106.691117, 10.77266], [106.691155, 10.772724]]"
1157,4603207418,4610625918,True,257.19837313576664,primary,55.900735294117645,27.950367647058822,16.56354139918071,16.56354139918071,0.8,Cách Mạng Tháng Tám,"[[106.691117, 10.77266], [106.691207, 10.772615], [106.691543, 10.77242], [106.692162, 10.772076], [106.692206, 10.772051], [106.69299, 10.771612], [106.693071, 10.771543], [106.693104, 10.77146]]"
1158,4603207418,6793960865,True,45.48289295435724,tertiary,52.66233766233766,34.23051948051948,3.1092128056591437,1.674191510739539,0.5,Bùi Thị Xuân,"[[106.691117, 10.77266], [106.691023, 10.772635], [106.690865, 10.772466], [106.690852, 10.772383]]"
1159,5763168804,6639674954,True,54.6466983431509,primary_link,50.0,25.0,3.934562280706865,3.934562280706865,0.8,Nguyễn Thị Minh Khai,"[[106.689848, 10.773439], [106.6898, 10.773556], [106.689784, 10.773648], [106.689775, 10.773765], [106.689774, 10.773798], [106.689773, 10.77385], [106.689771, 10.773919]]"
1160,5763168804,411918706,True,40.98882762554308,primary,55.900735294117645,27.950367647058822,2.6396751075916995,2.6396751075916995,0.8,Cách Mạng Tháng Tám,"[[106.689848, 10.773439], [106.689622, 10.773563], [106.689521, 10.77362]]"
1161,411925309,411925417,False,50.51412440559825,residential,48.81818181818182,36.61363636363637,3.725063922647469,1.2416879742158224,0.3,Lý Văn Phức,"[[106.693844, 10.791173], [106.693507, 10.791484]]"
1162,411925309,8819419111,False,30.142963358191107,residential,48.81818181818182,36.61363636363637,2.2228330521124167,0.7409443507041389,0.3,Lý Văn Phức,"[[106.693844, 10.791173], [106.694043, 10.790986]]"
1163,411925309,411925428,False,78.89007071036205,residential,48.81818181818182,36.61363636363637,5.817591806574185,1.9391972688580603,0.3,Hẻm 33 Lý Văn Phức,"[[106.693844, 10.791173], [106.693833, 10.791161], [106.693358, 10.790648]]"
1164,411925417,411925309,False,50.51412440559825,residential,48.81818181818182,36.61363636363637,3.725063922647469,1.2416879742158224,0.3,Lý Văn Phức,"[[106.693507, 10.791484], [106.693844, 10.791173]]"
1165,411925417,411926021,False,37.44314410117234,residential,48.81818181818182,36.61363636363637,2.76117040299148,0.9203901343304928,0.3,Lý Văn Phức,"[[106.693507, 10.791484], [106.693348, 10.791634], [106.693266, 10.791724]]"
1166,411925417,411925415,False,78.21658219067511,residential,48.81818181818182,36.61363636363637,5.767926731379394,1.9226422437931303,0.3,Hẻm 9 Lý Văn Phức,"[[106.693507, 10.791484], [106.693495, 10.791472], [106.69301, 10.790978]]"
1167,411925428,411925415,False,52.81047529297224,residential,48.81818181818182,36.61363636363637,3.894403764621417,1.2981345882071378,0.3,Chung cư Lý Văn Phức,"[[106.693358, 10.790648], [106.69301, 10.790978]]"
1168,411925428,411925415,False,127.99882084621514,residential,48.81818181818182,36.61363636363637,9.439019190894076,3.146339730298024,0.3,Hẻm 9 Lý Văn Phức,"[[106.693358, 10.790648], [106.693437, 10.790573], [106.693466, 10.790541], [106.693471, 10.790527], [106.69347, 10.790512], [106.693467, 10.790498], [106.693429, 10.790467], [106.693372, 10.790423], [106.693304, 10.79043], [106.69289, 10.79083], [106.692889, 10.790856], [106.692909, 10.790894], [106.69301, 10.790978]]"
1169,411925428,411925309,False,78.89007071036205,residential,48.81818181818182,36.61363636363637,5.817591806574185,1.9391972688580603,0.3,Hẻm 33 Lý Văn Phức,"[[106.693358, 10.790648], [106.693833, 10.791161], [106.693844, 10.791173]]"
1170,411925415,411925428,False,52.81047529297224,residential,48.81818181818182,36.61363636363637,3.894403764621417,1.2981345882071378,0.3,Chung cư Lý Văn Phức,"[[106.69301, 10.790978], [106.693358, 10.790648]]"
1171,411925415,411925428,False,127.99882084621514,residential,48.81818181818182,36.61363636363637,9.439019190894076,3.146339730298024,0.3,Hẻm 9 Lý Văn Phức,"[[106.69301, 10.790978], [106.692909, 10.790894], [106.692889, 10.790856], [106.69289, 10.79083], [106.693304, 10.79043], [106.693372, 10.790423], [106.693429, 10.790467], [106.693467, 10.790498], [106.69347, 10.790512], [106.693471, 10.790527], [106.693466, 10.790541], [106.693437, 10.790573], [106.693358, 10.790648]]"
1172,411925415,411925417,False,78.21658219067511,residential,48.81818181818182,36.61363636363637,5.767926731379394,1.9226422437931303,0.3,Hẻm 9 Lý Văn Phức,"[[106.69301, 10.790978], [106.693495, 10.791472], [106.693507, 10.791484]]"
1173,8819419107,8819419111,False,60.91974258881947,residential,48.81818181818182,36.61363636363637,4.4924055987285865,1.4974685329095276,0.3,Hẻm 18Z Lý Văn Phức,"[[106.694153, 10.791519], [106.694142, 10.79141], [106.694133, 10.791291], [106.694092, 10.791106], [106.694051, 10.791005], [106.694043, 10.790986]]"
1174,411926372,411926373,False,100.07542204993042,residential,48.81818181818182,36.61363636363637,7.379863525469729,2.4599545084899086,0.3,Huyền Quang,"[[106.691959, 10.791668], [106.691953, 10.791656], [106.691789, 10.791328], [106.691541, 10.790894], [106.691529, 10.790873]]"
1175,411926372,411926019,True,59.37737809604862,residential,48.81818181818182,36.61363636363637,4.378666988088502,1.4595556626961663,0.3,Nguyễn Phi Khanh,"[[106.691959, 10.791668], [106.6918, 10.791705], [106.691739, 10.791725], [106.691681, 10.791751], [106.691579, 10.791818], [106.691551, 10.791834], [106.691493, 10.79191]]"
1176,6783651564,1767203801,False,12.539904784549858,tertiary,52.66233766233766,34.23051948051948,0.8572285095628164,0.4615845820722858,0.5,Nguyễn Công Trứ,"[[106.699859, 10.767326], [106.699773, 10.767251]]"
1177,6783651564,411925445,False,128.93813150811002,tertiary,52.66233766233766,34.23051948051948,8.814217029358346,4.746116861962188,0.5,Nguyễn Công Trứ,"[[106.699859, 10.767326], [106.699977, 10.767428], [106.700241, 10.767659], [106.700323, 10.767731], [106.700741, 10.768096]]"
1178,1769173868,1998452788,True,75.72181439647309,primary,50.0,25.0,5.451970636546062,5.451970636546062,0.8,Võ Văn Kiệt,"[[106.70135, 10.767109], [106.701305, 10.767007], [106.701049, 10.766495]]"
1179,1769173868,411925445,False,128.41346309420013,tertiary,52.66233766233766,34.23051948051948,8.778350670705862,4.726804207303157,0.5,Phó Đức Chính,"[[106.70135, 10.767109], [106.701254, 10.767241], [106.701237, 10.76727], [106.700991, 10.767679], [106.700806, 10.767988], [106.700741, 10.768096]]"
1180,1769173870,1769173868,True,164.38702157260465,primary,50.0,25.0,11.835865553227537,11.835865553227537,0.8,Võ Văn Kiệt,"[[106.702339, 10.768213], [106.702285, 10.768176], [106.702121, 10.768033], [106.701993, 10.767907], [106.701975, 10.767888], [106.7019, 10.767812], [106.701884, 10.767796], [106.701842, 10.767751], [106.701743, 10.767644], [106.701597, 10.767463], [106.70135, 10.767109]]"
1181,1998452788,1767909417,True,17.60135463329014,primary,55.900735294117645,27.950367647058822,1.133524923177751,1.133524923177751,0.8,Võ Văn Kiệt,"[[106.701049, 10.766495], [106.700978, 10.766353]]"
1182,411925599,411925603,False,161.09258910585706,residential,48.81818181818182,36.61363636363637,11.879453498309012,3.959817832769669,0.3,Hẻm 165 Nguyễn Thái Bình,"[[106.699413, 10.766947], [106.69842, 10.768018]]"
1183,411925599,6783651566,False,38.91239292519322,tertiary,52.66233766233766,34.23051948051948,2.6600530995964387,1.4323362843980827,0.5,Nguyễn Công Trứ,"[[106.699413, 10.766947], [106.699686, 10.767171]]"
1184,411925599,10215863915,False,59.45312003462399,tertiary,52.66233766233766,34.23051948051948,4.064218217903272,2.188425194255609,0.5,Nguyễn Công Trứ,"[[106.699413, 10.766947], [106.699075, 10.766653], [106.699006, 10.766593]]"
1185,6783651566,1767203801,False,12.99498733466582,tertiary,52.66233766233766,34.23051948051948,0.8883379751342454,0.4783358327645935,0.5,Nguyễn Công Trứ,"[[106.699686, 10.767171], [106.699773, 10.767251]]"
1186,6783651566,411925599,False,38.91239292519322,tertiary,52.66233766233766,34.23051948051948,2.6600530995964387,1.4323362843980827,0.5,Nguyễn Công Trứ,"[[106.699686, 10.767171], [106.699413, 10.766947]]"
1187,6783651566,10907354899,True,135.7893770467903,secondary,53.97590361445784,32.3855421686747,9.056666486960031,6.037777657973354,0.6,Calmette,"[[106.699686, 10.767171], [106.699747, 10.76708], [106.700018, 10.766729], [106.700172, 10.766515], [106.700428, 10.766192]]"
1188,10215863915,11825097706,False,145.02130482222782,tertiary,52.66233766233766,34.23051948051948,9.913663550362898,5.338126527118483,0.5,Ký Con,"[[106.699006, 10.766593], [106.699056, 10.766533], [106.699284, 10.766291], [106.699903, 10.765631]]"
1189,10215863915,411925599,False,59.45312003462399,tertiary,52.66233766233766,34.23051948051948,4.064218217903272,2.188425194255609,0.5,Nguyễn Công Trứ,"[[106.699006, 10.766593], [106.699075, 10.766653], [106.699413, 10.766947]]"
1190,10215863915,10215974126,False,161.02585158992164,tertiary,52.66233766233766,34.23051948051948,11.0077351567759,5.927242007494716,0.5,Ký Con,"[[106.699006, 10.766593], [106.698948, 10.766657], [106.698405, 10.767236], [106.698067, 10.767594], [106.698008, 10.767658]]"
1191,10215863915,411926638,False,121.66729887232948,tertiary,52.66233766233766,34.23051948051948,8.317182551765654,4.478482912489199,0.5,Nguyễn Công Trứ,"[[106.699006, 10.766593], [106.698941, 10.766534], [106.698731, 10.766364], [106.698568, 10.766223], [106.698404, 10.76608], [106.698254, 10.765953], [106.698164, 10.765876]]"
1192,411925607,411925603,False,134.56827494181778,residential,48.81818181818182,36.61363636363637,9.923470554368686,3.307823518122893,0.3,Hẻm 55 Lê Thị Hồng Gấm,"[[106.6976, 10.768921], [106.69842, 10.768018]]"
1193,411925607,411926533,False,62.74447814925018,residential,48.81818181818182,36.61363636363637,4.626967103743588,1.5423223679145286,0.3,Lê Thị Hồng Gấm,"[[106.6976, 10.768921], [106.697275, 10.768631], [106.697174, 10.768543]]"
1194,411925607,411926712,False,74.61966850874578,residential,48.81818181818182,36.61363636363637,5.502679465449409,1.834226488483135,0.3,Lê Thị Hồng Gấm,"[[106.6976, 10.768921], [106.697801, 10.7691], [106.69789, 10.769182], [106.698046, 10.769327], [106.698102, 10.769377]]"
1195,10215974126,411925603,False,60.19011501263971,residential,48.81818181818182,36.61363636363637,4.438600660149968,1.4795335533833214,0.3,Nguyễn Thái Bình,"[[106.698008, 10.767658], [106.698086, 10.767729], [106.698125, 10.767762], [106.698331, 10.767937], [106.69842, 10.768018]]"
1196,10215974126,411926533,False,134.00166839478308,tertiary,52.66233766233766,34.23051948051948,9.160360660674195,4.932501894209183,0.5,Ký Con,"[[106.698008, 10.767658], [106.697957, 10.767715], [106.697592, 10.768107], [106.697258, 10.768449], [106.697174, 10.768543]]"
1197,10215974126,10215863915,False,161.0258515899216,tertiary,52.66233766233766,34.23051948051948,11.0077351567759,5.927242007494714,0.5,Ký Con,"[[106.698008, 10.767658], [106.698067, 10.767594], [106.698405, 10.767236], [106.698948, 10.766657], [106.699006, 10.766593]]"
1198,10215974126,411926436,False,86.55464502648361,residential,48.81818181818182,36.61363636363637,6.38280063882449,2.127600212941495,0.3,Nguyễn Thái Bình,"[[106.698008, 10.767658], [106.697937, 10.767601], [106.697799, 10.767483], [106.697488, 10.767197], [106.697418, 10.767139]]"
1199,10907354899,1767909386,True,26.78133558773464,secondary_link,50.0,30.0,1.928256162316894,1.2855041082112626,0.6,,"[[106.700428, 10.766192], [106.700621, 10.766341]]"
1200,10907354899,1996654066,True,44.101606280632986,secondary,53.97590361445784,32.3855421686747,2.9414196331815035,1.960946422121003,0.6,Calmette,"[[106.700428, 10.766192], [106.700508, 10.766094], [106.700599, 10.765954], [106.700618, 10.765905], [106.700628, 10.765854]]"
1201,11825097706,10215863915,False,145.02130482222782,tertiary,52.66233766233766,34.23051948051948,9.913663550362898,5.338126527118483,0.5,Ký Con,"[[106.699903, 10.765631], [106.699284, 10.766291], [106.699056, 10.766533], [106.699006, 10.766593]]"
1202,11825097706,6789155351,True,24.110378740129825,tertiary,52.66233766233766,34.23051948051948,1.6481866798431537,0.8874851353001596,0.5,Ký Con,"[[106.699903, 10.765631], [106.699945, 10.765538], [106.700038, 10.765468]]"
1203,14068911046,10215974129,False,13.671764871994696,tertiary,52.66233766233766,34.23051948051948,0.9346025209659504,0.503247511289358,0.5,Ký Con,"[[106.696949, 10.768786], [106.696912, 10.768826], [106.696865, 10.768877]]"
1204,14068911046,411926533,False,36.45426285897096,tertiary,52.66233766233766,34.23051948051948,2.492015207030025,1.3418543422469362,0.5,Ký Con,"[[106.696949, 10.768786], [106.697051, 10.768677], [106.697174, 10.768543]]"
1205,411926527,411926712,False,65.88529337124228,secondary,53.97590361445784,32.3855421686747,4.394313763242677,2.929542508828452,0.6,Calmette,"[[106.697744, 10.769854], [106.698102, 10.769377]]"
1206,411926527,10215974129,False,145.01504796447847,residential,48.81818181818182,36.61363636363637,10.693847112464336,3.5646157041547752,0.3,Ðặng Thị Nhu,"[[106.697744, 10.769854], [106.697688, 10.76979], [106.696946, 10.768963], [106.696865, 10.768877]]"
1207,411926527,10557693663,False,55.039764632385705,secondary,53.97590361445784,32.3855421686747,3.6709557303921536,2.447303820261436,0.6,Calmette,"[[106.697744, 10.769854], [106.697562, 10.770101], [106.697455, 10.770259]]"
1208,2230414268,411925891,False,34.26913920993029,residential,48.81818181818182,36.61363636363637,2.527109707101004,0.8423699023670013,0.3,Phan Kế Bính,"[[106.69937, 10.789872], [106.699141, 10.790083]]"
1209,2230414268,2230414266,False,52.46175671250485,residential,48.81818181818182,36.61363636363637,3.868688204497564,1.2895627348325207,0.3,Hẻm 6 Phan Kế Bính,"[[106.69937, 10.789872], [106.699696, 10.790218]]"
1210,2230414268,411925893,False,123.9156644412088,residential,48.81818181818182,36.61363636363637,9.137914919686908,3.045971639895633,0.3,Phan Kế Bính,"[[106.69937, 10.789872], [106.699397, 10.789844], [106.699654, 10.789608], [106.700194, 10.789106]]"
1211,14068910959,411926458,False,52.36206835658572,residential,48.81818181818182,36.61363636363637,3.8613368843962657,1.2871122947987543,0.3,Nguyễn Văn Thủ,"[[106.699366, 10.790316], [106.699697, 10.790659]]"
1212,14068910959,411925891,False,35.620571558176984,residential,48.81818181818182,36.61363636363637,2.6267684054074647,0.8755894684691543,0.3,Nguyễn Văn Thủ,"[[106.699366, 10.790316], [106.699141, 10.790083]]"
1213,2230414266,2230414268,False,52.46175671250485,residential,48.81818181818182,36.61363636363637,3.868688204497564,1.2895627348325207,0.3,Hẻm 6 Phan Kế Bính,"[[106.699696, 10.790218], [106.69937, 10.789872]]"
1214,411925981,12980280176,True,134.90649519709305,primary,55.900735294117645,27.950367647058822,8.68796054567534,8.68796054567534,0.8,Ðiện Biên Phủ,"[[106.698682, 10.791574], [106.698963, 10.791863], [106.699026, 10.791926], [106.699095, 10.791983], [106.699146, 10.792021], [106.699174, 10.792037], [106.699202, 10.792054], [106.69926, 10.792079], [106.69932, 10.792099], [106.699381, 10.792113], [106.699444, 10.792121], [106.699505, 10.792132], [106.699564, 10.792149], [106.699629, 10.792177], [106.699691, 10.792212]]"
1215,411925981,411926458,False,150.45591023260158,residential,48.81818181818182,36.61363636363637,11.095072709890172,3.698357569963388,0.3,Mai Thị Lựu,"[[106.698682, 10.791574], [106.699251, 10.79107], [106.699381, 10.790957], [106.699697, 10.790659]]"
1216,4099242263,411926704,True,157.16200758806545,primary,60.0,30.0,9.429720455283926,9.429720455283926,0.8,Đinh Tiên Hoàng,"[[106.699588, 10.788468], [106.699022, 10.788984], [106.698774, 10.789212], [106.698538, 10.789435]]"
1217,4099242263,411918911,True,74.46050705658442,secondary,50.0,30.0,5.361156508074078,3.574104338716051,0.6,Nguyễn Đình Chiểu,"[[106.699588, 10.788468], [106.699531, 10.788409], [106.699123, 10.787978]]"
1218,411925935,2231187556,True,83.49795080317959,tertiary,60.0,39.0,5.009877048190775,2.697626102871956,0.5,Phùng Khắc Khoan,"[[106.697857, 10.784656], [106.6973, 10.785171]]"
1219,411925935,6747201137,True,120.88012904167044,secondary,53.97590361445784,32.3855421686747,8.06227289233284,5.374848594888562,0.6,Trần Cao Vân,"[[106.697857, 10.784656], [106.697398, 10.78417], [106.697211, 10.783972], [106.697104, 10.783859]]"
1220,411925935,14068910951,False,88.73265644957259,tertiary,50.0,32.5,6.388751264369226,3.4400968346603538,0.5,Trần Cao Vân,"[[106.697857, 10.784656], [106.69841, 10.785243]]"
1221,2231187556,2231187557,False,69.12616522686571,residential,48.81818181818182,36.61363636363637,5.09757196086384,1.6991906536212786,0.3,Hẻm 16 Phùng Khắc Khoan,"[[106.6973, 10.785171], [106.697738, 10.78562]]"
1222,2231187556,411926538,True,67.4889161240697,tertiary,60.0,39.0,4.049334967444182,2.1804111363160983,0.5,Phùng Khắc Khoan,"[[106.6973, 10.785171], [106.69685, 10.785587]]"
1223,2231187557,2231187556,False,69.12616522686571,residential,48.81818181818182,36.61363636363637,5.09757196086384,1.6991906536212786,0.3,Hẻm 16 Phùng Khắc Khoan,"[[106.697738, 10.78562], [106.6973, 10.785171]]"
1224,2036083168,2036083533,True,47.73989637616134,primary,60.0,30.0,2.8643937825696804,2.8643937825696804,0.8,Tôn Ðức Thắng,"[[106.706309, 10.771859], [106.706271, 10.771432]]"
1225,2036083168,5247691973,True,34.01478785994094,tertiary,52.66233766233766,34.23051948051948,2.325252575776973,1.2520590792645243,0.5,Nguyễn Huệ,"[[106.706309, 10.771859], [106.706233, 10.771931], [106.706082, 10.772069]]"
1226,411926702,10828987444,True,9.608567487237597,residential,48.81818181818182,36.61363636363637,0.7085647532488061,0.2361882510829351,0.3,Công trường Lam Sơn,"[[106.703886, 10.777619], [106.703824, 10.777558]]"
1227,411926702,411926378,False,35.75942545320512,primary,55.900735294117645,27.950367647058822,2.3029022955461005,2.3029022955461005,0.8,Hai Bà Trưng,"[[106.703886, 10.777619], [106.704119, 10.777393]]"
1228,411926702,411926701,False,145.64695283010627,primary,55.900735294117645,27.950367647058822,9.379644604488002,9.379644604488002,0.8,Hai Bà Trưng,"[[106.703886, 10.777619], [106.703742, 10.777771], [106.703569, 10.77794], [106.703492, 10.778015], [106.703275, 10.778209], [106.702924, 10.778525]]"
1229,10828987444,2907818487,True,59.38108781006578,residential,48.81818181818182,36.61363636363637,4.378940553591443,1.4596468511971468,0.3,Công trường Lam Sơn,"[[106.703824, 10.777558], [106.703779, 10.777514], [106.703734, 10.777469], [106.703504, 10.777243], [106.70344, 10.77718]]"
1230,411926701,411926702,False,145.64695283010627,primary,55.900735294117645,27.950367647058822,9.379644604488002,9.379644604488002,0.8,Hai Bà Trưng,"[[106.702924, 10.778525], [106.703275, 10.778209], [106.703492, 10.778015], [106.703569, 10.77794], [106.703742, 10.777771], [106.703886, 10.777619]]"
1231,411926701,411926157,True,188.0617165871632,tertiary,52.66233766233766,34.23051948051948,12.855908221445532,6.922412119239901,0.5,Lê Thánh Tôn,"[[106.702924, 10.778525], [106.702863, 10.778454], [106.702523, 10.778058], [106.702125, 10.777621], [106.701844, 10.777294], [106.701805, 10.77724]]"
1232,411926701,411926594,False,110.78011710727596,primary,55.900735294117645,27.950367647058822,7.134224970170644,7.134224970170644,0.8,Hai Bà Trưng,"[[106.702924, 10.778525], [106.70287, 10.778573], [106.702536, 10.778873], [106.702175, 10.779197]]"
1233,5742669198,4605180971,False,40.373514508439925,residential,48.81818181818182,36.61363636363637,2.9772647570469664,0.992421585682322,0.3,Hẻm 8A Đường Thái Văn Lung,"[[106.704755, 10.779441], [106.705005, 10.779708]]"
1234,5742669198,4605180971,False,161.03780895652494,residential,48.81818181818182,36.61363636363637,11.875413844838713,3.958471281612901,0.3,Hẻm 8A Đường Thái Văn Lung,"[[106.704755, 10.779441], [106.70503, 10.779203], [106.705172, 10.779082], [106.705419, 10.779364], [106.705274, 10.779485], [106.705005, 10.779708]]"
1235,5742669198,4605175933,False,92.82667731234608,residential,48.81818181818182,36.61363636363637,6.845319220798706,2.281773073599568,0.3,Hẻm 8A Đường Thái Văn Lung,"[[106.704755, 10.779441], [106.704389, 10.77975], [106.704638, 10.780015]]"
1236,5742669198,4605180970,False,25.52787753614689,residential,48.81818181818182,36.61363636363637,1.8825027009896032,0.6275009003298677,0.3,Hẻm 8A Đường Thái Văn Lung,"[[106.704755, 10.779441], [106.704622, 10.779296], [106.704599, 10.77927]]"
1237,4605168357,411926596,True,92.10993398722728,tertiary,52.66233766233766,34.23051948051948,6.296639630396892,3.390498262521404,0.5,Lê Thánh Tôn,"[[106.704547, 10.780413], [106.704214, 10.780027], [106.704002, 10.779781]]"
1238,4605168357,14068911004,False,13.414475075275114,residential,48.81818181818182,36.61363636363637,0.9892238602996172,0.329741286766539,0.3,Hẻm 15B Đường Lê Thánh Tôn,"[[106.704547, 10.780413], [106.704603, 10.780365], [106.704639, 10.780333]]"
1239,2036083164,411926178,False,147.85629036365816,residential,48.81818181818182,36.61363636363637,10.90336889832563,3.634456299441876,0.3,Nguyễn Trung Ngạn,"[[106.704973, 10.783297], [106.704069, 10.782308]]"
1240,2036083164,2036083316,True,78.69894205951995,primary,55.900735294117645,27.950367647058822,5.068201516914301,5.068201516914301,0.8,Tôn Đức Thắng,"[[106.704973, 10.783297], [106.705504, 10.782818]]"
1241,4605462429,411926178,False,213.9536328165101,residential,50.0,37.5,15.404661562788728,5.134887187596245,0.3,Chu Mạnh Trinh,"[[106.702627, 10.783611], [106.703242, 10.783055], [106.703558, 10.782769], [106.704069, 10.782308]]"
1242,4605462429,411925954,True,142.79631442999744,tertiary,60.0,39.0,8.567778865799845,4.6134193892768405,0.5,Nguyễn Du,"[[106.702627, 10.783611], [106.702256, 10.783208], [106.701807, 10.782725], [106.701747, 10.78266]]"
1243,9457086585,2037831399,True,68.80385116418543,tertiary,52.66233766233766,34.23051948051948,4.703434659115216,2.532618662600501,0.5,Lê Thánh Tôn,"[[106.706116, 10.782237], [106.70599, 10.78209], [106.705885, 10.781968], [106.705744, 10.781804], [106.705709, 10.781764]]"
1244,9457086585,9741725439,True,67.4524281172797,primary,55.900735294117645,27.950367647058822,4.343927498351877,4.343927498351877,0.8,Tôn Đức Thắng,"[[106.706116, 10.782237], [106.706174, 10.782159], [106.706416, 10.781934], [106.706475, 10.781879], [106.706558, 10.781816]]"
1245,411925950,11950422110,False,22.96737469613695,primary,55.900735294117645,27.950367647058822,1.479095909401993,1.479095909401993,0.8,Lê Duẩn,"[[106.705004, 10.787254], [106.704936, 10.787182], [106.704878, 10.787119], [106.704861, 10.787102]]"
1246,411925950,14068911051,True,39.10089187861291,secondary,50.0,30.0,2.8152642152601297,1.87684281017342,0.6,Nguyễn Bỉnh Khiêm,"[[106.705004, 10.787254], [106.705265, 10.787012]]"
1247,11950422110,411925950,False,22.96737469613695,primary,55.900735294117645,27.950367647058822,1.479095909401993,1.479095909401993,0.8,Lê Duẩn,"[[106.704861, 10.787102], [106.704878, 10.787119], [106.704936, 10.787182], [106.705004, 10.787254]]"
1248,11950422110,14068911028,True,56.778727568810055,primary,55.900735294117645,27.950367647058822,3.656542587002882,3.656542587002882,0.8,Lê Duẩn,"[[106.704861, 10.787102], [106.704772, 10.78706], [106.704485, 10.786757]]"
1249,14068911051,14068911030,True,17.699426420792907,secondary,50.0,30.0,1.2743587022970893,0.8495724681980596,0.6,Nguyễn Bỉnh Khiêm,"[[106.705265, 10.787012], [106.705383, 10.786903]]"
1250,4601580281,9708466478,True,87.77092421031574,primary,60.0,30.0,5.266255452618944,5.266255452618944,0.8,Nguyễn Hữu Cảnh,"[[106.707943, 10.784533], [106.707421, 10.783933]]"
1251,4601580281,5740324106,False,15.25417671464395,primary_link,50.0,25.0,1.0983007234543645,1.0983007234543645,0.8,Nguyễn Bỉnh Khiêm,"[[106.707943, 10.784533], [106.708002, 10.784479], [106.708045, 10.78444]]"
1252,9708466478,11298108233,True,97.03312758156868,primary,60.0,30.0,5.82198765489412,5.82198765489412,0.8,Nguyễn Hữu Cảnh,"[[106.707421, 10.783933], [106.706847, 10.783267]]"
1253,9708466478,11298108231,True,122.11414507932824,primary_link,50.0,25.0,8.792218445711633,8.792218445711633,0.8,Nguyễn Hữu Cảnh,"[[106.707421, 10.783933], [106.707275, 10.783874], [106.707246, 10.783857], [106.707217, 10.783835], [106.706704, 10.783247], [106.706656, 10.78316]]"
1254,5740324106,11298108249,True,25.900425491478376,primary,60.0,30.0,1.5540255294887024,1.5540255294887024,0.8,Nguyễn Hữu Cảnh,"[[106.708045, 10.78444], [106.708198, 10.784617]]"
1255,5740324106,4601580281,False,15.25417671464395,primary_link,50.0,25.0,1.0983007234543645,1.0983007234543645,0.8,Nguyễn Bỉnh Khiêm,"[[106.708045, 10.78444], [106.708002, 10.784479], [106.707943, 10.784533]]"
1256,5740324106,9577643870,False,25.821941501739303,residential,48.81818181818182,36.61363636363637,1.9041878649327308,0.6347292883109097,0.3,Riverview 9,"[[106.708045, 10.78444], [106.708082, 10.784401], [106.708213, 10.784277]]"
1257,14068911028,10964388727,True,79.11642636159257,primary,55.900735294117645,27.950367647058822,5.095087451053697,5.095087451053697,0.8,Lê Duẩn,"[[106.704485, 10.786757], [106.70399, 10.786235]]"
1258,411925954,5742669214,True,136.00986763709696,tertiary,60.0,39.0,8.160592058225816,4.394164954429288,0.5,Nguyễn Du,"[[106.701747, 10.78266], [106.701674, 10.782379], [106.701648, 10.78228], [106.701433, 10.781477]]"
1259,411925954,6858588487,False,81.27286034635952,tertiary,50.0,32.5,5.851645944937886,3.150886278043478,0.5,Mạc Đĩnh Chi,"[[106.701747, 10.78266], [106.701691, 10.782712], [106.701369, 10.78301], [106.701249, 10.783119], [106.701205, 10.78316]]"
1260,5742669214,411926034,False,144.95877293933492,residential,50.0,37.5,10.437031651632116,3.4790105505440394,0.3,Lê Văn Hưu,"[[106.701433, 10.781477], [106.701354, 10.781548], [106.700449, 10.782352]]"
1261,5742669214,411926624,True,149.0731434392286,tertiary,60.0,39.0,8.944388606353716,4.816209249575078,0.5,Nguyễn Du,"[[106.701433, 10.781477], [106.701388, 10.781319], [106.701315, 10.781068], [106.70106, 10.780187]]"
1262,6858588487,10978360611,False,8.061031156773568,tertiary,50.0,32.5,0.5803942432876968,0.3125199771549138,0.5,Mạc Đĩnh Chi,"[[106.701205, 10.78316], [106.70115, 10.78321]]"
1263,6858588487,411925954,False,81.27286034635952,tertiary,50.0,32.5,5.851645944937886,3.150886278043478,0.5,Mạc Đĩnh Chi,"[[106.701205, 10.78316], [106.701249, 10.783119], [106.701369, 10.78301], [106.701691, 10.782712], [106.701747, 10.78266]]"
1264,6858588487,10978360609,True,299.1079331147834,secondary,50.0,30.0,21.535771184264405,14.3571807895096,0.6,Lê Duẩn,"[[106.701205, 10.78316], [106.701262, 10.783222], [106.701701, 10.783686], [106.701941, 10.783939], [106.702019, 10.784022], [106.702541, 10.784572], [106.702573, 10.784606], [106.702762, 10.784805], [106.702861, 10.78491], [106.702968, 10.785023], [106.703001, 10.785058], [106.703069, 10.785131]]"
1265,411926034,10978360616,False,9.83481865931969,secondary,53.97590361445784,32.3855421686747,0.6559472802242686,0.437298186816179,0.6,Lê Văn Hưu,"[[106.700449, 10.782352], [106.700381, 10.782409]]"
1266,411926034,5742669214,False,144.95877293933492,residential,50.0,37.5,10.437031651632116,3.4790105505440394,0.3,Lê Văn Hưu,"[[106.700449, 10.782352], [106.701354, 10.781548], [106.701433, 10.781477]]"
1267,411926034,10978360618,True,58.33207437515297,secondary,50.0,30.0,4.199909355011013,2.799939570007343,0.6,Lê Duẩn,"[[106.700449, 10.782352], [106.700504, 10.782414], [106.70056, 10.782472], [106.700811, 10.782737]]"
1268,411926624,411926201,True,148.792650245959,tertiary,60.0,39.0,8.92755901475754,4.807147161792521,0.5,Nguyễn Du,"[[106.70106, 10.780187], [106.700238, 10.779281], [106.700153, 10.779189]]"
1269,411926624,411926594,False,164.22272647697474,primary,55.900735294117645,27.950367647058822,10.575921983969332,10.575921983969332,0.8,Hai Bà Trưng,"[[106.70106, 10.780187], [106.701679, 10.779657], [106.702175, 10.779197]]"
1270,411926624,14068911006,False,139.3862451498221,primary,55.900735294117645,27.950367647058822,8.976455853384136,8.976455853384136,0.8,Hai Bà Trưng,"[[106.70106, 10.780187], [106.700532, 10.780672], [106.700454, 10.780744], [106.70016, 10.781005], [106.700121, 10.781039]]"
1271,10978360609,6858588499,True,15.311216963476092,primary,55.900735294117645,27.950367647058822,0.98604035847654,0.98604035847654,0.8,Lê Duẩn,"[[106.703069, 10.785131], [106.703163, 10.785233]]"
1272,10978360609,2036083160,True,79.73054112807557,primary,55.900735294117645,27.950367647058822,5.134636361237199,5.134636361237199,0.8,Tôn Đức Thắng,"[[106.703069, 10.785131], [106.703157, 10.785043], [106.703597, 10.784636]]"
1273,14068911004,4605168358,False,21.73954328672689,residential,48.81818181818182,36.61363636363637,1.6031395049429886,0.5343798349809961,0.3,Hẻm 15B Đường Lê Thánh Tôn,"[[106.704639, 10.780333], [106.704788, 10.780203]]"
1274,14068911004,4605168357,False,13.414475075275114,residential,48.81818181818182,36.61363636363637,0.9892238602996172,0.329741286766539,0.3,Hẻm 15B Đường Lê Thánh Tôn,"[[106.704639, 10.780333], [106.704603, 10.780365], [106.704547, 10.780413]]"
1275,2297783341,2297783345,False,45.746828119074166,residential,48.81818181818182,36.61363636363637,3.3735091126915027,1.1245030375638336,0.3,Hẻm 29 Nguyễn Bỉnh Khiêm,"[[106.70262, 10.788901], [106.702904, 10.789203]]"
1276,14068911016,14068911008,True,60.748802401831824,primary,60.0,30.0,3.644928144109909,3.644928144109909,0.8,Nguyễn Bỉnh Khiêm,"[[106.704591, 10.787636], [106.704996, 10.787261]]"
1277,12443073473,10978360617,True,8.523454690252127,secondary,50.0,30.0,0.6136887376981531,0.409125825132102,0.6,Lê Duẩn,"[[106.70081, 10.782844], [106.700756, 10.782788]]"
1278,12443073473,12435058728,False,8.143902747863672,secondary,53.97590361445784,32.3855421686747,0.5431692279155502,0.3621128186103669,0.6,Đường Lê Duẩn,"[[106.70081, 10.782844], [106.700862, 10.782792]]"
1279,10765339999,411925935,True,139.409857983165,secondary,60.0,36.0,8.364591478989901,5.5763943193266,0.6,Phùng Khắc Khoan,"[[106.698783, 10.783793], [106.698508, 10.784049], [106.698396, 10.784153], [106.698224, 10.784314], [106.69808, 10.784448], [106.697857, 10.784656]]"
1280,411926001,2899065691,False,144.53088479220995,residential,48.81818181818182,36.61363636363637,10.65814345953727,3.5527144865124214,0.3,Lưu Văn Lang,"[[106.699444, 10.773705], [106.698507, 10.772788]]"
1281,411926001,9722186805,False,60.89761034692571,residential,48.81818181818182,36.61363636363637,4.490773500443684,1.4969245001478937,0.3,Nguyễn Trung Trực,"[[106.699444, 10.773705], [106.69985, 10.77333]]"
1282,411926001,411926537,False,61.82698711859519,residential,48.81818181818182,36.61363636363637,4.559308547293053,1.5197695157643505,0.3,Nguyễn Trung Trực,"[[106.699444, 10.773705], [106.699174, 10.773936], [106.699019, 10.774073]]"
1283,2899065691,411926001,False,144.53088479220995,residential,48.81818181818182,36.61363636363637,10.65814345953727,3.5527144865124214,0.3,Lưu Văn Lang,"[[106.698507, 10.772788], [106.699444, 10.773705]]"
1284,2899065691,11221021745,True,68.63615861204119,residential,48.81818181818182,36.61363636363637,5.061437394854434,1.68714579828481,0.3,Phan Bội Châu,"[[106.698507, 10.772788], [106.698835, 10.772262]]"
1285,9722186805,411926001,False,60.89761034692571,residential,48.81818181818182,36.61363636363637,4.490773500443684,1.4969245001478937,0.3,Nguyễn Trung Trực,"[[106.69985, 10.77333], [106.699444, 10.773705]]"
1286,9722186805,4634456202,False,12.682184405651936,residential,48.81818181818182,36.61363636363637,0.9352225371765672,0.3117408457255223,0.3,,"[[106.69985, 10.77333], [106.699935, 10.773252]]"
1287,9722186805,11221021745,True,162.48916663345645,tertiary,52.66233766233766,34.23051948051948,11.107767445325308,5.9811055474828585,0.5,Lê Lợi,"[[106.69985, 10.77333], [106.699789, 10.773266], [106.698927, 10.772359], [106.698835, 10.772262]]"
1288,11221021745,10942561831,True,122.87750904128724,residential,48.81818181818182,36.61363636363637,9.061358208631235,3.0204527362104105,0.3,Công trường Quách Thị Trang,"[[106.698835, 10.772262], [106.697875, 10.771686]]"
1289,11221021745,10558393145,False,13.027795019595755,tertiary,52.66233766233766,34.23051948051948,0.8905807100941907,0.4795434592814873,0.5,Phan Bội Châu,"[[106.698835, 10.772262], [106.698905, 10.772167]]"
1290,411926505,411926438,True,59.10963167857501,tertiary,52.66233766233766,34.23051948051948,4.040737336942292,2.175781642968926,0.5,Lê Thánh Tôn,"[[106.698106, 10.773441], [106.698025, 10.77339], [106.697738, 10.773212], [106.697649, 10.773156]]"
1291,411926505,14068911020,True,77.57057570324633,residential,48.81818181818182,36.61363636363637,5.720288264150009,1.9067627547166688,0.3,Phan Bội Châu,"[[106.698106, 10.773441], [106.698157, 10.773358], [106.698474, 10.772841]]"
1292,13983865130,13983865129,False,3.987088136170697,tertiary,52.66233766233766,34.23051948051948,0.2725575416390918,0.1467617531902801,0.5,Trần Quang Khải,"[[106.693716, 10.79233], [106.693681, 10.792323]]"
1293,13983865130,13271508799,True,28.388156186757687,tertiary,52.66233766233766,34.23051948051948,1.9406157570824245,1.0449469461213057,0.5,Trần Nguyên Đán,"[[106.693716, 10.79233], [106.693688, 10.792521], [106.693658, 10.792576]]"
1294,13983865130,7940917001,False,38.89029343890326,tertiary,52.66233766233766,34.23051948051948,2.6585423776236703,1.431522818720438,0.5,Trần Quang Khải,"[[106.693716, 10.79233], [106.693815, 10.792351], [106.694043, 10.792399], [106.694065, 10.792403]]"
1295,10978360616,10978360615,True,52.71993648730683,secondary,50.0,30.0,3.795835427086092,2.530556951390728,0.6,Lê Duẩn,"[[106.700381, 10.782409], [106.700055, 10.782059]]"
1296,10978360616,411926034,False,9.83481865931969,secondary,53.97590361445784,32.3855421686747,0.6559472802242686,0.437298186816179,0.6,Lê Văn Hưu,"[[106.700381, 10.782409], [106.700449, 10.782352]]"
1297,10978360618,12435058728,True,8.270946188081647,secondary,50.0,30.0,0.5955081255418785,0.397005417027919,0.6,Lê Duẩn,"[[106.700811, 10.782737], [106.700862, 10.782792]]"
1298,10978360618,10978360617,False,8.245378692582184,secondary,53.97590361445784,32.3855421686747,0.5499373110141867,0.3666248740094578,0.6,Đường Lê Duẩn,"[[106.700811, 10.782737], [106.700756, 10.782788]]"
1299,10978360615,6858588498,False,9.692914271193112,secondary,53.97590361445784,32.3855421686747,0.6464827643376121,0.430988509558408,0.6,Đường Lê Duẩn,"[[106.700055, 10.782059], [106.700122, 10.782003]]"
1300,10978360615,10978330103,True,78.63922641467052,secondary,50.0,30.0,5.6620243018562775,3.774682867904184,0.6,Lê Duẩn,"[[106.700055, 10.782059], [106.699665, 10.781634], [106.699573, 10.781534]]"
1301,12435058728,12443073473,False,8.143902747863672,secondary,53.97590361445784,32.3855421686747,0.5431692279155502,0.3621128186103669,0.6,Đường Lê Duẩn,"[[106.700862, 10.782792], [106.70081, 10.782844]]"
1302,12435058728,6858588487,True,55.44603420576787,secondary,50.0,30.0,3.992114462815287,2.661409641876858,0.6,Lê Duẩn,"[[106.700862, 10.782792], [106.700958, 10.782896], [106.701205, 10.78316]]"
1303,10978360617,10978360618,False,8.245378692582184,secondary,53.97590361445784,32.3855421686747,0.5499373110141867,0.3666248740094578,0.6,Đường Lê Duẩn,"[[106.700756, 10.782788], [106.700811, 10.782737]]"
1304,10978360617,10978360616,True,58.90512498111893,secondary,50.0,30.0,4.241168998640562,2.827445999093708,0.6,Lê Duẩn,"[[106.700756, 10.782788], [106.700447, 10.782465], [106.700381, 10.782409]]"
1305,411926037,10945326765,False,49.37521908094136,residential,48.81818181818182,36.61363636363637,3.641077608203497,1.2136925360678323,0.3,Ngô Văn Năm,"[[106.705596, 10.781633], [106.705961, 10.781371]]"
1306,411926037,411925956,True,39.94258112881956,tertiary,52.66233766233766,34.23051948051948,2.730476816007098,1.4702567470807448,0.5,Lê Thánh Tôn,"[[106.705596, 10.781633], [106.705553, 10.781583], [106.70536, 10.781358]]"
1307,10945326765,411926037,False,49.37521908094136,residential,48.81818181818182,36.61363636363637,3.641077608203497,1.2136925360678323,0.3,Ngô Văn Năm,"[[106.705961, 10.781371], [106.705596, 10.781633]]"
1308,10945326765,411926038,True,63.53974677866262,residential,50.0,37.5,4.574861768063708,1.524953922687904,0.3,Ngô Văn Năm,"[[106.705961, 10.781371], [106.706352, 10.781066], [106.706429, 10.781037]]"
1309,411926390,411926613,True,72.358439108038,tertiary,52.66233766233766,34.23051948051948,4.946426466275741,2.663460404917707,0.5,Lý Tự Trọng,"[[106.69487, 10.772437], [106.695428, 10.772787]]"
1310,411926390,4608280833,False,99.90901554487344,residential,48.81818181818182,36.61363636363637,7.367592207778376,2.455864069259457,0.3,Đường Lê Anh Xuân,"[[106.69487, 10.772437], [106.695061, 10.772038], [106.69527, 10.771629]]"
1311,411926613,7461707636,True,62.44668892580548,tertiary,52.66233766233766,34.23051948051948,4.26885873495272,2.2986162418976184,0.5,Lý Tự Trọng,"[[106.695428, 10.772787], [106.69589, 10.773118]]"
1312,411926613,411919033,True,138.91344852521047,tertiary,60.0,39.0,8.334806911512628,4.487972952352953,0.5,Trương Định,"[[106.695428, 10.772787], [106.694479, 10.773619]]"
1313,4608280833,411926390,False,99.90901554487344,residential,48.81818181818182,36.61363636363637,7.367592207778376,2.455864069259457,0.3,Đường Lê Anh Xuân,"[[106.69527, 10.771629], [106.695061, 10.772038], [106.69487, 10.772437]]"
1314,4608280833,4605017103,True,69.18332388668365,tertiary,52.66233766233766,34.23051948051948,4.729375433141482,2.546586771691566,0.5,Lê Thánh Tôn,"[[106.69527, 10.771629], [106.695192, 10.771575], [106.694981, 10.771429], [106.694905, 10.771375], [106.694755, 10.771267]]"
1315,4608280833,4608688128,False,51.32684448074227,residential,48.81818181818182,36.61363636363637,3.784996352769821,1.2616654509232728,0.3,Đường Lê Anh Xuân,"[[106.69527, 10.771629], [106.695304, 10.771569], [106.695392, 10.771411], [106.695496, 10.771225]]"
1316,411926438,411926617,False,109.80089010975904,residential,48.81818181818182,36.61363636363637,8.097048879602344,2.6990162932007795,0.3,Thủ Khoa Huân,"[[106.697649, 10.773156], [106.697614, 10.773211], [106.697354, 10.773625], [106.697121, 10.773996]]"
1317,411926438,411926429,True,62.53798336903365,tertiary,52.66233766233766,34.23051948051948,4.275099627594607,2.301976722550941,0.5,Lê Thánh Tôn,"[[106.697649, 10.773156], [106.697555, 10.773097], [106.697309, 10.77294], [106.697168, 10.772851]]"
1318,9591636815,411917837,True,225.18369023230213,primary,60.0,30.0,13.511021413938126,13.511021413938126,0.8,Hàm Nghi,"[[106.699165, 10.770947], [106.699357, 10.770899], [106.700475, 10.770853], [106.701219, 10.770821]]"
1319,411926070,4608690975,False,143.8357019930446,residential,48.81818181818182,36.61363636363637,10.606878582727312,3.535626194242436,0.3,Nguyễn An Ninh,"[[106.697556, 10.772193], [106.696441, 10.771506]]"
1320,411926070,411926429,True,84.52684115340793,residential,48.81818181818182,36.61363636363637,6.23326426382673,2.0777547546089083,0.3,Phan Chu Trinh,"[[106.697556, 10.772193], [106.697237, 10.772734], [106.697168, 10.772851]]"
1321,4608690975,411926070,False,143.8357019930446,residential,48.81818181818182,36.61363636363637,10.606878582727312,3.535626194242436,0.3,Nguyễn An Ninh,"[[106.696441, 10.771506], [106.697556, 10.772193]]"
1322,4608690975,411926437,True,81.52834821465015,tertiary,52.66233766233766,34.23051948051948,5.5732819050804,3.000997948889445,0.5,Trương Định,"[[106.696441, 10.771506], [106.696329, 10.771667], [106.696206, 10.771845], [106.696057, 10.772033], [106.696004, 10.7721]]"
1323,411926429,411926437,True,152.11747399823005,tertiary,52.66233766233766,34.23051948051948,10.398758025230425,5.5993312443548415,0.5,Lê Thánh Tôn,"[[106.697168, 10.772851], [106.697018, 10.772754], [106.696973, 10.772725], [106.696455, 10.772391], [106.696368, 10.772334], [106.696088, 10.772154], [106.696004, 10.7721]]"
1324,411926437,411926613,True,98.95642305548758,tertiary,52.66233766233766,34.23051948051948,6.764665960784502,3.642512440422424,0.5,Trương Định,"[[106.696004, 10.7721], [106.695428, 10.772787]]"
1325,411926437,4608280833,True,95.69538863676478,tertiary,52.66233766233766,34.23051948051948,6.541741487080443,3.522476185351008,0.5,Lê Thánh Tôn,"[[106.696004, 10.7721], [106.695931, 10.772053], [106.695684, 10.771895], [106.695644, 10.771869], [106.695337, 10.771672], [106.69527, 10.771629]]"
1326,411926072,3338020171,False,11.819138996938738,tertiary,50.0,32.5,0.8509780077795891,0.4582189272659328,0.5,Đường Trần Ðình Xu,"[[106.692405, 10.758753], [106.692365, 10.758852]]"
1327,411926072,1996745689,False,13.02828433818224,tertiary,50.0,32.5,0.9380364723491212,0.5050965620341424,0.5,Đường Trần Ðình Xu,"[[106.692405, 10.758753], [106.692451, 10.758645]]"
1328,411926072,411926092,True,768.447654015548,trunk,60.0,27.0,46.10685924093288,56.35282796114019,0.9,Võ Văn Kiệt,"[[106.692405, 10.758753], [106.692317, 10.758691], [106.692136, 10.758563], [106.691784, 10.758311], [106.691549, 10.758133], [106.691201, 10.757871], [106.690803, 10.757563], [106.690103, 10.756996], [106.689883, 10.756807], [106.689636, 10.756609], [106.689424, 10.756426], [106.689261, 10.756274], [106.689025, 10.75606], [106.688774, 10.755819], [106.688488, 10.755549], [106.688269, 10.755336], [106.687518, 10.754593], [106.687402, 10.754471], [106.687256, 10.754333], [106.687162, 10.754246], [106.687121, 10.754209]]"
1329,3338020171,411926072,False,11.819138996938738,tertiary,50.0,32.5,0.8509780077795891,0.4582189272659328,0.5,Đường Trần Ðình Xu,"[[106.692365, 10.758852], [106.692405, 10.758753]]"
1330,3338020171,5811283440,True,58.293048055072,primary,50.0,25.0,4.197099459965184,4.197099459965184,0.8,Võ Văn Kiệt,"[[106.692365, 10.758852], [106.692194, 10.758733], [106.691932, 10.758545]]"
1331,3338020171,11825068780,True,14.537637874403964,tertiary,50.0,32.5,1.0467099269570852,0.563613037592277,0.5,Trần Ðình Xu,"[[106.692365, 10.758852], [106.692361, 10.758916], [106.692316, 10.758966]]"
1332,1996745689,2358137396,False,9.081100382450838,tertiary,50.0,32.5,0.6538392275364603,0.3520672763657865,0.5,Đường Trần Ðình Xu,"[[106.692451, 10.758645], [106.692484, 10.75857]]"
1333,1996745689,411926072,False,13.02828433818224,tertiary,50.0,32.5,0.9380364723491212,0.5050965620341424,0.5,Đường Trần Ðình Xu,"[[106.692451, 10.758645], [106.692405, 10.758753]]"
1334,1996745689,5781158295,True,830.7513706668382,trunk,60.0,27.0,49.845082240010285,60.9217671822348,0.9,Võ Văn Kiệt,"[[106.692451, 10.758645], [106.692589, 10.758733], [106.692647, 10.758769], [106.692764, 10.758836], [106.693216, 10.759103], [106.693622, 10.759337], [106.694311, 10.759761], [106.694581, 10.759928], [106.695051, 10.760227], [106.695219, 10.760355], [106.695385, 10.760484], [106.695586, 10.760666], [106.69576, 10.760864], [106.696116, 10.761275], [106.696389, 10.76165], [106.697299, 10.76286], [106.697887, 10.763641], [106.697915, 10.763673]]"
1335,411926092,6794061668,True,29.24364029703016,trunk,55.0,24.75,1.9141291830783376,2.3394912237624124,0.9,Võ Văn Kiệt,"[[106.687121, 10.754209], [106.68696, 10.754072], [106.68694, 10.754054], [106.68693, 10.754028]]"
1336,411926092,3338020109,True,28.86121745859945,trunk_link,50.0,22.5,2.0780076570191603,2.539787136356752,0.9,,"[[106.687121, 10.754209], [106.687037, 10.7542], [106.686958, 10.754195], [106.686927, 10.754194], [106.686902, 10.754194], [106.686858, 10.754197]]"
1337,5811283440,5811285061,False,172.71964773083604,residential,50.0,37.5,12.435814636620195,4.145271545540068,0.3,Bến Chương Dương,"[[106.691932, 10.758545], [106.691875, 10.758548], [106.691633, 10.758458], [106.691409, 10.758349], [106.691146, 10.758174], [106.69088, 10.757923], [106.69078, 10.757836], [106.690642, 10.757701]]"
1338,5811283440,3338020159,True,166.43604417713544,primary,50.0,25.0,11.983395180753751,11.983395180753751,0.8,Võ Văn Kiệt,"[[106.691932, 10.758545], [106.691292, 10.758087], [106.690732, 10.757625]]"
1339,2358137396,1996745689,False,9.081100382450838,tertiary,50.0,32.5,0.6538392275364603,0.3520672763657865,0.5,Đường Trần Ðình Xu,"[[106.692484, 10.75857], [106.692451, 10.758645]]"
1340,5781158295,1996655496,True,27.83152459719403,trunk,60.0,27.0,1.6698914758316417,2.040978470460896,0.9,Võ Văn Kiệt,"[[106.697915, 10.763673], [106.698113, 10.763832]]"
1341,5781158295,1996655496,True,40.42865033430583,primary,50.0,25.0,2.91086282407002,2.91086282407002,0.8,Võ Văn Kiệt,"[[106.697915, 10.763673], [106.697943, 10.763644], [106.697981, 10.763603], [106.698024, 10.76365], [106.698058, 10.763689], [106.698078, 10.763717], [106.698113, 10.763832]]"
1342,3338020109,3338020106,True,4.161442297817007,trunk_link,50.0,22.5,0.2996238454428245,0.3662069222078965,0.9,,"[[106.686858, 10.754197], [106.68682, 10.754205]]"
1343,4608876662,11801821658,False,34.772700239471455,secondary,53.97590361445784,32.3855421686747,2.319214917757605,1.54614327850507,0.6,Nguyễn Trãi,"[[106.688272, 10.766798], [106.688385, 10.76709]]"
1344,4608876662,4666227464,True,11.380838261556926,secondary,53.97590361445784,32.3855421686747,0.7590612661949129,0.5060408441299419,0.6,Ngã năm Cống Quỳnh,"[[106.688272, 10.766798], [106.688248, 10.766791], [106.688226, 10.766777], [106.68821, 10.766758], [106.688199, 10.766733]]"
1345,411926620,411926586,False,52.83500556478963,residential,48.81818181818182,36.61363636363637,3.896212700867169,1.298737566955722,0.3,Tôn Thất Thiệp,"[[106.702802, 10.773617], [106.702336, 10.773487]]"
1346,411926620,2034589230,False,82.97974058792252,residential,48.81818181818182,36.61363636363637,6.11917640089708,2.039725466965693,0.3,Tôn Thất Thiệp,"[[106.702802, 10.773617], [106.703261, 10.774078], [106.703332, 10.774151]]"
1347,411926158,411917881,True,172.39209322292422,tertiary,52.66233766233766,34.23051948051948,11.784731995411736,6.345624920606319,0.5,Nguyễn Huệ,"[[106.703671, 10.773838], [106.703717, 10.773795], [106.704543, 10.773031], [106.704819, 10.772775]]"
1348,411926158,411926153,False,82.81092523048513,residential,48.81818181818182,36.61363636363637,6.106727447164266,2.0355758157214208,0.3,Huỳnh Thúc Kháng,"[[106.703671, 10.773838], [106.703611, 10.77377], [106.703174, 10.773275]]"
1349,1769277472,14068911036,True,16.52104386800854,tertiary,52.66233766233766,34.23051948051948,1.1293793736650968,0.6081273550504367,0.5,Lê Thánh Tôn,"[[106.70122, 10.776571], [106.701122, 10.776458], [106.701121, 10.776458]]"
1350,1985346078,1769277433,True,24.54492920346106,tertiary,60.0,39.0,1.4726957522076634,0.7929900204195113,0.5,Ðồng Khởi,"[[106.702565, 10.77654], [106.702667, 10.776446], [106.702729, 10.776389]]"
1351,14068911036,2043347015,True,23.85526317230909,tertiary,52.66233766233766,34.23051948051948,1.6307469670441628,0.8780945207160875,0.5,Lê Thánh Tôn,"[[106.701121, 10.776458], [106.700979, 10.776294]]"
1352,1769277433,10560232676,True,98.07287852335811,tertiary,52.66233766233766,34.23051948051948,6.704266812990104,3.609989822379287,0.5,Lê Lợi,"[[106.702729, 10.776389], [106.702654, 10.776309], [106.702519, 10.776165], [106.702327, 10.775961], [106.702243, 10.775872], [106.702214, 10.77584], [106.70212, 10.775741]]"
1353,1769277433,1769277475,True,36.11982388163309,tertiary,60.0,39.0,2.167189432897985,1.166948156175838,0.5,Ðồng Khởi,"[[106.702729, 10.776389], [106.702917, 10.776215], [106.70297, 10.776167]]"
1354,6387670790,6788662350,False,8.899358348316985,secondary,53.97590361445784,32.3855421686747,0.5935554184100703,0.3957036122733802,0.6,Yersin,"[[106.696477, 10.769204], [106.696439, 10.769275]]"
1355,6387670790,10215974134,False,8.254937196023517,secondary,53.97590361445784,32.3855421686747,0.5505748290562114,0.3670498860374742,0.6,Yersin,"[[106.696477, 10.769204], [106.696511, 10.769137]]"
1356,6387670790,10215974130,False,7.898901522054103,tertiary,52.66233766233766,34.23051948051948,0.5399692976358562,0.2907526987269996,0.5,Ký Con,"[[106.696477, 10.769204], [106.69654, 10.76917]]"
1357,6387670790,10557693663,True,158.6673040192557,primary,55.900735294117645,27.950367647058822,10.218153508428491,10.218153508428491,0.8,Trần Hưng Đạo,"[[106.696477, 10.769204], [106.696512, 10.769243], [106.696571, 10.769308], [106.697341, 10.770135], [106.697455, 10.770259]]"
1358,4607349648,4607349131,False,31.81826981782886,secondary,50.0,30.0,2.2909154268836778,1.527276951255785,0.6,Nguyễn Trãi,"[[106.686634, 10.762712], [106.686778, 10.762961]]"
1359,4607349648,14030366143,False,23.77159345475718,secondary,50.0,30.0,1.711554728742517,1.1410364858283444,0.6,Nguyễn Trãi,"[[106.686634, 10.762712], [106.68659, 10.762638], [106.686556, 10.762578], [106.686526, 10.762526]]"
1360,4607349648,4607349645,False,72.0325276360973,residential,48.81818181818182,36.61363636363637,5.311895892717789,1.7706319642392625,0.3,Hẻm 214B Nguyễn Trãi,"[[106.686634, 10.762712], [106.686187, 10.763036], [106.686088, 10.763066]]"
1361,12313433904,4607349131,False,13.792846740172708,residential,48.81818181818182,36.61363636363637,1.0171261283255852,0.3390420427751948,0.3,Hẻm 214 Nguyễn Trãi,"[[106.686667, 10.76302], [106.686778, 10.762961]]"
1362,411926201,6859935900,False,34.1309857441283,tertiary,52.66233766233766,34.23051948051948,2.3331958688711136,1.2563362370844455,0.5,Nguyễn Du,"[[106.700153, 10.779189], [106.699946, 10.778959]]"
1363,411926201,14068911018,True,68.67291708835718,tertiary,50.0,32.5,4.9444500303617165,2.6623961701947723,0.5,Công trường Công xã Paris,"[[106.700153, 10.779189], [106.69984, 10.779452], [106.69982, 10.779469], [106.699678, 10.779595]]"
1364,14068911018,411918773,True,121.2221083758832,tertiary,50.0,32.5,8.72799180306359,4.69968789395732,0.5,Công trường Công xã Paris,"[[106.699678, 10.779595], [106.699606, 10.779659], [106.699521, 10.779737], [106.699195, 10.780047], [106.698875, 10.780351]]"
1365,2032267315,4302891988,False,12.958124715804416,tertiary,52.66233766233766,34.23051948051948,0.8858180446907481,0.4769789471411719,0.5,Nguyễn Cư Trinh,"[[106.692793, 10.764866], [106.692675, 10.764852]]"
1366,2032267315,5781158289,True,40.97945005834052,primary,55.900735294117645,27.950367647058822,2.639071193497339,2.639071193497339,0.8,Trần Hưng Đạo,"[[106.692793, 10.764866], [106.692803, 10.764877], [106.693036, 10.765146]]"
1367,5781023256,2032267383,False,10.177968708024787,residential,48.81818181818182,36.61363636363637,0.750554117016353,0.2501847056721176,0.3,,"[[106.692354, 10.764501], [106.692423, 10.76444]]"
1368,5781023256,4302891988,True,52.447070707700014,primary,60.0,30.0,3.1468242424620008,3.1468242424620008,0.8,Trần Hưng Đạo,"[[106.692354, 10.764501], [106.692675, 10.764852]]"
1369,5781023256,5781023255,False,10.357885356864978,residential,48.81818181818182,36.61363636363637,0.763821713467138,0.2546072378223792,0.3,,"[[106.692354, 10.764501], [106.692318, 10.764533], [106.692284, 10.764563]]"
1370,2034589362,2358070591,True,38.99327945304391,primary,50.0,25.0,2.807516120619161,2.807516120619161,0.8,Võ Văn Kiệt,"[[106.703738, 10.768884], [106.703575, 10.768833], [106.703397, 10.768782]]"
1371,2034589362,411926221,False,54.22475602545174,primary,50.0,25.0,3.904182433832525,3.904182433832525,0.8,Võ Văn Kiệt,"[[106.703738, 10.768884], [106.704044, 10.769004], [106.7042, 10.769065]]"
1372,1769173835,411918792,True,464.9491172385748,primary,60.0,30.0,27.896947034314486,27.896947034314486,0.8,Tôn Ðức Thắng,"[[106.706318, 10.770776], [106.706359, 10.771202], [106.706497, 10.772877], [106.706522, 10.773183], [106.706558, 10.773621], [106.706658, 10.774944]]"
1373,2358070591,411926243,True,102.55606411136952,secondary,60.0,36.0,6.15336384668217,4.10224256445478,0.6,Pasteur,"[[106.703397, 10.768782], [106.7032, 10.769217], [106.703057, 10.769533], [106.703019, 10.769626]]"
1374,2358070591,2358070584,True,11.942511135929584,primary,50.0,25.0,0.8598608017869301,0.8598608017869301,0.8,,"[[106.703397, 10.768782], [106.703365, 10.768787], [106.703342, 10.768783], [106.703317, 10.768771], [106.703297, 10.768754]]"
1375,7461707636,7461707638,False,74.26002689055261,residential,48.81818181818182,36.61363636363637,5.476158407571478,1.8253861358571573,0.3,Hẻm 174-176 Lý Tự Trọng,"[[106.69589, 10.773118], [106.695596, 10.773397], [106.695374, 10.77355]]"
1376,7461707636,411926617,True,166.13992829879444,tertiary,52.66233766233766,34.23051948051948,11.35733369283004,6.115487373062331,0.5,Lý Tự Trọng,"[[106.69589, 10.773118], [106.696072, 10.773249], [106.696146, 10.773302], [106.696195, 10.773337], [106.696419, 10.773497], [106.696705, 10.773701], [106.697121, 10.773996]]"
1377,4605017103,9864826747,True,144.7501260577632,primary,55.900735294117645,27.950367647058822,9.321889078313829,9.321889078313829,0.8,Phạm Hồng Thái,"[[106.694755, 10.771267], [106.693694, 10.771322], [106.693648, 10.771325], [106.693544, 10.771347], [106.693441, 10.771383]]"
1378,4608688128,5444117925,False,6.067304881878422,residential,48.81818181818182,36.61363636363637,0.4474213655910344,0.1491404551970114,0.3,Lê Anh Xuân,"[[106.695496, 10.771225], [106.695493, 10.77117]]"
1379,4608688128,4605017103,True,81.06116977040784,primary,55.900735294117645,27.950367647058822,5.220328670778256,5.220328670778256,0.8,Phạm Hồng Thái,"[[106.695496, 10.771225], [106.694755, 10.771267]]"
1380,4608688128,4608280833,False,51.326844480742274,residential,48.81818181818182,36.61363636363637,3.784996352769821,1.2616654509232732,0.3,Đường Lê Anh Xuân,"[[106.695496, 10.771225], [106.695392, 10.771411], [106.695304, 10.771569], [106.69527, 10.771629]]"
1381,12946458013,2034589359,True,16.4144285637828,residential,48.81818181818182,36.61363636363637,1.2104494806811896,0.403483160227063,0.3,Hồ Tùng Mậu,"[[106.704305, 10.771113], [106.704267, 10.771046], [106.704232, 10.770983]]"
1382,12946458013,6747154748,True,19.4899052198074,residential,48.81818181818182,36.61363636363637,1.4372444072707131,0.4790814690902374,0.3,Hồ Tùng Mậu,"[[106.704305, 10.771113], [106.704353, 10.771019], [106.704409, 10.770975]]"
1383,14068911014,5743072751,True,38.605683515500665,tertiary,52.66233766233766,34.23051948051948,2.639086429222388,1.421046538812055,0.5,Lý Tự Trọng,"[[106.698809, 10.775562], [106.698955, 10.775721], [106.699046, 10.775821]]"
1384,14068911042,411919193,True,91.48630400646483,tertiary,52.66233766233766,34.23051948051948,6.254008254153405,3.367542906082601,0.5,Lý Tự Trọng,"[[106.699369, 10.776182], [106.69953, 10.776362], [106.699923, 10.776802]]"
1385,5772019375,411926457,False,39.25322678460677,tertiary,52.66233766233766,34.23051948051948,2.683352519036497,1.4448821256350368,0.5,Nguyễn Văn Thủ,"[[106.695549, 10.786306], [106.695792, 10.786565]]"
1386,411926483,14068910975,False,43.18398491861551,residential,48.81818181818182,36.61363636363637,3.1845173236074005,1.0615057745358,0.3,Ðề Thám,"[[106.693288, 10.768668], [106.693321, 10.768604], [106.693412, 10.768437], [106.693477, 10.768325]]"
1387,411926483,14068910990,True,1.3326039870197484,secondary,53.97590361445784,32.3855421686747,0.0888799266342635,0.0592532844228423,0.6,Phạm Ngũ Lão,"[[106.693288, 10.768668], [106.693299, 10.768672]]"
1388,14068910975,411926483,False,43.18398491867379,residential,48.81818181818182,36.61363636363637,3.1845173236116984,1.0615057745372325,0.3,Ðề Thám,"[[106.693477, 10.768325], [106.693412, 10.768437], [106.693321, 10.768604], [106.693288, 10.768668]]"
1389,14068910975,4597095606,False,114.78755777309888,residential,48.81818181818182,36.61363636363637,8.464780796675448,2.8215935988918144,0.3,Ðề Thám,"[[106.693477, 10.768325], [106.69349, 10.768302], [106.693624, 10.768069], [106.693726, 10.767895], [106.693836, 10.767695], [106.693955, 10.767493], [106.693996, 10.767423]]"
1390,14068910990,4609314796,True,159.20725585747297,secondary,53.97590361445784,32.3855421686747,10.6185553683511,7.079036912234066,0.6,Phạm Ngũ Lão,"[[106.693299, 10.768672], [106.693374, 10.768702], [106.693465, 10.768738], [106.693741, 10.768847], [106.694003, 10.768951], [106.694051, 10.76897], [106.694524, 10.769157], [106.69465, 10.769207]]"
1391,4597095606,4617355735,True,318.45618131489977,residential,48.81818181818182,36.61363636363637,23.483919515959087,7.827973171986361,0.3,Bùi Viện,"[[106.693996, 10.767423], [106.693918, 10.767389], [106.693822, 10.767346], [106.693581, 10.767239], [106.693291, 10.76711], [106.692937, 10.766953], [106.692454, 10.766738], [106.692413, 10.766719], [106.692157, 10.766606], [106.691916, 10.766498], [106.691739, 10.76642], [106.691386, 10.766263], [106.69134, 10.766243]]"
1392,4597095606,411926622,False,71.06198915831372,residential,48.81818181818182,36.61363636363637,5.2403254574845874,1.7467751524948616,0.3,Ðề Thám,"[[106.693996, 10.767423], [106.694029, 10.767363], [106.694219, 10.767013], [106.694272, 10.766916], [106.694295, 10.766856]]"
1393,4597095606,14068910975,False,114.7875577730406,residential,48.81818181818182,36.61363636363637,8.46478079667115,2.821593598890381,0.3,Ðề Thám,"[[106.693996, 10.767423], [106.693955, 10.767493], [106.693836, 10.767695], [106.693726, 10.767895], [106.693624, 10.768069], [106.69349, 10.768302], [106.693477, 10.768325]]"
1394,4617355735,4603243122,True,169.3728668530021,residential,48.81818181818182,36.61363636363637,12.490066158992336,4.163355386330775,0.3,Bùi Viện,"[[106.69134, 10.766243], [106.6913, 10.766203], [106.691156, 10.766062], [106.691136, 10.766046], [106.690839, 10.765807], [106.690753, 10.765738], [106.690611, 10.765627], [106.690519, 10.765557], [106.690312, 10.765399], [106.690236, 10.765341], [106.690147, 10.765273]]"
1395,411926622,6789341869,True,30.21203122761922,primary,60.0,30.0,1.812721873657153,1.812721873657153,0.8,Trần Hưng Đạo,"[[106.694295, 10.766856], [106.694188, 10.766734], [106.694114, 10.76665]]"
1396,411926622,4597095606,False,71.06198915831372,residential,48.81818181818182,36.61363636363637,5.2403254574845874,1.7467751524948616,0.3,Ðề Thám,"[[106.694295, 10.766856], [106.694272, 10.766916], [106.694219, 10.767013], [106.694029, 10.767363], [106.693996, 10.767423]]"
1397,411926622,5778873001,False,13.10667658775943,primary_link,50.0,25.0,0.943680714318679,0.943680714318679,0.8,,"[[106.694295, 10.766856], [106.694316, 10.766806], [106.694339, 10.766747]]"
1398,4609314796,4609877993,False,9.392237988325292,secondary,53.97590361445784,32.3855421686747,0.6264287301141959,0.4176191534094639,0.6,Phạm Ngũ Lão,"[[106.69465, 10.769207], [106.69473, 10.769238]]"
1399,4609314796,4649967850,True,142.3747893242714,primary,55.900735294117645,27.950367647058822,9.168917705118483,9.168917705118483,0.8,Nguyễn Thái Học,"[[106.69465, 10.769207], [106.694713, 10.769097], [106.69509, 10.768452], [106.695258, 10.768156], [106.695269, 10.768085]]"
1400,4609877993,4609314796,False,9.392237988325292,secondary,53.97590361445784,32.3855421686747,0.6264287301141959,0.4176191534094639,0.6,Phạm Ngũ Lão,"[[106.69473, 10.769238], [106.69465, 10.769207]]"
1401,4609877993,3506700347,True,90.8515660111906,primary,55.900735294117645,27.950367647058822,5.850828900898248,5.850828900898248,0.8,Nguyễn Thị Nghĩa,"[[106.69473, 10.769238], [106.694679, 10.76933], [106.69433, 10.769955]]"
1402,4609877993,4609319428,False,168.6659822510043,secondary,53.97590361445784,32.3855421686747,11.249418637633948,7.499612425089296,0.6,Phạm Ngũ Lão,"[[106.69473, 10.769238], [106.694855, 10.769288], [106.696162, 10.769806]]"
1403,4649967850,4612970106,True,8.917256175599942,primary,55.900735294117645,27.950367647058822,0.5742701247712899,0.5742701247712899,0.8,Nguyễn Thái Học,"[[106.695269, 10.768085], [106.695323, 10.768025]]"
1404,4649967850,11703388662,True,51.52145115733573,residential,48.81818181818182,36.61363636363637,3.799347236183417,1.2664490787278049,0.3,Trần Hưng Đạo,"[[106.695269, 10.768085], [106.695234, 10.768011], [106.695208, 10.76798], [106.694945, 10.767863], [106.694891, 10.767839]]"
1405,411926503,5781023255,True,40.51253687294168,primary,60.0,30.0,2.430752212376501,2.430752212376501,0.8,Trần Hưng Đạo,"[[106.692529, 10.764836], [106.692329, 10.764612], [106.692284, 10.764563]]"
1406,411926503,4302891988,False,15.969764729808992,tertiary,52.66233766233766,34.23051948051948,1.0916939045876826,0.5878351793933676,0.5,Nguyễn Cư Trinh,"[[106.692529, 10.764836], [106.692603, 10.764845], [106.692675, 10.764852]]"
1407,411926503,11497704865,False,52.243175121261785,tertiary,50.0,32.5,3.761508608730849,2.0254277123935345,0.5,Nguyễn Cư Trinh,"[[106.692529, 10.764836], [106.692428, 10.764824], [106.692078, 10.76469]]"
1408,5781023255,5781023254,False,6.988459914663958,residential,48.81818181818182,36.61363636363637,0.5153501166120907,0.1717833722040301,0.3,,"[[106.692284, 10.764563], [106.692236, 10.764606]]"
1409,5781023255,6789323626,True,41.819499572991,primary,60.0,30.0,2.50916997437946,2.50916997437946,0.8,Trần Hưng Đạo,"[[106.692284, 10.764563], [106.692234, 10.764507], [106.692035, 10.764278]]"
1410,5781023255,5781023256,False,10.357885356864978,residential,48.81818181818182,36.61363636363637,0.763821713467138,0.2546072378223792,0.3,,"[[106.692284, 10.764563], [106.692318, 10.764533], [106.692354, 10.764501]]"
1411,4302891988,2032267315,False,12.958124715804416,tertiary,52.66233766233766,34.23051948051948,0.8858180446907481,0.4769789471411719,0.5,Nguyễn Cư Trinh,"[[106.692675, 10.764852], [106.692793, 10.764866]]"
1412,4302891988,411926503,False,15.969764729808992,tertiary,52.66233766233766,34.23051948051948,1.0916939045876826,0.5878351793933676,0.5,Nguyễn Cư Trinh,"[[106.692675, 10.764852], [106.692603, 10.764845], [106.692529, 10.764836]]"
1413,4302891988,9404261899,True,50.17075120209921,primary,60.0,30.0,3.0102450721259526,3.0102450721259526,0.8,Trần Hưng Đạo,"[[106.692675, 10.764852], [106.692739, 10.764925], [106.692975, 10.765193]]"
1414,11497704865,5781023254,False,19.683571745770173,residential,48.81818181818182,36.61363636363637,1.4515259611405935,0.4838419870468644,0.3,,"[[106.692078, 10.76469], [106.692236, 10.764606]]"
1415,11497704865,411926503,False,52.243175121261785,tertiary,50.0,32.5,3.761508608730849,2.0254277123935345,0.5,Nguyễn Cư Trinh,"[[106.692078, 10.76469], [106.692428, 10.764824], [106.692529, 10.764836]]"
1416,11497704865,5781023253,False,10.679256263865714,tertiary,50.0,32.5,0.7689064509983313,0.4140265505375632,0.5,Nguyễn Cư Trinh,"[[106.692078, 10.76469], [106.692058, 10.764682], [106.692038, 10.764676], [106.691985, 10.764658]]"
1417,5781023254,5781023255,False,6.988459914663958,residential,48.81818181818182,36.61363636363637,0.5153501166120907,0.1717833722040301,0.3,,"[[106.692236, 10.764606], [106.692284, 10.764563]]"
1418,5781023254,11497704865,False,19.683571745770173,residential,48.81818181818182,36.61363636363637,1.4515259611405935,0.4838419870468644,0.3,,"[[106.692236, 10.764606], [106.692078, 10.76469]]"
1419,5781023254,9404261897,True,41.658029601994286,primary,50.0,25.0,2.9993781313435885,2.9993781313435885,0.8,Trần Hưng Đạo,"[[106.692236, 10.764606], [106.692186, 10.764548], [106.691989, 10.76432]]"
1420,6789323626,9404261893,True,31.02615956427676,primary,60.0,30.0,1.8615695738566052,1.8615695738566052,0.8,Trần Hưng Đạo,"[[106.692035, 10.764278], [106.69185, 10.764066]]"
1421,6789323626,9404261897,False,6.874237769616655,primary_link,50.0,25.0,0.4949451194123991,0.4949451194123991,0.8,,"[[106.692035, 10.764278], [106.691989, 10.76432]]"
1422,9404261899,5781158289,False,8.434158122106696,primary_link,50.0,25.0,0.6072593847916821,0.6072593847916821,0.8,,"[[106.692975, 10.765193], [106.693036, 10.765146]]"
1423,9404261899,5781158293,True,87.67514142154769,primary,60.0,30.0,5.260508485292861,5.260508485292861,0.8,Trần Hưng Đạo,"[[106.692975, 10.765193], [106.69328, 10.76554], [106.6935, 10.76579]]"
1424,5781023253,5780842950,True,115.52479715847392,tertiary,60.0,39.0,6.931487829508435,3.732339600504543,0.5,Nguyễn Cư Trinh,"[[106.691985, 10.764658], [106.691903, 10.764676], [106.691328, 10.76446], [106.691073, 10.764365], [106.691016, 10.764303]]"
1425,5781023253,11497704865,False,10.679256263865712,tertiary,50.0,32.5,0.7689064509983312,0.4140265505375631,0.5,Nguyễn Cư Trinh,"[[106.691985, 10.764658], [106.692038, 10.764676], [106.692058, 10.764682], [106.692078, 10.76469]]"
1426,14068911020,2899065691,True,6.941911516240515,residential,48.81818181818182,36.61363636363637,0.5119174972870101,0.1706391657623366,0.3,Phan Bội Châu,"[[106.698474, 10.772841], [106.698507, 10.772788]]"
1427,10215974129,411926527,False,145.01504796447847,residential,48.81818181818182,36.61363636363637,10.693847112464336,3.5646157041547752,0.3,Ðặng Thị Nhu,"[[106.696865, 10.768877], [106.696946, 10.768963], [106.697688, 10.76979], [106.697744, 10.769854]]"
1428,10215974129,10215974130,False,48.61814261959027,tertiary,52.66233766233766,34.23051948051948,3.3235386274107084,1.7895977224519202,0.5,Ký Con,"[[106.696865, 10.768877], [106.696629, 10.769122], [106.69654, 10.76917]]"
1429,10215974129,14068911046,False,13.671764871994696,tertiary,52.66233766233766,34.23051948051948,0.9346025209659504,0.503247511289358,0.5,Ký Con,"[[106.696865, 10.768877], [106.696912, 10.768826], [106.696949, 10.768786]]"
1430,10557693663,411926527,False,55.039764632385705,secondary,53.97590361445784,32.3855421686747,3.6709557303921536,2.447303820261436,0.6,Calmette,"[[106.697455, 10.770259], [106.697562, 10.770101], [106.697744, 10.769854]]"
1431,10557693663,10315805787,True,160.1067321197187,primary,55.900735294117645,27.950367647058822,10.310852488762157,10.310852488762157,0.8,Trần Hưng Đạo,"[[106.697455, 10.770259], [106.697582, 10.770397], [106.698192, 10.771064], [106.698241, 10.771118], [106.698334, 10.771219], [106.698356, 10.771243], [106.698414, 10.771307], [106.698435, 10.771329]]"
1432,10215974130,6387670790,False,7.898901522054103,tertiary,52.66233766233766,34.23051948051948,0.5399692976358562,0.2907526987269996,0.5,Ký Con,"[[106.69654, 10.76917], [106.696477, 10.769204]]"
1433,10215974130,10557693663,True,157.9146208874222,primary,55.900735294117645,27.950367647058822,10.1696808137431,10.1696808137431,0.8,Trần Hưng Đạo,"[[106.69654, 10.76917], [106.696614, 10.769254], [106.697386, 10.770099], [106.697412, 10.770146], [106.697455, 10.770259]]"
1434,10215974130,10215974129,False,48.61814261959027,tertiary,52.66233766233766,34.23051948051948,3.3235386274107084,1.7895977224519202,0.5,Ký Con,"[[106.69654, 10.76917], [106.696629, 10.769122], [106.696865, 10.768877]]"
1435,10315805787,10315805786,True,10.571353637212454,primary,55.900735294117645,27.950367647058822,0.680793783726303,0.680793783726303,0.8,Công trường Quách Thị Trang,"[[106.698435, 10.771329], [106.698499, 10.7714]]"
1436,10315805787,10315805784,True,49.11536130324531,primary,60.0,30.0,2.9469216781947183,2.9469216781947183,0.8,Công trường Quách Thị Trang,"[[106.698435, 10.771329], [106.698531, 10.771273], [106.698822, 10.771105]]"
1437,4649997168,10107064856,True,11.198251299824587,secondary,53.97590361445784,32.3855421686747,0.7468833679436578,0.497922245295772,0.6,Nam Kỳ Khởi Nghĩa,"[[106.700086, 10.773414], [106.700127, 10.773322]]"
1438,4649997168,4634456202,True,24.37619266483719,tertiary,52.66233766233766,34.23051948051948,1.6663577328465768,0.8972695484558488,0.5,Lê Lợi,"[[106.700086, 10.773414], [106.699935, 10.773252]]"
1439,411926547,10978330103,False,9.353488606656128,primary,55.900735294117645,27.950367647058822,0.6023634359511792,0.6023634359511792,0.8,Đường Hai Bà Trưng,"[[106.699636, 10.781476], [106.699573, 10.781534]]"
1440,411926547,6858588498,True,79.06425439122792,secondary,50.0,30.0,5.69262631616841,3.7950842107789393,0.6,Lê Duẩn,"[[106.699636, 10.781476], [106.699837, 10.781694], [106.700122, 10.782003]]"
1441,411926547,14068911006,False,71.81491889921631,primary,55.900735294117645,27.950367647058822,4.624871330885408,4.624871330885408,0.8,Hai Bà Trưng,"[[106.699636, 10.781476], [106.69974, 10.781382], [106.700121, 10.781039]]"
1442,10978330103,10978360613,True,54.22033728281461,secondary,53.97590361445784,32.3855421686747,3.61630285270201,2.4108685684680062,0.6,Lê Duẩn,"[[106.699573, 10.781534], [106.699244, 10.781169]]"
1443,10978330103,411926547,False,9.353488606656128,primary,55.900735294117645,27.950367647058822,0.6023634359511792,0.6023634359511792,0.8,Đường Hai Bà Trưng,"[[106.699573, 10.781534], [106.699636, 10.781476]]"
1444,10978330103,14068910949,False,191.3402038622111,residential,48.81818181818182,36.61363636363637,14.110003860230092,4.703334620076694,0.3,Nguyễn Văn Chiêm,"[[106.699573, 10.781534], [106.699465, 10.781633], [106.698924, 10.782134], [106.698487, 10.781656], [106.698436, 10.7816], [106.698347, 10.781503]]"
1445,6858588498,10978360615,False,9.692914271193112,secondary,53.97590361445784,32.3855421686747,0.6464827643376121,0.430988509558408,0.6,Đường Lê Duẩn,"[[106.700122, 10.782003], [106.700055, 10.782059]]"
1446,6858588498,411926034,True,52.74381223278553,secondary,50.0,30.0,3.797554480760558,2.531702987173705,0.6,Lê Duẩn,"[[106.700122, 10.782003], [106.700166, 10.78205], [106.700349, 10.782245], [106.700449, 10.782352]]"
1447,14068911006,411926547,False,71.81491889921631,primary,55.900735294117645,27.950367647058822,4.624871330885408,4.624871330885408,0.8,Hai Bà Trưng,"[[106.700121, 10.781039], [106.69974, 10.781382], [106.699636, 10.781476]]"
1448,14068911006,411926624,False,139.38624514982206,primary,55.900735294117645,27.950367647058822,8.976455853384135,8.976455853384135,0.8,Hai Bà Trưng,"[[106.700121, 10.781039], [106.70016, 10.781005], [106.700454, 10.780744], [106.700532, 10.780672], [106.70106, 10.780187]]"
1449,10978360613,10978330104,True,38.85566014890154,secondary,53.97590361445784,32.3855421686747,2.5915337617169154,1.727689174477944,0.6,Lê Duẩn,"[[106.699244, 10.781169], [106.699005, 10.780909]]"
1450,10978360613,10978360614,False,9.144304350697253,secondary,53.97590361445784,32.3855421686747,0.6098924419616828,0.4065949613077885,0.6,,"[[106.699244, 10.781169], [106.699305, 10.781113]]"
1451,14068910949,10978330103,False,191.34020386221107,residential,48.81818181818182,36.61363636363637,14.11000386023009,4.703334620076692,0.3,Nguyễn Văn Chiêm,"[[106.698347, 10.781503], [106.698436, 10.7816], [106.698487, 10.781656], [106.698924, 10.782134], [106.699465, 10.781633], [106.699573, 10.781534]]"
1452,14068910949,1769456883,False,86.03843767264291,residential,48.81818181818182,36.61363636363637,6.344733951278696,2.114911317092898,0.3,Nguyễn Văn Chiêm,"[[106.698347, 10.781503], [106.698226, 10.78137], [106.697816, 10.780929]]"
1453,1767909356,3335314145,True,34.782325949082505,secondary,53.97590361445784,32.3855421686747,2.319856918211128,1.5465712788074186,0.6,Cầu Calmette,"[[106.701006, 10.765631], [106.701097, 10.765508], [106.701202, 10.765385]]"
1454,9404261879,9404261882,True,51.05297363188982,primary,55.900735294117645,27.950367647058822,3.2878047866061504,3.2878047866061504,0.8,Trần Hưng Đạo,"[[106.69035, 10.762207], [106.690658, 10.762552]]"
1455,9404261879,9404261880,False,9.699481236400684,primary_link,50.0,25.0,0.6983626490208492,0.6983626490208492,0.8,,"[[106.69035, 10.762207], [106.690421, 10.762154]]"
1456,6789210647,6786749270,True,29.19990951997716,primary,60.0,30.0,1.7519945711986291,1.7519945711986291,0.8,Trần Hưng Đạo,"[[106.688797, 10.760578], [106.688624, 10.760378]]"
1457,6789210647,6789210646,False,7.1825943224991855,primary_link,50.0,25.0,0.5171467912199413,0.5171467912199413,0.8,,"[[106.688797, 10.760578], [106.688746, 10.760619]]"
1458,7461707638,7461707636,False,74.26002689055261,residential,48.81818181818182,36.61363636363637,5.476158407571478,1.8253861358571573,0.3,Hẻm 174-176 Lý Tự Trọng,"[[106.695374, 10.77355], [106.695596, 10.773397], [106.69589, 10.773118]]"
1459,6789341869,9404261902,True,46.53288134979901,primary,60.0,30.0,2.7919728809879407,2.7919728809879407,0.8,Trần Hưng Đạo,"[[106.694114, 10.76665], [106.693837, 10.766332]]"
1460,6789341869,6789341868,False,6.326772335301751,primary_link,50.0,25.0,0.455527608141726,0.455527608141726,0.8,,"[[106.694114, 10.76665], [106.694069, 10.766685]]"
1461,5778873001,4606995347,False,7.754858026084627,primary_link,50.0,25.0,0.5583497778780931,0.5583497778780931,0.8,,"[[106.694339, 10.766747], [106.694367, 10.766682]]"
1462,5778873001,9404261907,True,68.57146513569752,primary,55.900735294117645,27.950367647058822,4.415993335144691,4.415993335144691,0.8,Trần Hưng Đạo,"[[106.694339, 10.766747], [106.694442, 10.766863], [106.694744, 10.767218]]"
1463,5778873001,411926622,False,13.10667658775943,primary_link,50.0,25.0,0.943680714318679,0.943680714318679,0.8,,"[[106.694339, 10.766747], [106.694316, 10.766806], [106.694295, 10.766856]]"
1464,9404261902,4597084182,True,68.47013193217501,primary,60.0,30.0,4.1082079159305005,4.1082079159305005,0.8,Trần Hưng Đạo,"[[106.693837, 10.766332], [106.693429, 10.765865]]"
1465,9404261902,9404261903,False,6.474196015556398,primary_link,50.0,25.0,0.4661421131200606,0.4661421131200606,0.8,,"[[106.693837, 10.766332], [106.693791, 10.766368]]"
1466,6789341868,6789341869,False,6.326772335301751,primary_link,50.0,25.0,0.455527608141726,0.455527608141726,0.8,,"[[106.694069, 10.766685], [106.694114, 10.76665]]"
1467,4606995347,5778873001,False,7.754858026084627,primary_link,50.0,25.0,0.5583497778780931,0.5583497778780931,0.8,,"[[106.694367, 10.766682], [106.694339, 10.766747]]"
1468,4606995347,9404261908,True,72.6098553192822,primary,55.900735294117645,27.950367647058822,4.676065131775149,4.676065131775149,0.8,Trần Hưng Đạo,"[[106.694367, 10.766682], [106.69449, 10.766824], [106.694797, 10.767179]]"
1469,4606995347,411925045,True,75.36350961962378,residential,50.0,37.5,5.426172692612912,1.808724230870972,0.3,Ðề Thám,"[[106.694367, 10.766682], [106.694387, 10.766611], [106.694467, 10.766338], [106.694564, 10.766033]]"
1470,9404261907,9404261908,False,7.215834362639489,primary_link,50.0,25.0,0.5195400741100432,0.5195400741100432,0.8,,"[[106.694744, 10.767218], [106.694797, 10.767179]]"
1471,9404261907,9404261909,True,52.27407298777232,primary,55.900735294117645,27.950367647058822,3.36644342450685,3.36644342450685,0.8,Trần Hưng Đạo,"[[106.694744, 10.767218], [106.694804, 10.767288], [106.69505, 10.76758]]"
1472,9864826744,2032267208,True,145.40722024439398,primary,55.900735294117645,27.950367647058822,9.36420585750152,9.36420585750152,0.8,Nguyễn Thị Nghĩa,"[[106.693371, 10.771208], [106.693495, 10.771111], [106.693564, 10.771023], [106.693651, 10.770876], [106.693779, 10.77066], [106.693988, 10.770322], [106.693995, 10.770311], [106.693998, 10.770305], [106.694062, 10.770197], [106.694102, 10.770127]]"
1473,9864826744,4610625914,True,12.669972194096944,primary,55.900735294117645,27.950367647058822,0.8159445427464471,0.8159445427464471,0.8,Ngã sáu Phù Đổng,"[[106.693371, 10.771208], [106.693406, 10.771229], [106.693427, 10.771249], [106.693433, 10.771256], [106.693448, 10.771288]]"
1474,1768404126,411926638,False,128.1608010419823,tertiary,52.66233766233766,34.23051948051948,8.7610786803545,4.717503904806268,0.5,Nguyễn Công Trứ,"[[106.697303, 10.765094], [106.697605, 10.765366], [106.698103, 10.765816], [106.698164, 10.765876]]"
1475,1768404126,2032267326,True,25.169189972779023,primary,50.0,25.0,1.8121816780400897,1.8121816780400897,0.8,Nguyễn Thái Học,"[[106.697303, 10.765094], [106.697247, 10.765169], [106.697132, 10.76524]]"
1476,1996655226,1996654208,True,23.92589240558012,tertiary,52.66233766233766,34.23051948051948,1.635575184914133,0.8806943303383792,0.5,Yersin,"[[106.6988, 10.76485], [106.698824, 10.764794], [106.69883, 10.764751], [106.698822, 10.764709], [106.698811, 10.764642]]"
1477,1996655226,411926638,False,133.5724787834443,tertiary,52.66233766233766,34.23051948051948,9.131021237674664,4.91670374336328,0.5,Yersin,"[[106.6988, 10.76485], [106.698778, 10.764887], [106.698754, 10.764924], [106.69858, 10.765235], [106.698225, 10.76578], [106.698164, 10.765876]]"
1478,2032267326,411923507,True,84.81457773500436,primary,60.0,30.0,5.088874664100262,5.088874664100262,0.8,Nguyễn Thái Học,"[[106.697132, 10.76524], [106.696713, 10.765882]]"
1479,1996654208,6754345970,True,91.38503017591312,primary,50.0,25.0,6.579722172665745,6.579722172665745,0.8,Võ Văn Kiệt,"[[106.698811, 10.764642], [106.698563, 10.764485], [106.698535, 10.764467], [106.698315, 10.764327], [106.698112, 10.76419]]"
1480,2907818487,2907818488,True,37.790482231082684,residential,48.81818181818182,36.61363636363637,2.786784164526768,0.9289280548422556,0.3,Công trường Lam Sơn,"[[106.70344, 10.77718], [106.703606, 10.777046], [106.703708, 10.776965]]"
1481,2907818487,14068911038,True,33.25078145888519,residential,48.81818181818182,36.61363636363637,2.4520129343982378,0.8173376447994123,0.3,Công trường Lam Sơn,"[[106.70344, 10.77718], [106.703298, 10.777026], [106.703204, 10.777024]]"
1482,6637183621,6637183631,True,46.93130763904641,tertiary,52.66233766233766,34.23051948051948,3.2082265049429504,1.7275065795846656,0.5,Nguyễn Văn Giai,"[[106.697112, 10.79073], [106.697101, 10.790828], [106.697089, 10.790917], [106.697081, 10.790983], [106.69708, 10.791056], [106.697075, 10.79115]]"
1483,6637183621,6637183630,True,35.372163625855315,primary,55.900735294117645,27.950367647058822,2.2779626848035206,2.2779626848035206,0.8,Đinh Tiên Hoàng,"[[106.697112, 10.79073], [106.696994, 10.790826], [106.696871, 10.790943]]"
1484,634134026,634134030,True,48.27874858666611,primary,55.900735294117645,27.950367647058822,3.109145058603319,3.109145058603319,0.8,Công trường Cộng Hòa,"[[106.681829, 10.765207], [106.681872, 10.765246], [106.681899, 10.765283], [106.68192, 10.765323], [106.681934, 10.765366], [106.681939, 10.76543], [106.68193, 10.765492], [106.681875, 10.765593]]"
1485,634134030,11017260996,False,70.9711819358804,tertiary,50.0,32.5,5.109925099383388,2.75149813043721,0.5,Phạm Viết Chánh,"[[106.681875, 10.765593], [106.682225, 10.765813], [106.68242, 10.76594]]"
1486,634134030,11017261001,True,72.88809462331065,primary,60.0,30.0,4.373285677398639,4.373285677398639,0.8,Nguyễn Thị Minh Khai,"[[106.681875, 10.765593], [106.68191, 10.765629], [106.682342, 10.76606]]"
1487,11017260996,634134030,False,70.9711819358804,tertiary,50.0,32.5,5.109925099383388,2.75149813043721,0.5,Phạm Viết Chánh,"[[106.68242, 10.76594], [106.682225, 10.765813], [106.681875, 10.765593]]"
1488,11017260996,11017261001,True,23.984441027276915,tertiary_link,53.16964479863687,34.56026911911396,1.6239338822968878,0.8744259366214011,0.5,,"[[106.68242, 10.76594], [106.682365, 10.765931], [106.68233, 10.765943], [106.682315, 10.765975], [106.682329, 10.766026], [106.682342, 10.76606]]"
1489,11017260996,5762711576,False,402.88234230853726,tertiary,50.0,32.5,29.00752864621468,15.619438501807911,0.5,Phạm Viết Chánh,"[[106.68242, 10.76594], [106.682604, 10.76606], [106.683047, 10.766342], [106.683261, 10.766479], [106.683452, 10.766602], [106.683994, 10.76695], [106.684462, 10.767272], [106.684655, 10.767396], [106.68474, 10.767449], [106.685333, 10.767818], [106.685387, 10.767851], [106.685502, 10.767929]]"
1490,11017261001,6727011191,True,345.6263512549876,primary,60.0,30.0,20.737581075299254,20.737581075299254,0.8,Nguyễn Thị Minh Khai,"[[106.682342, 10.76606], [106.682459, 10.766178], [106.682484, 10.766206], [106.68431, 10.768073], [106.684388, 10.76815], [106.684533, 10.768303]]"
1491,5762711576,6732291266,False,20.35485650038417,secondary,53.97590361445784,32.3855421686747,1.357596232659551,0.9050641551063674,0.6,Cống Quỳnh,"[[106.685502, 10.767929], [106.685669, 10.767849]]"
1492,5762711576,12584708463,False,69.76240143165252,secondary,53.97590361445784,32.3855421686747,4.652903024057538,3.101935349371693,0.6,Cống Quỳnh,"[[106.685502, 10.767929], [106.685384, 10.767983], [106.685341, 10.768002], [106.685043, 10.768135], [106.684922, 10.768193]]"
1493,5762711576,11017260996,False,402.8823423085373,tertiary,50.0,32.5,29.007528646214688,15.619438501807911,0.5,Phạm Viết Chánh,"[[106.685502, 10.767929], [106.685387, 10.767851], [106.685333, 10.767818], [106.68474, 10.767449], [106.684655, 10.767396], [106.684462, 10.767272], [106.683994, 10.76695], [106.683452, 10.766602], [106.683261, 10.766479], [106.683047, 10.766342], [106.682604, 10.76606], [106.68242, 10.76594]]"
1494,6727011191,12584708459,True,15.028401227488963,primary,55.900735294117645,27.950367647058822,0.9678270622793288,0.9678270622793288,0.8,Nguyễn Thị Minh Khai,"[[106.684533, 10.768303], [106.684625, 10.768403]]"
1495,6727011191,12584708463,True,45.36907874856288,secondary,53.97590361445784,32.3855421686747,3.025955520105042,2.0173036800700284,0.6,Cống Quỳnh,"[[106.684533, 10.768303], [106.684751, 10.768195], [106.684922, 10.768193]]"
1496,3014433881,11364187677,True,23.97457868091857,primary,55.900735294117645,27.950367647058822,1.5439597135386691,1.5439597135386691,0.8,Ðiện Biên Phủ,"[[106.697568, 10.790616], [106.697519, 10.790555], [106.697425, 10.790452]]"
1497,3014433881,3014433882,True,14.731926418639944,primary_link,50.0,25.0,1.060698702142076,1.060698702142076,0.8,,"[[106.697568, 10.790616], [106.697578, 10.790583], [106.697602, 10.790556], [106.697621, 10.790546], [106.697661, 10.790534]]"
1498,10945450649,411921451,True,56.96375010761203,tertiary,52.66233766233766,34.23051948051948,3.894044766912467,2.0967933360297897,0.5,Trần Nguyên Đán,"[[106.693452, 10.793644], [106.693534, 10.793206], [106.693581, 10.793157]]"
1499,1767909383,1767909393,True,111.97814109730382,primary_link,50.0,25.0,8.062426159005875,8.062426159005875,0.8,Đường dẫn Cầu Calmette,"[[106.701048, 10.765709], [106.701063, 10.765728], [106.701079, 10.765746], [106.701251, 10.765958], [106.701373, 10.76615], [106.701462, 10.766299], [106.701534, 10.766423], [106.701606, 10.766551]]"
1500,1767909383,1767203801,True,221.57214757307253,secondary,53.97590361445784,32.3855421686747,14.778070914025465,9.852047276016975,0.6,Cầu Calmette,"[[106.701048, 10.765709], [106.700749, 10.766049], [106.700158, 10.766836], [106.699896, 10.767163], [106.699879, 10.76718], [106.699773, 10.767251]]"
1501,1767909393,2380787695,True,170.81650312767272,trunk_link,60.0,27.0,10.248990187660365,12.526543562696,0.9,Đường dẫn Hầm Thủ Thiêm,"[[106.701606, 10.766551], [106.701673, 10.76677], [106.701778, 10.76695], [106.701875, 10.76711], [106.701973, 10.767257], [106.702128, 10.767451], [106.702281, 10.767632], [106.702438, 10.767836]]"
1502,1767909393,1996654852,True,117.76026266551568,primary_link,50.0,25.0,8.478738911917128,8.478738911917128,0.8,Võ Văn Kiệt,"[[106.701606, 10.766551], [106.701751, 10.766749], [106.702082, 10.767182], [106.702247, 10.767402]]"
1503,2380787695,8591874777,True,284.30264660822803,trunk,60.0,27.0,17.058158796493682,20.848860751270056,0.9,Hầm Sông Sài Gòn,"[[106.702438, 10.767836], [106.702591, 10.76797], [106.702761, 10.768104], [106.702927, 10.768244], [106.703117, 10.768364], [106.703333, 10.768492], [106.703536, 10.768597], [106.70375, 10.768695], [106.704, 10.768794], [106.704254, 10.768881], [106.704496, 10.768948], [106.704718, 10.768995]]"
1504,1996654852,14068911034,True,155.16459540665963,primary,50.0,25.0,11.171850869279494,11.171850869279494,0.8,Võ Văn Kiệt,"[[106.702247, 10.767402], [106.702437, 10.767625], [106.702602, 10.767781], [106.702784, 10.767923], [106.702934, 10.768032], [106.703111, 10.76814], [106.703193, 10.768206], [106.703262, 10.768287], [106.703291, 10.768336]]"
1505,1767909386,6783651564,True,137.5640201549393,secondary,53.97590361445784,32.3855421686747,9.175028844262467,6.11668589617498,0.6,Calmette,"[[106.700621, 10.766341], [106.700327, 10.766735], [106.700117, 10.767016], [106.699982, 10.767177], [106.699946, 10.767226], [106.699859, 10.767326]]"
1506,14068911034,2358070582,True,33.47364215123696,primary,50.0,25.0,2.410102234889061,2.410102234889061,0.8,Võ Văn Kiệt,"[[106.703291, 10.768336], [106.703313, 10.768375], [106.70336, 10.768484], [106.70341, 10.768614]]"
1507,1767909417,1996654066,True,67.42022325202709,primary,50.0,25.0,4.85425607414595,4.85425607414595,0.8,Võ Văn Kiệt,"[[106.700978, 10.766353], [106.700871, 10.766188], [106.700628, 10.765854]]"
1508,1767909417,1767909386,True,45.806095617900944,secondary,53.97590361445784,32.3855421686747,3.055102984515357,2.0367353230102387,0.6,Calmette,"[[106.700978, 10.766353], [106.700878, 10.76628], [106.700845, 10.766261], [106.700811, 10.766249], [106.70075, 10.766254], [106.700701, 10.766274], [106.700673, 10.76629], [106.700653, 10.766305], [106.700621, 10.766341]]"
1509,1996654066,6789155351,True,77.55324779216181,primary,50.0,25.0,5.58383384103565,5.58383384103565,0.8,Võ Văn Kiệt,"[[106.700628, 10.765854], [106.700464, 10.765728], [106.700385, 10.765673], [106.700289, 10.765615], [106.700201, 10.765564], [106.700038, 10.765468]]"
1510,6789155351,2666742983,False,20.28131651184791,tertiary,52.66233766233766,34.23051948051948,1.3864317970614648,0.746540198417712,0.5,Ký Con,"[[106.700038, 10.765468], [106.700155, 10.765327]]"
1511,6789155351,3338020342,True,100.84509098368986,primary,50.0,25.0,7.260846550825669,7.260846550825669,0.8,Võ Văn Kiệt,"[[106.700038, 10.765468], [106.699468, 10.765108], [106.69926, 10.764979]]"
1512,6789155351,11825097706,True,23.80516446413818,tertiary,52.66233766233766,34.23051948051948,1.6273222168826396,0.8762504244752674,0.5,Ký Con,"[[106.700038, 10.765468], [106.699986, 10.765563], [106.699903, 10.765631]]"
1513,1769173959,2666742983,True,340.95108985216274,trunk,60.0,27.0,20.457065391129763,25.00307992249194,0.9,Võ Văn Kiệt,"[[106.702033, 10.767718], [106.701862, 10.767441], [106.701718, 10.767236], [106.701584, 10.767013], [106.701266, 10.766432], [106.701171, 10.766272], [106.701065, 10.76612], [106.700957, 10.765981], [106.700814, 10.765816], [106.70066, 10.765672], [106.700504, 10.765554], [106.700337, 10.765436], [106.700155, 10.765327]]"
1514,1769173959,1998452762,True,82.64315892949155,trunk,50.0,22.5,5.950307442923391,7.272597985795256,0.9,Võ Văn Kiệt,"[[106.702033, 10.767718], [106.701897, 10.767608], [106.701817, 10.767529], [106.701742, 10.76744], [106.701535, 10.767164]]"
1515,2666742983,6789155351,False,20.28131651184791,tertiary,52.66233766233766,34.23051948051948,1.3864317970614648,0.746540198417712,0.5,Ký Con,"[[106.700155, 10.765327], [106.700038, 10.765468]]"
1516,2666742983,1996655282,False,14.3749733777782,tertiary,52.66233766233766,34.23051948051948,0.9826738891048378,0.529132094133374,0.5,Ký Con,"[[106.700155, 10.765327], [106.700229, 10.76522]]"
1517,2666742983,6789155349,True,50.47937427443781,trunk,60.0,27.0,3.0287624564662683,3.70182078012544,0.9,Võ Văn Kiệt,"[[106.700155, 10.765327], [106.699855, 10.765141], [106.699763, 10.765088]]"
1518,1998452762,1998452788,True,91.326568748512,trunk,50.0,22.5,6.575512949892864,8.036738049869058,0.9,Võ Văn Kiệt,"[[106.701535, 10.767164], [106.701049, 10.766495]]"
1519,1998452762,1769173868,True,21.143791008911776,trunk_link,50.0,22.5,1.522352952641648,1.8606536087842365,0.9,,"[[106.701535, 10.767164], [106.701447, 10.767136], [106.70135, 10.767109]]"
1520,1996655282,2666742983,False,14.3749733777782,tertiary,52.66233766233766,34.23051948051948,0.9826738891048378,0.529132094133374,0.5,Ký Con,"[[106.700229, 10.76522], [106.700155, 10.765327]]"
1521,1996655282,2380787695,True,382.8597001042813,trunk,60.0,27.0,22.97158200625688,28.076378007647303,0.9,Võ Văn Kiệt,"[[106.700229, 10.76522], [106.700357, 10.765303], [106.700563, 10.76546], [106.700719, 10.765586], [106.700885, 10.765748], [106.701033, 10.765917], [106.70115, 10.766064], [106.701257, 10.766226], [106.701356, 10.766391], [106.701514, 10.76668], [106.701676, 10.766974], [106.701773, 10.767144], [106.70189, 10.767308], [106.70198, 10.767396], [106.702099, 10.767539], [106.702228, 10.767667], [106.702438, 10.767836]]"
1522,6789155349,6794100007,True,215.82752978980648,trunk,60.0,27.0,12.949651787388389,15.827352184585807,0.9,Võ Văn Kiệt,"[[106.699763, 10.765088], [106.699433, 10.764895], [106.698951, 10.764614], [106.698595, 10.764407], [106.698384, 10.764255], [106.698278, 10.764172], [106.698117, 10.764051], [106.698103, 10.76404]]"
1523,6789155349,1996654022,True,75.10947006611154,primary,55.900735294117645,27.950367647058822,4.837039992682436,4.837039992682436,0.8,Võ Văn Kiệt,"[[106.699763, 10.765088], [106.699563, 10.76503], [106.699483, 10.764996], [106.699304, 10.764909], [106.699135, 10.764818]]"
1524,1769277421,2907818488,True,127.67206407994908,residential,48.81818181818182,36.61363636363637,9.41492316120295,3.138307720400981,0.3,Công trường Lam Sơn,"[[106.70312, 10.776029], [106.703616, 10.776594], [106.703591, 10.776727], [106.703618, 10.776824], [106.703708, 10.776965]]"
1525,1769277421,14068910992,True,38.65665243029755,tertiary,60.0,39.0,2.3193991458178527,1.2489072323634591,0.5,Ðồng Khởi,"[[106.70312, 10.776029], [106.703378, 10.775791]]"
1526,2907818488,14068910996,True,15.918392513698722,residential,48.81818181818182,36.61363636363637,1.173870285926386,0.3912900953087952,0.3,Công trường Lam Sơn,"[[106.703708, 10.776965], [106.703808, 10.777069]]"
1527,14068910992,3335337345,True,31.8844664142822,tertiary,60.0,39.0,1.913067984856932,1.0301135303075788,0.5,Ðồng Khởi,"[[106.703378, 10.775791], [106.703592, 10.775594]]"
1528,3335337345,3335337343,False,99.29942044288003,residential,48.81818181818182,36.61363636363637,7.3226388259554,2.440879608651798,0.3,Nguyễn Thiệp,"[[106.703592, 10.775594], [106.70297, 10.774943]]"
1529,3335337345,411919545,True,53.75895065222271,tertiary,60.0,39.0,3.2255370391333624,1.736827636456426,0.5,Ðồng Khởi,"[[106.703592, 10.775594], [106.703951, 10.775264]]"
1530,14068910996,10828987445,True,40.65962204122123,residential,48.81818181818182,36.61363636363637,2.9983631896319567,0.9994543965439852,0.3,Công trường Lam Sơn,"[[106.703808, 10.777069], [106.704064, 10.777336]]"
1531,10560232676,1769277472,True,134.90807444638455,tertiary,52.66233766233766,34.23051948051948,9.222322623067274,4.965866027805454,0.5,Nguyễn Huệ,"[[106.70212, 10.775741], [106.702023, 10.775836], [106.701583, 10.776239], [106.701404, 10.776402], [106.701303, 10.776495], [106.70122, 10.776571]]"
1532,10560232676,10560232675,True,40.11084473642284,tertiary,52.66233766233766,34.23051948051948,2.7419793245219264,1.4764504055118062,0.5,Lê Lợi,"[[106.70212, 10.775741], [106.701998, 10.77561], [106.701871, 10.775475]]"
1533,1769277475,1769277421,True,22.440615791745664,tertiary,60.0,39.0,1.3464369475047395,0.7250045101948599,0.5,Ðồng Khởi,"[[106.70297, 10.776167], [106.70312, 10.776029]]"
1534,10560232675,10560232673,True,35.55611429298906,tertiary,52.66233766233766,34.23051948051948,2.4306177267611755,1.3087941605637097,0.5,Nguyễn Huệ,"[[106.701871, 10.775475], [106.701941, 10.775415], [106.702115, 10.775263]]"
1535,10560232675,9608426541,True,160.28071511549226,tertiary,60.0,39.0,9.616842906929534,5.178300026808211,0.5,Lê Lợi,"[[106.701871, 10.775475], [106.701861, 10.775299], [106.701178, 10.774574], [106.701104, 10.774495], [106.700986, 10.774372]]"
1536,10560232675,9708695734,True,150.08729256022815,tertiary,60.0,39.0,9.005237553613687,4.848974067330449,0.5,Lê Lợi,"[[106.701871, 10.775475], [106.701777, 10.775376], [106.701032, 10.774584], [106.700938, 10.774485]]"
1537,10558393145,11221021745,False,13.027795019595755,tertiary,52.66233766233766,34.23051948051948,0.8905807100941907,0.4795434592814873,0.5,Phan Bội Châu,"[[106.698905, 10.772167], [106.698835, 10.772262]]"
1538,10558393145,10315805789,True,96.61687497230484,tertiary,52.66233766233766,34.23051948051948,6.604734338427348,3.5563954129993407,0.5,Công trường Quách Thị Trang,"[[106.698905, 10.772167], [106.698853, 10.772093], [106.69881, 10.772016], [106.698773, 10.771934], [106.698732, 10.771847], [106.69868, 10.771767], [106.698532, 10.771586], [106.698502, 10.771549], [106.698437, 10.77147], [106.698419, 10.771446]]"
1539,2043347015,10560232675,True,133.42746691701228,tertiary,52.66233766233766,34.23051948051948,9.12110821933312,4.911365964256296,0.5,Nguyễn Huệ,"[[106.700979, 10.776294], [106.701019, 10.776258], [106.701103, 10.776181], [106.701158, 10.776131], [106.701257, 10.77604], [106.701329, 10.775974], [106.701744, 10.775595], [106.701776, 10.775566], [106.701871, 10.775475]]"
1540,2043347015,411919215,True,92.30780774025318,tertiary,52.66233766233766,34.23051948051948,6.310166289913238,3.3977818484148203,0.5,Lê Thánh Tôn,"[[106.700979, 10.776294], [106.700633, 10.775898], [106.700534, 10.775784], [106.700429, 10.775664]]"
1541,1770193953,1769456883,False,44.18321351329846,tertiary,52.66233766233766,34.23051948051948,3.0203666549658035,1.6263512757508174,0.5,Phạm Ngọc Thạch,"[[106.69752, 10.781199], [106.697625, 10.781104], [106.697816, 10.780929]]"
1542,7514003738,7514003739,True,25.36496440476672,secondary,53.97590361445784,32.3855421686747,1.6917525366393515,1.1278350244262343,0.6,,"[[106.698444, 10.78026], [106.698459, 10.780236], [106.698483, 10.78022], [106.698512, 10.780214], [106.69854, 10.78022], [106.698564, 10.780236], [106.69858, 10.78026], [106.698585, 10.780288], [106.698578, 10.780316]]"
1543,7514003738,12920957278,False,37.78264915706952,secondary,53.97590361445784,32.3855421686747,2.5199677607438327,1.6799785071625557,0.6,Lê Duẩn,"[[106.698444, 10.78026], [106.69826, 10.780072], [106.698236, 10.780047], [106.698205, 10.780014]]"
1544,7514003738,12884031130,True,31.8790769320182,tertiary,50.0,32.5,2.29529353910531,1.2359272902874756,0.5,Công trường Công xã Paris,"[[106.698444, 10.78026], [106.698426, 10.780227], [106.698413, 10.780191], [106.698405, 10.780156], [106.698402, 10.780119], [106.698403, 10.780084], [106.698409, 10.780049], [106.698426, 10.779983]]"
1545,1771088742,11329674834,False,7.589766508241675,primary_link,50.0,25.0,0.5464631885934006,0.5464631885934006,0.8,,"[[106.702245, 10.787235], [106.702195, 10.787282]]"
1546,1771088742,1970245478,True,57.31661805666429,primary,60.0,30.0,3.4389970833998573,3.4389970833998573,0.8,Nguyễn Thị Minh Khai,"[[106.702245, 10.787235], [106.702564, 10.787576], [106.7026, 10.787614]]"
1547,11329674834,1771088742,False,7.589766508241675,primary_link,50.0,25.0,0.5464631885934006,0.5464631885934006,0.8,,"[[106.702195, 10.787282], [106.702245, 10.787235]]"
1548,11329674834,1769692389,True,100.08278119493517,primary,60.0,30.0,6.0049668716961095,6.0049668716961095,0.8,Nguyễn Thị Minh Khai,"[[106.702195, 10.787282], [106.702151, 10.787235], [106.701735, 10.786801], [106.70166, 10.786723], [106.701618, 10.786597]]"
1549,1970245478,411923141,True,42.25380253351979,primary,60.0,30.0,2.5352281520111872,2.5352281520111872,0.8,Nguyễn Thị Minh Khai,"[[106.7026, 10.787614], [106.702861, 10.787894]]"
1550,1970245478,11329674833,False,7.293791845839941,primary_link,50.0,25.0,0.5251530129004758,0.5251530129004758,0.8,,"[[106.7026, 10.787614], [106.702552, 10.78766]]"
1551,1985346335,6789210668,False,142.785566029201,residential,48.81818181818182,36.61363636363637,10.529438388745548,3.5098127962485144,0.3,Hẻm 286 Đường Trần Hưng Ðạo,"[[106.685286, 10.758541], [106.685884, 10.757971], [106.686185, 10.757697], [106.686232, 10.757656]]"
1552,6789210668,9404261850,True,87.37012347739444,primary,60.0,30.0,5.242207408643666,5.242207408643666,0.8,Trần Hưng Đạo,"[[106.686232, 10.757656], [106.68571, 10.757061]]"
1553,6789210668,6789210667,False,10.481950331347358,primary_link,50.0,25.0,0.7547004238570098,0.7547004238570098,0.8,,"[[106.686232, 10.757656], [106.686305, 10.757594]]"
1554,6789210668,1985346335,False,142.785566029201,residential,48.81818181818182,36.61363636363637,10.529438388745548,3.5098127962485144,0.3,Hẻm 286 Đường Trần Hưng Ðạo,"[[106.686232, 10.757656], [106.686185, 10.757697], [106.685884, 10.757971], [106.685286, 10.758541]]"
1555,9404261850,9404261849,False,7.102699942290885,primary_link,50.0,25.0,0.5113943958449437,0.5113943958449437,0.8,,"[[106.68571, 10.757061], [106.68566, 10.757102]]"
1556,9404261850,12486051343,True,55.54111615815705,primary,60.0,30.0,3.332466969489423,3.332466969489423,0.8,Trần Hưng Đạo,"[[106.68571, 10.757061], [106.685572, 10.756903], [106.685387, 10.756676]]"
1557,6789210667,6760648978,True,37.28313476678272,primary,60.0,30.0,2.236988086006963,2.236988086006963,0.8,Trần Hưng Đạo,"[[106.686305, 10.757594], [106.686529, 10.757846]]"
1558,6789210667,6760714944,False,7.656885841024299,primary_link,50.0,25.0,0.5512957805537495,0.5512957805537495,0.8,,"[[106.686305, 10.757594], [106.686357, 10.757548]]"
1559,6789210667,6789210668,False,10.481950331347358,primary_link,50.0,25.0,0.7547004238570098,0.7547004238570098,0.8,,"[[106.686305, 10.757594], [106.686232, 10.757656]]"
1560,1996654022,1996654208,True,40.49794538686494,primary,50.0,25.0,2.915852067854276,2.915852067854276,0.8,Võ Văn Kiệt,"[[106.699135, 10.764818], [106.69905, 10.764771], [106.698978, 10.764732], [106.698811, 10.764642]]"
1561,6754345970,2131959240,True,30.953022412502985,primary_link,50.0,25.0,2.2286176137002145,2.2286176137002145,0.8,,"[[106.698112, 10.76419], [106.697989, 10.764159], [106.69791, 10.764153], [106.697836, 10.764172]]"
1562,6754345970,2131959241,True,22.757735593216275,primary,50.0,25.0,1.6385569627115717,1.6385569627115717,0.8,Võ Văn Kiệt,"[[106.698112, 10.76419], [106.698044, 10.764134], [106.697954, 10.764057]]"
1563,3338020342,1996655226,True,55.07459207351943,primary_link,50.0,25.0,3.965370629293399,3.965370629293399,0.8,Võ Văn Kiệt,"[[106.69926, 10.764979], [106.699191, 10.764953], [106.699131, 10.764932], [106.699002, 10.764848], [106.69895, 10.764827], [106.698902, 10.764823], [106.698886, 10.764822], [106.6988, 10.76485]]"
1564,3338020342,1996654022,True,22.672816100589845,primary,50.0,25.0,1.6324427592424688,1.6324427592424688,0.8,Võ Văn Kiệt,"[[106.69926, 10.764979], [106.699205, 10.764924], [106.699176, 10.76488], [106.699135, 10.764818]]"
1565,1996654189,5500064105,False,26.881258252722493,primary_link,50.0,25.0,1.9354505941960196,1.9354505941960196,0.8,,"[[106.697743, 10.764301], [106.697534, 10.764172]]"
1566,1996654189,1768404126,True,100.41165859408396,primary,50.0,25.0,7.229639418774046,7.229639418774046,0.8,Nguyễn Thái Học,"[[106.697743, 10.764301], [106.69759, 10.764569], [106.697571, 10.764601], [106.697558, 10.764625], [106.697303, 10.765094]]"
1567,6791194859,5500064106,True,13.096778518069936,primary,50.0,25.0,0.9429680533010354,0.9429680533010354,0.8,Nguyễn Thái Học,"[[106.697669, 10.763958], [106.697708, 10.763897], [106.697742, 10.763866]]"
1568,6791194859,6791194856,True,23.41011597059459,primary_link,50.0,25.0,1.6855283498828104,1.6855283498828104,0.8,,"[[106.697669, 10.763958], [106.697675, 10.763849], [106.697675, 10.763811], [106.697656, 10.763751]]"
1569,2131959240,1996654189,True,17.535645780984126,primary,50.0,25.0,1.262566496230857,1.262566496230857,0.8,Nguyễn Thái Học,"[[106.697836, 10.764172], [106.697743, 10.764301]]"
1570,2131959241,2131959240,True,18.18840422266664,primary,50.0,25.0,1.3095651040319978,1.3095651040319978,0.8,Nguyễn Thái Học,"[[106.697954, 10.764057], [106.697911, 10.764099], [106.697863, 10.764146], [106.697836, 10.764172]]"
1571,2131959241,5500064106,True,31.418476778003267,primary,55.900735294117645,27.950367647058822,2.023345771852733,2.023345771852733,0.8,Võ Văn Kiệt,"[[106.697954, 10.764057], [106.697841, 10.763959], [106.697742, 10.763866]]"
1572,1996654212,11825097704,True,16.036317082824734,primary,50.0,25.0,1.1546148299633807,1.1546148299633807,0.8,Võ Văn Kiệt,"[[106.694049, 10.759857], [106.693924, 10.759782]]"
1573,1996654212,11825097702,True,12.92638058715816,tertiary,50.0,32.5,0.9306994022753876,0.5011458319944396,0.5,Hồ Hảo Hớn,"[[106.694049, 10.759857], [106.694014, 10.759867], [106.693963, 10.759881], [106.693936, 10.759889]]"
1574,1996654360,2131959241,True,11.353933898194514,primary,50.0,25.0,0.817483240670005,0.817483240670005,0.8,Nguyễn Thái Học,"[[106.698028, 10.763986], [106.697954, 10.764057]]"
1575,1996654360,5781158296,True,32.58786871005351,trunk,60.0,27.0,1.9552721226032104,2.389777038737258,0.9,Võ Văn Kiệt,"[[106.698028, 10.763986], [106.697929, 10.763913], [106.697804, 10.763793]]"
1576,5781158296,5781158295,True,18.073958239503455,primary,50.0,25.0,1.301324993244249,1.301324993244249,0.8,Nguyễn Thái Học,"[[106.697804, 10.763793], [106.697915, 10.763673]]"
1577,5781158296,411926072,True,827.4593462321902,trunk,60.0,27.0,49.64756077393141,60.680352057027285,0.9,Võ Văn Kiệt,"[[106.697804, 10.763793], [106.697771, 10.763753], [106.697608, 10.763524], [106.69724, 10.762988], [106.696971, 10.762628], [106.696735, 10.7623], [106.696476, 10.761974], [106.695689, 10.760941], [106.695433, 10.760683], [106.695072, 10.760376], [106.694775, 10.760177], [106.694398, 10.759961], [106.693289, 10.759293], [106.692914, 10.759064], [106.692535, 10.758832], [106.692405, 10.758753]]"
1578,5500064106,5781158296,True,10.53607858651056,primary,50.0,25.0,0.7585976582287602,0.7585976582287602,0.8,Nguyễn Thái Học,"[[106.697742, 10.763866], [106.697804, 10.763793]]"
1579,5500064106,6791194856,True,15.911274579956808,primary,50.0,25.0,1.14561176975689,1.14561176975689,0.8,Võ Văn Kiệt,"[[106.697742, 10.763866], [106.697707, 10.763822], [106.697694, 10.763803], [106.697656, 10.763751]]"
1580,2358070582,2358070586,True,9.787038707977244,primary,50.0,25.0,0.7046667869743616,0.7046667869743616,0.8,,"[[106.70341, 10.768614], [106.703434, 10.768631], [106.703451, 10.768655], [106.70346, 10.768683]]"
1581,2358070586,2034589362,True,37.85088846808304,primary,50.0,25.0,2.725263969701979,2.725263969701979,0.8,Võ Văn Kiệt,"[[106.70346, 10.768683], [106.703596, 10.768766], [106.703738, 10.768884]]"
1582,2358070586,2358070591,True,14.02218471016812,primary,50.0,25.0,1.0095972991321045,1.0095972991321045,0.8,,"[[106.70346, 10.768683], [106.703459, 10.768715], [106.703447, 10.768744], [106.703425, 10.768767], [106.703397, 10.768782]]"
1583,1996655118,11824860648,True,12.838255643957927,primary,50.0,25.0,0.9243544063649708,0.9243544063649708,0.8,Võ Văn Kiệt,"[[106.689773, 10.756861], [106.689682, 10.756787]]"
1584,1996655118,6757556260,True,9.98720812501394,tertiary,50.0,32.5,0.7190789850010038,0.3871963765390021,0.5,Đường Nguyễn Cảnh Chân,"[[106.689773, 10.756861], [106.689686, 10.756888]]"
1585,14068910998,3338020109,True,393.92777561906274,primary,50.0,25.0,28.36279984457252,28.36279984457252,0.8,Võ Văn Kiệt,"[[106.689483, 10.756622], [106.689342, 10.756497], [106.689183, 10.756342], [106.689059, 10.756209], [106.688742, 10.755886], [106.688492, 10.755643], [106.688428, 10.755581], [106.687981, 10.755147], [106.687746, 10.75492], [106.687578, 10.754756], [106.68736, 10.754545], [106.687141, 10.754366], [106.686991, 10.754274], [106.686897, 10.754221], [106.686858, 10.754197]]"
1586,1996655496,1996654360,True,20.54743558920063,primary,50.0,25.0,1.4794153624224455,1.4794153624224455,0.8,Nguyễn Thái Học,"[[106.698113, 10.763832], [106.698115, 10.763879], [106.698091, 10.763922], [106.698069, 10.763944], [106.698028, 10.763986]]"
1587,1996655496,6794099997,True,15.217600544869253,trunk,80.0,36.0,0.6847920245191164,0.8369680299678088,0.9,Võ Văn Kiệt,"[[106.698113, 10.763832], [106.698162, 10.763872], [106.69822, 10.763919]]"
1588,6794099997,2025938531,True,98.27155118347996,trunk,80.0,36.0,4.422219803256599,5.404935315091398,0.9,Võ Văn Kiệt,"[[106.69822, 10.763919], [106.698577, 10.764157], [106.698972, 10.764404]]"
1589,2025938531,1996654852,True,506.85958968147753,primary,50.0,25.0,36.49389045706638,36.49389045706638,0.8,Võ Văn Kiệt,"[[106.698972, 10.764404], [106.699273, 10.764483], [106.699612, 10.764623], [106.70007, 10.76488], [106.700554, 10.765197], [106.700797, 10.765365], [106.701061, 10.765588], [106.701298, 10.765848], [106.701498, 10.766112], [106.701787, 10.766534], [106.701973, 10.766837], [106.70212, 10.767103], [106.702247, 10.767402]]"
1590,2025938531,1767909356,True,262.7611305513826,trunk_link,52.5,23.625,18.017906094951957,22.02188522716349,0.9,Đường dẫn Cầu Calmette,"[[106.698972, 10.764404], [106.699362, 10.764601], [106.699969, 10.76495], [106.700331, 10.765182], [106.700649, 10.765418], [106.700895, 10.765617], [106.700905, 10.765625], [106.700946, 10.765632], [106.70095, 10.765633], [106.701006, 10.765631]]"
1591,2025938531,1996655282,True,164.8381310530267,trunk,80.0,36.0,7.417715897386202,9.066097207916467,0.9,Võ Văn Kiệt,"[[106.698972, 10.764404], [106.699493, 10.764787], [106.699958, 10.765053], [106.700053, 10.76511], [106.700229, 10.76522]]"
1592,1998235317,14068910941,True,102.3560270622679,primary,50.0,25.0,7.369633948483289,7.369633948483289,0.8,Cầu Nguyễn Văn Cừ,"[[106.686411, 10.754734], [106.686145, 10.755097], [106.685873, 10.755425], [106.68584, 10.755464]]"
1593,14068910941,2289921217,True,57.51234295248816,primary,50.0,25.0,4.140888692579147,4.140888692579147,0.8,Nguyễn Văn Cừ,"[[106.68584, 10.755464], [106.685827, 10.755479], [106.685695, 10.75565], [106.685594, 10.755803], [106.685536, 10.755886]]"
1594,2024423036,14068910983,True,2.4514935064272114,primary,70.0,35.0,0.1260768089019708,0.1260768089019708,0.8,Nguyễn Hữu Cảnh,"[[106.709387, 10.787501], [106.709379, 10.78748]]"
1595,14068910983,2036083009,True,207.5675938657044,primary,70.0,35.0,10.674904827379084,10.674904827379084,0.8,Nguyễn Hữu Cảnh,"[[106.709379, 10.78748], [106.70914, 10.78688], [106.709056, 10.786666], [106.708785, 10.785986], [106.708632, 10.785761]]"
1596,2036083009,6640014188,True,123.99872651942576,primary,60.0,30.0,7.439923591165546,7.439923591165546,0.8,Nguyễn Hữu Cảnh,"[[106.708632, 10.785761], [106.708587, 10.785644], [106.708494, 10.785424], [106.708427, 10.785261], [106.708363, 10.785129], [106.708286, 10.785005], [106.708203, 10.784873], [106.708131, 10.784765]]"
1597,6640014188,6640014192,False,9.29970085808366,primary_link,50.0,25.0,0.6695784617820235,0.6695784617820235,0.8,,"[[106.708131, 10.784765], [106.708065, 10.784817]]"
1598,6640014188,4601580281,True,32.95357825750354,primary,60.0,30.0,1.977214695450212,1.977214695450212,0.8,Nguyễn Hữu Cảnh,"[[106.708131, 10.784765], [106.708021, 10.784631], [106.707943, 10.784533]]"
1599,2032267208,2527488815,False,11.350695632526069,secondary,53.97590361445784,32.3855421686747,0.7570508604908012,0.5047005736605342,0.6,Lê Lai,"[[106.694102, 10.770127], [106.694198, 10.770166]]"
1600,2032267208,411919062,True,166.32389299657635,secondary,53.97590361445784,32.3855421686747,11.093209648968084,7.3954730993120545,0.6,Lê Lai,"[[106.694102, 10.770127], [106.694028, 10.770097], [106.694003, 10.770086], [106.693841, 10.770023], [106.693462, 10.769871], [106.693245, 10.769783], [106.69288, 10.769638], [106.692742, 10.76958], [106.692693, 10.769561]]"
1601,2032267208,4609314796,True,118.54975757281753,primary,55.900735294117645,27.950367647058822,7.634588794166585,7.634588794166585,0.8,Nguyễn Thị Nghĩa,"[[106.694102, 10.770127], [106.694224, 10.769917], [106.694599, 10.769298], [106.69465, 10.769207]]"
1602,2527488815,2032267208,False,11.350695632526069,secondary,53.97590361445784,32.3855421686747,0.7570508604908012,0.5047005736605342,0.6,Lê Lai,"[[106.694198, 10.770166], [106.694102, 10.770127]]"
1603,2527488815,4610643513,True,116.9796624080034,primary,55.900735294117645,27.950367647058822,7.533474872076089,7.533474872076089,0.8,Nguyễn Thị Nghĩa,"[[106.694198, 10.770166], [106.694152, 10.770238], [106.694085, 10.770346], [106.693971, 10.770529], [106.693637, 10.771063]]"
1604,4610643513,4610625914,True,32.50561066386662,primary,55.900735294117645,27.950367647058822,2.0933570511054387,2.0933570511054387,0.8,Nguyễn Thị Nghĩa,"[[106.693637, 10.771063], [106.693563, 10.771154], [106.693448, 10.771288]]"
1605,4610643513,4666207257,True,26.068457317663885,primary_link,50.0,25.0,1.8769289268718,1.8769289268718,0.8,,"[[106.693637, 10.771063], [106.693657, 10.771125], [106.693672, 10.771162], [106.693691, 10.771184], [106.693705, 10.771201], [106.693731, 10.771229], [106.693763, 10.771255]]"
1606,5795068449,2032267286,False,7.095658102003598,primary_link,50.0,25.0,0.510887383344259,0.510887383344259,0.8,,"[[106.68749, 10.759181], [106.687538, 10.759138]]"
1607,6789210660,6789210662,True,32.07867627726808,primary,60.0,30.0,1.9247205766360849,1.9247205766360849,0.8,Trần Hưng Đạo,"[[106.687206, 10.758766], [106.687012, 10.758549]]"
1608,6789210660,6789210659,False,6.636766953257052,primary,55.900735294117645,27.950367647058822,0.4274069188181063,0.4274069188181063,0.8,,"[[106.687206, 10.758766], [106.687159, 10.758804]]"
1609,6789210662,6789210661,False,6.605877518778579,primary,55.900735294117645,27.950367647058822,0.4254176433007553,0.4254176433007553,0.8,,"[[106.687012, 10.758549], [106.686963, 10.758583]]"
1610,6789210662,6786731979,True,20.441879185052606,primary,60.0,30.0,1.2265127511031564,1.2265127511031564,0.8,Trần Hưng Đạo,"[[106.687012, 10.758549], [106.686962, 10.758494], [106.68693, 10.758457], [106.68689, 10.75841]]"
1611,6789210659,6789210660,False,6.636766953257052,primary,55.900735294117645,27.950367647058822,0.4274069188181063,0.4274069188181063,0.8,,"[[106.687159, 10.758804], [106.687206, 10.758766]]"
1612,5781158289,9404261899,False,8.434158122106696,primary_link,50.0,25.0,0.6072593847916821,0.6072593847916821,0.8,,"[[106.693036, 10.765146], [106.692975, 10.765193]]"
1613,5781158289,6788576898,True,86.46577630389979,primary,55.900735294117645,27.950367647058822,5.568384620636546,5.568384620636546,0.8,Trần Hưng Đạo,"[[106.693036, 10.765146], [106.693335, 10.765492], [106.693549, 10.765738]]"
1614,6788576898,5781158293,False,7.800021423732758,primary_link,50.0,25.0,0.5616015425087586,0.5616015425087586,0.8,,"[[106.693549, 10.765738], [106.6935, 10.76579]]"
1615,6788576898,9404261901,True,70.42783448873783,primary,55.900735294117645,27.950367647058822,4.535543277301683,4.535543277301683,0.8,Trần Hưng Đạo,"[[106.693549, 10.765738], [106.693789, 10.766015], [106.693967, 10.766221]]"
1616,2032267441,2032267326,True,187.4766848216308,primary,50.0,25.0,13.498321307157417,13.498321307157417,0.8,Cầu Ông Lãnh,"[[106.698018, 10.763807], [106.697836, 10.764007], [106.697723, 10.76415], [106.697632, 10.764291], [106.697501, 10.764519], [106.697392, 10.764724], [106.697292, 10.764911], [106.697183, 10.765116], [106.697156, 10.765168], [106.697132, 10.76524]]"
1617,14068911010,411926197,True,63.87070523247532,residential,48.81818181818182,36.61363636363637,4.710018486417175,1.570006162139057,0.3,Huỳnh Thúc Kháng,"[[106.701367, 10.772059], [106.701794, 10.772236], [106.701895, 10.772303]]"
1618,2034589359,411918867,True,94.07441071326518,primary,60.0,30.0,5.644464642795911,5.644464642795911,0.8,Hàm Nghi,"[[106.704232, 10.770983], [106.703675, 10.77101], [106.703372, 10.771029]]"
1619,2358070584,1769173870,True,121.18998529553946,primary,50.0,25.0,8.72567894127884,8.72567894127884,0.8,Võ Văn Kiệt,"[[106.703297, 10.768754], [106.703218, 10.768723], [106.703189, 10.768712], [106.703014, 10.768627], [106.702833, 10.768542], [106.702696, 10.768455], [106.702339, 10.768213]]"
1620,2358070584,2358070582,True,27.705362564584757,primary,50.0,25.0,1.994786104650102,1.994786104650102,0.8,,"[[106.703297, 10.768754], [106.703278, 10.768726], [106.703276, 10.768689], [106.703283, 10.76866], [106.703299, 10.768635], [106.703322, 10.768616], [106.703351, 10.768606], [106.703381, 10.768605], [106.70341, 10.768614]]"
1621,2036082840,2036083160,False,14.39295995049059,tertiary,52.66233766233766,34.23051948051948,0.9839034521025872,0.5297941665167778,0.5,Nguyễn Du,"[[106.703688, 10.78473], [106.703597, 10.784636]]"
1622,2036082840,6858588499,True,80.04460844594107,primary,55.900735294117645,27.950367647058822,5.154862255196679,5.154862255196679,0.8,Tôn Đức Thắng,"[[106.703688, 10.78473], [106.703318, 10.785086], [106.703256, 10.785146], [106.703163, 10.785233]]"
1623,2036083160,2036082840,False,14.39295995049059,tertiary,52.66233766233766,34.23051948051948,0.9839034521025872,0.5297941665167778,0.5,Nguyễn Du,"[[106.703597, 10.784636], [106.703688, 10.78473]]"
1624,2036083160,11510232021,True,37.399612087619104,primary,55.900735294117645,27.950367647058822,2.4085300990592984,2.4085300990592984,0.8,Tôn Đức Thắng,"[[106.703597, 10.784636], [106.70385, 10.78441]]"
1625,2036083160,4605462429,True,155.6818143770142,tertiary,60.0,39.0,9.340908862620852,5.029720156795843,0.5,Nguyễn Du,"[[106.703597, 10.784636], [106.703288, 10.784306], [106.7031, 10.784108], [106.703037, 10.784041], [106.702627, 10.783611]]"
1626,6858588499,10991234693,True,9.975789037075725,primary,55.900735294117645,27.950367647058822,0.6424395018154917,0.6424395018154917,0.8,,"[[106.703163, 10.785233], [106.703097, 10.785294]]"
1627,6858588499,10964388728,True,143.09229444986707,primary,55.900735294117645,27.950367647058822,9.215124940829323,9.215124940829323,0.8,Lê Duẩn,"[[106.703163, 10.785233], [106.703231, 10.785306], [106.703615, 10.785715], [106.703728, 10.785835], [106.704051, 10.786179]]"
1628,11510232021,11510232020,False,13.784926357135737,primary_link,50.0,25.0,0.992514697713773,0.992514697713773,0.8,,"[[106.70385, 10.78441], [106.703933, 10.784503]]"
1629,11510232021,8141066122,True,146.69394084659274,primary,55.900735294117645,27.950367647058822,9.44707049503345,9.44707049503345,0.8,Tôn Đức Thắng,"[[106.70385, 10.78441], [106.703952, 10.784317], [106.704175, 10.784109], [106.704497, 10.783809], [106.70482, 10.783497]]"
1630,10991234693,10978360610,True,14.989132751098412,primary,55.900735294117645,27.950367647058822,0.965298177564983,0.965298177564983,0.8,Lê Duẩn,"[[106.703097, 10.785294], [106.703001, 10.785198]]"
1631,10991234693,2974077439,True,35.02076783745206,primary,60.0,30.0,2.1012460702471234,2.1012460702471234,0.8,Đinh Tiên Hoàng,"[[106.703097, 10.785294], [106.703021, 10.785334], [106.702924, 10.785419], [106.702825, 10.785452]]"
1632,10964388728,10964388727,False,9.166160022255983,primary_link,50.0,25.0,0.6599635216024308,0.6599635216024308,0.8,,"[[106.704051, 10.786179], [106.70399, 10.786235]]"
1633,10964388728,11950422110,True,136.52238656873087,primary,55.900735294117645,27.950367647058822,8.792023737461445,8.792023737461445,0.8,Lê Duẩn,"[[106.704051, 10.786179], [106.704832, 10.787009], [106.704847, 10.787057], [106.704861, 10.787102]]"
1634,2036082874,8141066129,True,29.001254810860438,primary,60.0,30.0,1.740075288651626,1.740075288651626,0.8,Tôn Đức Thắng,"[[106.705125, 10.783503], [106.704887, 10.783618]]"
1635,2036082874,8366793315,False,108.0059329874697,residential,48.81818181818182,36.61363636363637,7.96468332645028,2.654894442150092,0.3,Hẻm 5 Nguyễn Trung Ngạn,"[[106.705125, 10.783503], [106.705212, 10.783593], [106.705805, 10.784207]]"
1636,8141066129,11510232020,True,143.3185801161336,primary,60.0,30.0,8.599114806968016,8.599114806968016,0.8,Tôn Đức Thắng,"[[106.704887, 10.783618], [106.703933, 10.784503]]"
1637,8366793315,2036082874,False,108.0059329874697,residential,48.81818181818182,36.61363636363637,7.96468332645028,2.654894442150092,0.3,Hẻm 5 Nguyễn Trung Ngạn,"[[106.705805, 10.784207], [106.705212, 10.783593], [106.705125, 10.783503]]"
1638,11510232020,11510232021,False,13.784926357135737,primary_link,50.0,25.0,0.992514697713773,0.992514697713773,0.8,,"[[106.703933, 10.784503], [106.70385, 10.78441]]"
1639,11510232020,2036082840,True,36.81978665543066,primary,55.900735294117645,27.950367647058822,2.3711894174940946,2.3711894174940946,0.8,Tôn Đức Thắng,"[[106.703933, 10.784503], [106.703688, 10.78473]]"
1640,6640014192,6640014188,False,9.29970085808366,primary_link,50.0,25.0,0.6695784617820235,0.6695784617820235,0.8,,"[[106.708065, 10.784817], [106.708131, 10.784765]]"
1641,8141066122,9591639720,True,531.2703839487256,secondary,60.0,36.0,31.87622303692353,21.250815357949023,0.6,Cầu Ba Son,"[[106.70482, 10.783497], [106.705011, 10.783384], [106.707478, 10.781102], [106.707632, 10.780971], [106.707785, 10.78085], [106.707941, 10.780737], [106.708132, 10.780615], [106.708318, 10.780508], [106.708505, 10.780405]]"
1642,8141066122,2036083164,True,28.004042152452847,primary,55.900735294117645,27.950367647058822,1.8034566310872628,1.8034566310872628,0.8,Tôn Đức Thắng,"[[106.70482, 10.783497], [106.704915, 10.783354], [106.704973, 10.783297]]"
1643,2036083533,5735511410,True,59.85997969899725,primary,60.0,30.0,3.591598781939835,3.591598781939835,0.8,Tôn Ðức Thắng,"[[106.706271, 10.771432], [106.706252, 10.771207], [106.70623, 10.770895]]"
1644,5247691973,411917880,True,154.00965684211815,tertiary,52.66233766233766,34.23051948051948,10.528107737764524,5.668981089565513,0.5,Nguyễn Huệ,"[[106.706082, 10.772069], [106.705053, 10.773015]]"
1645,5735511410,5735511409,True,10.52789481403911,primary,60.0,30.0,0.6316736888423465,0.6316736888423465,0.8,Tôn Ðức Thắng,"[[106.70623, 10.770895], [106.706223, 10.770801]]"
1646,5735511410,6747154748,True,199.17258844670133,primary,60.0,30.0,11.95035530680208,11.95035530680208,0.8,Hàm Nghi,"[[106.70623, 10.770895], [106.705982, 10.770908], [106.705481, 10.77093], [106.704787, 10.77096], [106.704559, 10.770969], [106.704409, 10.770975]]"
1647,2036083228,14068910985,True,89.8159917058272,secondary,60.0,36.0,5.388959502349632,3.592639668233089,0.6,Nguyễn Hữu Cảnh,"[[106.709046, 10.78691], [106.708961, 10.786703], [106.708748, 10.786153]]"
1648,14068910985,2036083009,True,45.30215814772085,secondary,60.0,36.0,2.718129488863251,1.8120863259088344,0.6,Nguyễn Hữu Cảnh,"[[106.708748, 10.786153], [106.708691, 10.786005], [106.708632, 10.785761]]"
1649,2037831399,411926037,True,19.142428898246365,tertiary,52.66233766233766,34.23051948051948,1.3085773836236478,0.7046185911819645,0.5,Lê Thánh Tôn,"[[106.705709, 10.781764], [106.705596, 10.781633]]"
1650,2037831399,14068910945,False,5.0365799245006615,living_street,53.16964479863687,45.19419807884134,0.3410157768943235,0.060179254746057,0.1,,"[[106.705709, 10.781764], [106.705674, 10.781793]]"
1651,9741725439,10263543699,True,135.7025390387272,primary,55.900735294117645,27.950367647058822,8.73922566436841,8.73922566436841,0.8,Tôn Đức Thắng,"[[106.706558, 10.781816], [106.707462, 10.780979]]"
1652,5735511409,5735511407,True,14.396534050981431,primary,55.900735294117645,27.950367647058822,0.927134899225322,0.927134899225322,0.8,Tôn Ðức Thắng,"[[106.706223, 10.770801], [106.706209, 10.770672]]"
1653,5735511409,9404297256,True,194.38210327318296,primary,60.0,30.0,11.662926196390975,11.662926196390975,0.8,Hàm Nghi,"[[106.706223, 10.770801], [106.705978, 10.770807], [106.704784, 10.770864], [106.704445, 10.77088]]"
1654,6747154748,9404297256,False,11.311749072083336,primary_link,50.0,25.0,0.8144459331900001,0.8144459331900001,0.8,,"[[106.704409, 10.770975], [106.704445, 10.77088]]"
1655,6747154748,2730493477,True,25.544590769800607,residential,48.81818181818182,36.61363636363637,1.8837351852590392,0.6279117284196796,0.3,Hồ Tùng Mậu,"[[106.704409, 10.770975], [106.704411, 10.771031], [106.704355, 10.771138], [106.704309, 10.771166]]"
1656,6747154748,2034589359,True,19.33569030209109,primary,60.0,30.0,1.1601414181254657,1.1601414181254657,0.8,Hàm Nghi,"[[106.704409, 10.770975], [106.704308, 10.770979], [106.704232, 10.770983]]"
1657,2037831398,2139904165,False,30.739138554031616,living_street,53.16964479863687,45.19419807884134,2.0812796326476657,0.3672846410554706,0.1,,"[[106.705286, 10.782117], [106.70548, 10.782318]]"
1658,2037831398,2139904164,False,35.91897251419114,living_street,53.16964479863687,45.19419807884134,2.4319948260102584,0.4291755575312219,0.1,,"[[106.705286, 10.782117], [106.705055, 10.781887]]"
1659,2037831398,14068910945,False,55.49467909177804,living_street,53.16964479863687,45.19419807884134,3.7574229710769633,0.6630746419547582,0.1,,"[[106.705286, 10.782117], [106.705674, 10.781793]]"
1660,2139904165,2037831398,False,30.739138554031616,living_street,53.16964479863687,45.19419807884134,2.0812796326476657,0.3672846410554706,0.1,,"[[106.70548, 10.782318], [106.705286, 10.782117]]"
1661,2139904164,2037831398,False,35.91897251419114,living_street,53.16964479863687,45.19419807884134,2.4319948260102584,0.4291755575312219,0.1,,"[[106.705055, 10.781887], [106.705286, 10.782117]]"
1662,14068910945,2037831398,False,55.49467909177804,living_street,53.16964479863687,45.19419807884134,3.7574229710769633,0.6630746419547582,0.1,,"[[106.705674, 10.781793], [106.705286, 10.782117]]"
1663,14068910945,2037831399,False,5.0365799245006615,living_street,53.16964479863687,45.19419807884134,0.3410157768943235,0.060179254746057,0.1,,"[[106.705674, 10.781793], [106.705709, 10.781764]]"
1664,9708695734,9608426541,False,13.63948876764917,secondary,50.0,30.0,0.98204319127074,0.65469546084716,0.6,Pasteur,"[[106.700938, 10.774485], [106.700986, 10.774372]]"
1665,9708695734,411919215,True,142.3908148124992,secondary,60.0,36.0,8.543448888749952,5.695632592499969,0.6,Pasteur,"[[106.700938, 10.774485], [106.70088, 10.77462], [106.700755, 10.774914], [106.700668, 10.77511], [106.700548, 10.775383], [106.700488, 10.775524], [106.700429, 10.775664]]"
1666,9708695734,9824009360,True,144.97571070097558,tertiary,52.66233766233766,34.23051948051948,9.91054673398531,5.336448241376704,0.5,Lê Lợi,"[[106.700938, 10.774485], [106.700793, 10.774335], [106.700585, 10.774121], [106.700098, 10.77359], [106.700037, 10.773527]]"
1667,6791194856,5772159000,True,192.61793092888087,primary,50.0,25.0,13.868491026879424,13.868491026879424,0.8,Võ Văn Kiệt,"[[106.697656, 10.763751], [106.697315, 10.7633], [106.697197, 10.76312], [106.696916, 10.762779], [106.696602, 10.762363]]"
1668,2230280813,2230280818,False,63.41325138476011,residential,48.81818181818182,36.61363636363637,4.676284459658287,1.558761486552762,0.3,,"[[106.694739, 10.786461], [106.694347, 10.786041]]"
1669,2230280818,2230280813,False,63.41325138476011,residential,48.81818181818182,36.61363636363637,4.676284459658287,1.558761486552762,0.3,,"[[106.694347, 10.786041], [106.694739, 10.786461]]"
1670,2230280818,13075589602,True,85.06451442556349,primary,55.900735294117645,27.950367647058822,5.478143539987621,5.478143539987621,0.8,Hai Bà Trưng,"[[106.694347, 10.786041], [106.69418, 10.786174], [106.693816, 10.786454], [106.693736, 10.786515]]"
1671,13075589602,10291112014,True,35.321788282676025,primary,55.900735294117645,27.950367647058822,2.274718519328929,2.274718519328929,0.8,Điện Biên Phủ,"[[106.693736, 10.786515], [106.69396, 10.786745]]"
1672,13075589602,13075589603,True,247.48861992433865,primary,55.900735294117645,27.950367647058822,15.938234569543727,15.938234569543727,0.8,Hai Bà Trưng,"[[106.693736, 10.786515], [106.693678, 10.786561], [106.692851, 10.787215], [106.692238, 10.787688], [106.692031, 10.78785], [106.691964, 10.787902]]"
1673,10291112014,411918853,True,122.64824730177808,primary,55.900735294117645,27.950367647058822,7.898530993614015,7.898530993614015,0.8,Điện Biên Phủ,"[[106.69396, 10.786745], [106.694738, 10.78754]]"
1674,10291112014,12185843069,False,80.6777449284569,residential,48.81818181818182,36.61363636363637,5.949420296400174,1.9831400988000567,0.3,Hẻm 187 Đường Điện Biên Phủ,"[[106.69396, 10.786745], [106.694215, 10.786525], [106.694497, 10.786803]]"
1675,4609836317,4609829831,True,16.07444930033031,primary,55.900735294117645,27.950367647058822,1.035192420577668,1.035192420577668,0.8,Nguyễn Văn Cừ,"[[106.685286, 10.756417], [106.685221, 10.756546]]"
1676,4609836317,12486051344,True,28.62285504156161,primary,60.0,30.0,1.7173713024936967,1.7173713024936967,0.8,Trần Hưng Đạo,"[[106.685286, 10.756417], [106.685395, 10.756568], [106.685438, 10.756618], [106.685442, 10.756623]]"
1677,4609829831,2289923632,True,241.82873795709315,primary,60.0,30.0,14.509724277425589,14.509724277425589,0.8,Nguyễn Văn Cừ,"[[106.685221, 10.756546], [106.685182, 10.756643], [106.685048, 10.756978], [106.684996, 10.757108], [106.684647, 10.757981], [106.684621, 10.758045], [106.684607, 10.758082], [106.684466, 10.758437], [106.684455, 10.758463], [106.684412, 10.758571]]"
1678,12486051344,9404261865,True,39.69844406992656,primary,60.0,30.0,2.381906644195593,2.381906644195593,0.8,Trần Hưng Đạo,"[[106.685442, 10.756623], [106.685468, 10.756653], [106.685683, 10.75689]]"
1679,9404261909,9404261910,False,7.84464232375406,primary_link,50.0,25.0,0.5648142473102923,0.5648142473102923,0.8,,"[[106.69505, 10.76758], [106.695108, 10.767538]]"
1680,9404261909,5762736901,True,56.30520808814006,primary,55.900735294117645,27.950367647058822,3.62604799473244,3.62604799473244,0.8,Trần Hưng Đạo,"[[106.69505, 10.76758], [106.695334, 10.767916], [106.695383, 10.767966]]"
1681,4612970105,411926369,True,114.25350110616206,primary,60.0,30.0,6.855210066369724,6.855210066369724,0.8,Nguyễn Thái Học,"[[106.69541, 10.767886], [106.69544, 10.767836], [106.695474, 10.767777], [106.695784, 10.767248], [106.695901, 10.767067], [106.69594, 10.767001]]"
1682,2332679548,366440881,True,54.84524353930639,primary,55.900735294117645,27.950367647058822,3.53202646982498,3.53202646982498,0.8,Đinh Tiên Hoàng,"[[106.695923, 10.793174], [106.695909, 10.792926], [106.695902, 10.79281], [106.695901, 10.792784], [106.695896, 10.792682]]"
1683,2358140872,1996745689,True,563.6474667529206,trunk,60.0,27.0,33.818848005175234,41.33414756188085,0.9,Võ Văn Kiệt,"[[106.688514, 10.755377], [106.688708, 10.755578], [106.688964, 10.755815], [106.689512, 10.75632], [106.690101, 10.756822], [106.691292, 10.757783], [106.691597, 10.758021], [106.692413, 10.758616], [106.692451, 10.758645]]"
1684,2380787716,1769173835,True,213.6892398880418,primary,50.0,25.0,15.38562527193901,15.38562527193901,0.8,Cầu Khánh Hội,"[[106.705674, 10.768976], [106.705699, 10.769074], [106.705724, 10.769157], [106.70576, 10.769246], [106.705811, 10.769345], [106.705868, 10.769449], [106.705968, 10.769625], [106.706035, 10.769755], [106.706102, 10.769903], [106.706152, 10.770033], [106.706191, 10.770159], [106.706223, 10.770276], [106.706251, 10.770403], [106.706277, 10.770557], [106.70631, 10.770731], [106.706318, 10.770776]]"
1685,4610625914,5500064107,True,3.826693302185901,primary,55.900735294117645,27.950367647058822,0.24643854531407,0.24643854531407,0.8,Ngã sáu Phù Đổng,"[[106.693448, 10.771288], [106.693455, 10.771322]]"
1686,4666207257,5444117925,True,189.26222392799585,primary,55.900735294117645,27.950367647058822,12.18846232622779,12.18846232622779,0.8,Phạm Hồng Thái,"[[106.693763, 10.771255], [106.693884, 10.771252], [106.694885, 10.771201], [106.6952, 10.771185], [106.695212, 10.771185], [106.695493, 10.77117]]"
1687,6794100007,1996654360,True,10.142266989650144,trunk,60.0,27.0,0.6085360193790086,0.7437662459076773,0.9,Võ Văn Kiệt,"[[106.698103, 10.76404], [106.698028, 10.763986]]"
1688,6794100007,6794099997,True,21.5660381179638,trunk_link,52.5,23.625,1.4788140423746607,1.807439385124585,0.9,,"[[106.698103, 10.76404], [106.698101, 10.764025], [106.698102, 10.764009], [106.698105, 10.763994], [106.69811, 10.76398], [106.698117, 10.763967], [106.698126, 10.763954], [106.698138, 10.763944], [106.69815, 10.763935], [106.69817, 10.763925], [106.698192, 10.76392], [106.69822, 10.763919]]"
1689,10942561831,5444117929,True,146.95146462404557,primary,55.900735294117645,27.950367647058822,9.463654992427848,9.463654992427848,0.8,Lê Lai,"[[106.697875, 10.771686], [106.697807, 10.771683], [106.697757, 10.771673], [106.697706, 10.771661], [106.696765, 10.771259], [106.696647, 10.771172]]"
1690,10942561831,14068910957,True,51.0855367240405,residential,48.81818181818182,36.61363636363637,3.7672015908230985,1.255733863607699,0.3,Phan Chu Trinh,"[[106.697875, 10.771686], [106.697816, 10.771772], [106.697627, 10.772077]]"
1691,14068911038,1985346078,True,96.01145675992164,residential,48.81818181818182,36.61363636363637,7.0801744649774605,2.360058154992487,0.3,Công trường Lam Sơn,"[[106.703204, 10.777024], [106.703112, 10.777053], [106.703034, 10.777057], [106.70274, 10.776736], [106.702565, 10.77654]]"
1692,10828987445,411926378,True,8.835206554687351,residential,48.81818181818182,36.61363636363637,0.6515347850383969,0.2171782616794655,0.3,Công trường Lam Sơn,"[[106.704064, 10.777336], [106.704119, 10.777393]]"
1693,10828987445,10828987444,True,36.01567103075933,residential,48.81818181818182,36.61363636363637,2.6559042324358835,0.8853014108119606,0.3,,"[[106.704064, 10.777336], [106.703824, 10.777558]]"
1694,5780758065,2935020197,False,9.2189655204479,primary_link,50.0,25.0,0.6637655174722487,0.6637655174722487,0.8,,"[[106.682571, 10.76355], [106.682491, 10.763523]]"
1695,5780783992,5780758075,False,10.164447662338947,primary_link,50.0,25.0,0.7318402316884043,0.7318402316884043,0.8,,"[[106.68221, 10.764228], [106.682298, 10.764258]]"
1696,5780783992,634134026,True,116.75183116521664,primary,60.0,30.0,7.005109869912998,7.005109869912998,0.8,Nguyễn Văn Cừ,"[[106.68221, 10.764228], [106.681986, 10.764753], [106.681861, 10.76507], [106.681829, 10.765207]]"
1697,5780758075,5780783992,False,10.164447662338947,primary_link,50.0,25.0,0.7318402316884043,0.7318402316884043,0.8,,"[[106.682298, 10.764258], [106.68221, 10.764228]]"
1698,2974077439,13514030147,True,132.32929692336063,primary,50.0,25.0,9.527709378481966,9.527709378481966,0.8,Đinh Tiên Hoàng,"[[106.702825, 10.785452], [106.702781, 10.785492], [106.702472, 10.785784], [106.702423, 10.78583], [106.702354, 10.785895], [106.702072, 10.786158], [106.70201, 10.786213], [106.701946, 10.786271]]"
1699,2974077439,10978360610,True,34.957695706730235,primary,55.900735294117645,27.950367647058822,2.251271005329184,2.251271005329184,0.8,Đinh Tiên Hoàng,"[[106.702825, 10.785452], [106.702856, 10.785378], [106.702952, 10.785293], [106.703001, 10.785198]]"
1700,10978360610,10978360609,True,10.434727073052908,primary,55.900735294117645,27.950367647058822,0.6719950509656961,0.6719950509656961,0.8,,"[[106.703001, 10.785198], [106.703069, 10.785131]]"
1701,10978360610,10978360611,True,299.56415936696345,secondary,50.0,30.0,21.568619474421368,14.37907964961424,0.6,Lê Duẩn,"[[106.703001, 10.785198], [106.70293, 10.785125], [106.701209, 10.783272], [106.70115, 10.78321]]"
1702,3338020159,1996655118,True,134.9017902350907,primary,50.0,25.0,9.71292889692653,9.71292889692653,0.8,Võ Văn Kiệt,"[[106.690732, 10.757625], [106.689773, 10.756861]]"
1703,3338020159,5811285061,False,12.888969474778724,residential,50.0,37.5,0.928005802184068,0.3093352673946895,0.3,Hẻm 518 Đường Võ Văn Kiệt,"[[106.690732, 10.757625], [106.690642, 10.757701]]"
1704,3506700347,2527488815,True,27.62414740002975,primary,55.900735294117645,27.950367647058822,1.7789914590009297,1.7789914590009297,0.8,Nguyễn Thị Nghĩa,"[[106.69433, 10.769955], [106.694269, 10.770053], [106.694198, 10.770166]]"
1705,3506700347,6789385215,True,37.06622183991965,secondary_link,50.0,30.0,2.668767972474215,1.779178648316143,0.6,,"[[106.69433, 10.769955], [106.694322, 10.77007], [106.694337, 10.770108], [106.694364, 10.770148], [106.694428, 10.770261]]"
1706,6789385215,2527488815,True,27.21031745361037,secondary,53.97590361445784,32.3855421686747,1.8148309944506205,1.209887329633747,0.6,Lê Lai,"[[106.694428, 10.770261], [106.694322, 10.770217], [106.694198, 10.770166]]"
1707,5781158293,6788576898,False,7.800021423732758,primary_link,50.0,25.0,0.5616015425087586,0.5616015425087586,0.8,,"[[106.6935, 10.76579], [106.693549, 10.765738]]"
1708,5781158293,4597084182,False,11.451063473935044,primary_link,50.0,25.0,0.8244765701233232,0.8244765701233232,0.8,,"[[106.6935, 10.76579], [106.693429, 10.765865]]"
1709,5781158293,9404261900,True,69.52074627055936,primary,60.0,30.0,4.171244776233561,4.171244776233561,0.8,Trần Hưng Đạo,"[[106.6935, 10.76579], [106.693736, 10.766058], [106.693916, 10.766263]]"
1710,4591922983,5780886570,False,7.343777597993473,primary_link,50.0,25.0,0.5287519870555301,0.5287519870555301,0.8,,"[[106.692863, 10.765218], [106.692811, 10.76526]]"
1711,4591922983,411926503,True,55.8791175920075,primary,60.0,30.0,3.35274705552045,3.35274705552045,0.8,Trần Hưng Đạo,"[[106.692863, 10.765218], [106.692678, 10.765006], [106.692658, 10.764984], [106.692529, 10.764836]]"
1712,5780886570,4591922983,False,7.343777597993473,primary_link,50.0,25.0,0.5287519870555301,0.5287519870555301,0.8,,"[[106.692811, 10.76526], [106.692863, 10.765218]]"
1713,4597084182,6789341874,True,22.53087299039595,primary,60.0,30.0,1.351852379423757,1.351852379423757,0.8,Trần Hưng Đạo,"[[106.693429, 10.765865], [106.693294, 10.765711]]"
1714,4597084182,5781158293,False,11.451063473935044,primary_link,50.0,25.0,0.8244765701233232,0.8244765701233232,0.8,,"[[106.693429, 10.765865], [106.6935, 10.76579]]"
1715,4597084182,4650010744,False,6.739060085949141,primary_link,50.0,25.0,0.4852123261883381,0.4852123261883381,0.8,,"[[106.693429, 10.765865], [106.693387, 10.765909]]"
1716,6789341874,6789341876,True,23.40710214102475,primary,60.0,30.0,1.404426128461485,1.404426128461485,0.8,Trần Hưng Đạo,"[[106.693294, 10.765711], [106.693155, 10.765552]]"
1717,6789341874,5762780550,False,6.744765038308994,primary_link,50.0,25.0,0.4856230827582475,0.4856230827582475,0.8,,"[[106.693294, 10.765711], [106.693244, 10.765746]]"
1718,4650010744,4597084182,False,6.739060085949141,primary_link,50.0,25.0,0.4852123261883381,0.4852123261883381,0.8,,"[[106.693387, 10.765909], [106.693429, 10.765865]]"
1719,6789341876,6789323620,True,23.39155477318585,primary,60.0,30.0,1.403493286391151,1.403493286391151,0.8,Trần Hưng Đạo,"[[106.693155, 10.765552], [106.693015, 10.765392]]"
1720,6789341876,6789341875,False,6.776543120611189,primary_link,50.0,25.0,0.4879111046840055,0.4879111046840055,0.8,,"[[106.693155, 10.765552], [106.693106, 10.765589]]"
1721,5762780550,6789341874,False,6.744765038308994,primary_link,50.0,25.0,0.4856230827582475,0.4856230827582475,0.8,,"[[106.693244, 10.765746], [106.693294, 10.765711]]"
1722,9404261900,6790929758,True,30.11677296248871,primary,60.0,30.0,1.8070063777493224,1.8070063777493224,0.8,Trần Hưng Đạo,"[[106.693916, 10.766263], [106.694097, 10.766468]]"
1723,9404261900,9404261901,False,7.204044526129839,primary_link,50.0,25.0,0.5186912058813484,0.5186912058813484,0.8,,"[[106.693916, 10.766263], [106.693967, 10.766221]]"
1724,4603243122,4614008665,False,128.6810755301668,tertiary,50.0,32.5,9.265037438172008,4.988866312861854,0.5,Cống Quỳnh,"[[106.690147, 10.765273], [106.690202, 10.7652], [106.69054, 10.76475], [106.690593, 10.764676], [106.690662, 10.764543], [106.690693, 10.764474], [106.69072, 10.764284]]"
1725,4603243122,6790542419,False,233.9535923692683,tertiary,50.0,32.5,16.844658650587316,9.070200811854717,0.5,Cống Quỳnh,"[[106.690147, 10.765273], [106.690117, 10.765313], [106.689942, 10.76557], [106.689706, 10.76589], [106.689618, 10.766013], [106.68952, 10.766144], [106.689493, 10.766164], [106.689373, 10.766224], [106.689188, 10.766305], [106.689032, 10.766374], [106.688967, 10.766402], [106.688933, 10.766417], [106.688593, 10.766572], [106.688579, 10.766578], [106.688566, 10.766585]]"
1726,11298108233,11298108231,True,24.07583237677423,primary_link,50.0,25.0,1.7334599311277443,1.7334599311277443,0.8,Nguyễn Hữu Cảnh,"[[106.706847, 10.783267], [106.706656, 10.78316]]"
1727,11298108233,6639705119,True,109.82446139871078,primary,60.0,30.0,6.589467683922647,6.589467683922647,0.8,Nguyễn Hữu Cảnh,"[[106.706847, 10.783267], [106.706704, 10.7831], [106.706197, 10.782513]]"
1728,11298108231,9646671008,True,92.1964694670233,primary_link,50.0,25.0,6.638145801625678,6.638145801625678,0.8,Nguyễn Hữu Cảnh,"[[106.706656, 10.78316], [106.706238, 10.782679], [106.7062, 10.782648], [106.70615, 10.782625], [106.706102, 10.782625], [106.706057, 10.78264]]"
1729,11298108249,5740395228,True,131.46469308169154,primary,60.0,30.0,7.887881584901492,7.887881584901492,0.8,Nguyễn Hữu Cảnh,"[[106.708198, 10.784617], [106.708406, 10.784863], [106.708499, 10.785], [106.708591, 10.785153], [106.708665, 10.785305], [106.708784, 10.785561], [106.708812, 10.785626]]"
1730,9577643870,11298108249,True,37.85581891088359,residential,48.81818181818182,36.61363636363637,2.7916022884003544,0.9305340961334508,0.3,,"[[106.708213, 10.784277], [106.708205, 10.784462], [106.708198, 10.784617]]"
1731,9577643870,5740324106,False,25.821941501739303,residential,48.81818181818182,36.61363636363637,1.9041878649327308,0.6347292883109097,0.3,Riverview 9,"[[106.708213, 10.784277], [106.708082, 10.784401], [106.708045, 10.78444]]"
1732,9577643870,6509071748,False,54.97497922865499,residential,48.81818181818182,36.61363636363637,4.054020814627072,1.351340271542356,0.3,Riverview 9,"[[106.708213, 10.784277], [106.708404, 10.784104], [106.708583, 10.783941]]"
1733,4610625918,4610625919,True,10.543506774830824,primary,55.900735294117645,27.950367647058822,0.679000449451782,0.679000449451782,0.8,Ngã sáu Phù Đổng,"[[106.693104, 10.77146], [106.693069, 10.771428], [106.693067, 10.771425], [106.693048, 10.771385]]"
1734,4610625919,411924866,True,165.0115093937416,tertiary,52.66233766233766,34.23051948051948,11.280194920824949,6.073951111213434,0.5,Lê Thị Riêng,"[[106.693048, 10.771385], [106.692916, 10.771386], [106.692843, 10.771387], [106.692199, 10.771401], [106.691954, 10.77139], [106.691745, 10.771376], [106.69154, 10.77135]]"
1735,4610625919,4666207251,True,20.159051592662653,primary,55.900735294117645,27.950367647058822,1.2982402709329346,1.2982402709329346,0.8,Ngã sáu Phù Đổng,"[[106.693048, 10.771385], [106.693046, 10.771346], [106.69306, 10.771303], [106.693088, 10.771264], [106.693127, 10.771233]]"
1736,4614008665,4614008658,True,20.63668498691836,tertiary,52.66233766233766,34.23051948051948,1.4107248035447026,0.7596210480625321,0.5,,"[[106.69072, 10.764284], [106.690694, 10.764279], [106.690671, 10.764267], [106.690653, 10.764247], [106.690643, 10.764223], [106.690641, 10.764202], [106.690644, 10.764182], [106.690653, 10.764164], [106.690666, 10.764149]]"
1737,4614008665,4603243122,False,128.68107553016682,tertiary,50.0,32.5,9.26503743817201,4.988866312861855,0.5,Cống Quỳnh,"[[106.69072, 10.764284], [106.690693, 10.764474], [106.690662, 10.764543], [106.690593, 10.764676], [106.69054, 10.76475], [106.690202, 10.7652], [106.690147, 10.765273]]"
1738,6790542419,5464084931,False,24.370465059590924,tertiary,50.0,32.5,1.7546734842905465,0.944824183848756,0.5,Cống Quỳnh,"[[106.688566, 10.766585], [106.688363, 10.766677]]"
1739,6790542419,4603243122,False,233.95359236926836,tertiary,50.0,32.5,16.84465865058732,9.070200811854717,0.5,Cống Quỳnh,"[[106.688566, 10.766585], [106.688579, 10.766578], [106.688593, 10.766572], [106.688933, 10.766417], [106.688967, 10.766402], [106.689032, 10.766374], [106.689188, 10.766305], [106.689373, 10.766224], [106.689493, 10.766164], [106.68952, 10.766144], [106.689618, 10.766013], [106.689706, 10.76589], [106.689942, 10.76557], [106.690117, 10.765313], [106.690147, 10.765273]]"
1740,6790542419,5762711582,True,34.210190913962975,secondary_link,50.0,30.0,2.463133745805334,1.6420891638702226,0.6,,"[[106.688566, 10.766585], [106.688556, 10.766652], [106.688552, 10.766693], [106.688557, 10.766734], [106.688568, 10.766776], [106.688587, 10.766824], [106.688631, 10.766868]]"
1741,5464084931,6790542419,False,24.370465059590924,tertiary,50.0,32.5,1.7546734842905465,0.944824183848756,0.5,Cống Quỳnh,"[[106.688363, 10.766677], [106.688566, 10.766585]]"
1742,5464084931,4608877607,True,9.166073240757724,secondary,53.97590361445784,32.3855421686747,0.6113443491826803,0.4075628994551202,0.6,Ngã năm Cống Quỳnh,"[[106.688363, 10.766677], [106.688368, 10.766689], [106.68837, 10.766701], [106.688371, 10.766713], [106.68837, 10.766726], [106.688359, 10.766756]]"
1743,5762711582,4603761225,True,215.7614252414371,secondary,53.97590361445784,32.3855421686747,14.390516487085137,9.593677658056755,0.6,Phạm Ngũ Lão,"[[106.688631, 10.766868], [106.688662, 10.766883], [106.689158, 10.767062], [106.689296, 10.767111], [106.689691, 10.767254], [106.689844, 10.76731], [106.690405, 10.767516], [106.690483, 10.767544]]"
1744,5762711582,4608877607,False,32.237196003859715,secondary,53.97590361445784,32.3855421686747,2.150105840614572,1.4334038937430482,0.6,Phạm Ngũ Lão,"[[106.688631, 10.766868], [106.6884, 10.766773], [106.688359, 10.766756]]"
1745,5762711582,11801821658,True,37.8922236273403,secondary_link,50.0,30.0,2.7282401011685016,1.818826734112334,0.6,,"[[106.688631, 10.766868], [106.688538, 10.766913], [106.688486, 10.766943], [106.688432, 10.767], [106.688385, 10.76709]]"
1746,9404261884,9404261885,False,8.801239511167832,primary_link,50.0,25.0,0.633689244804084,0.633689244804084,0.8,,"[[106.691181, 10.763141], [106.691242, 10.76309]]"
1747,9404261884,9404261886,True,45.68015548868619,primary,60.0,30.0,2.7408093293211717,2.7408093293211717,0.8,Trần Hưng Đạo,"[[106.691181, 10.763141], [106.691454, 10.763452]]"
1748,9404261887,9404261886,False,8.67385780632257,primary_link,50.0,25.0,0.624517762055225,0.624517762055225,0.8,,"[[106.691515, 10.763402], [106.691454, 10.763452]]"
1749,9404261887,9404261889,True,38.75544246728756,primary,50.0,25.0,2.790391857644704,2.790391857644704,0.8,Trần Hưng Đạo,"[[106.691515, 10.763402], [106.691687, 10.763599], [106.691716, 10.763633], [106.691746, 10.763667]]"
1750,6789319270,6789319269,False,7.948078736231685,primary_link,50.0,25.0,0.5722616690086814,0.5722616690086814,0.8,,"[[106.690579, 10.762604], [106.690522, 10.762649]]"
1751,6789319270,6789319272,True,68.98322277830363,primary,60.0,30.0,4.138993366698218,4.138993366698218,0.8,Trần Hưng Đạo,"[[106.690579, 10.762604], [106.690307, 10.762297], [106.690166, 10.762135]]"
1752,9404261886,9404261887,False,8.67385780632257,primary_link,50.0,25.0,0.624517762055225,0.624517762055225,0.8,,"[[106.691454, 10.763452], [106.691515, 10.763402]]"
1753,9404261886,6788469897,True,38.90174203033723,primary,60.0,30.0,2.3341045218202336,2.3341045218202336,0.8,Trần Hưng Đạo,"[[106.691454, 10.763452], [106.691624, 10.763647], [106.691685, 10.763718]]"
1754,6789319271,6789319272,False,7.463659496402801,primary_link,50.0,25.0,0.5373834837410016,0.5373834837410016,0.8,,"[[106.690113, 10.762178], [106.690166, 10.762135]]"
1755,6789319271,411918668,True,75.72949430321991,primary,50.0,25.0,5.452523589831833,5.452523589831833,0.8,Trần Hưng Đạo,"[[106.690113, 10.762178], [106.689773, 10.761789], [106.689735, 10.761746], [106.68966, 10.761662]]"
1756,4603761225,4615529268,True,68.95444002572131,tertiary,52.66233766233766,34.23051948051948,4.713728921117126,2.5381617267553755,0.5,Ðỗ Quang Ðẩu,"[[106.690483, 10.767544], [106.69055, 10.767441], [106.690559, 10.767427], [106.690833, 10.767028]]"
1757,4603761225,4615523688,True,94.5363634399379,secondary,53.97590361445784,32.3855421686747,6.30523781157443,4.203491874382952,0.6,Phạm Ngũ Lão,"[[106.690483, 10.767544], [106.69058, 10.76758], [106.690631, 10.767601], [106.691221, 10.76784], [106.691284, 10.767865]]"
1758,4603761225,4608867550,False,117.21807477935748,tertiary,52.66233766233766,34.23051948051948,8.013033373326236,4.314710277944897,0.5,Ðỗ Quang Ðẩu,"[[106.690483, 10.767544], [106.690443, 10.767605], [106.690404, 10.767665], [106.69035, 10.767754], [106.689977, 10.768356], [106.689923, 10.768443]]"
1759,4615529268,13741907925,True,11.714041716243798,tertiary,52.66233766233766,34.23051948051948,0.8007724694803405,0.4311851758740294,0.5,Ðỗ Quang Ðẩu,"[[106.690833, 10.767028], [106.690894, 10.766942]]"
1760,4615529268,4615523688,False,118.8362021935922,residential,48.81818181818182,36.61363636363637,8.763340050030262,2.9211133500100868,0.3,Hẻm 283 Phạm Ngũ Lão,"[[106.690833, 10.767028], [106.691386, 10.767619], [106.691382, 10.767629], [106.691315, 10.767794], [106.691284, 10.767865]]"
1761,4615523688,4615529268,False,118.8362021935922,residential,48.81818181818182,36.61363636363637,8.763340050030264,2.9211133500100868,0.3,Hẻm 283 Phạm Ngũ Lão,"[[106.691284, 10.767865], [106.691315, 10.767794], [106.691382, 10.767629], [106.691386, 10.767619], [106.690833, 10.767028]]"
1762,4615523688,14068911000,True,22.207508564088297,secondary,53.97590361445784,32.3855421686747,1.4811615086941037,0.987441005796069,0.6,Phạm Ngũ Lão,"[[106.691284, 10.767865], [106.691472, 10.767941]]"
1763,13741907925,4617355735,True,91.788472688465,tertiary,52.66233766233766,34.23051948051948,6.274664520158445,3.378665510854547,0.5,Ðỗ Quang Ðẩu,"[[106.690894, 10.766942], [106.690938, 10.766877], [106.691001, 10.766786], [106.691029, 10.766744], [106.691195, 10.766466], [106.691313, 10.766283], [106.69134, 10.766243]]"
1764,13741907925,13741907926,False,20.397804081557204,residential,48.81818181818182,36.61363636363637,1.5041956082489112,0.5013985360829702,0.3,,"[[106.690894, 10.766942], [106.690787, 10.766856], [106.69075, 10.766825]]"
1765,14068911000,411926483,True,214.2346688664073,secondary,53.97590361445784,32.3855421686747,14.288687289571987,9.525791526381324,0.6,Phạm Ngũ Lão,"[[106.691472, 10.767941], [106.691593, 10.767989], [106.691645, 10.768009], [106.691697, 10.768031], [106.691938, 10.768127], [106.692147, 10.768211], [106.692354, 10.768294], [106.692383, 10.768305], [106.692744, 10.768451], [106.693203, 10.768634], [106.693288, 10.768668]]"
1766,11954110644,411922074,True,56.53054359732743,secondary,53.97590361445784,32.3855421686747,3.770385363143178,2.513590242095452,0.6,Lê Lai,"[[106.689424, 10.768229], [106.689217, 10.768145], [106.688946, 10.768035]]"
1767,11954110644,6733010988,True,26.66276049676875,secondary_link,50.0,30.0,1.91971875576735,1.2798125038448998,0.6,,"[[106.689424, 10.768229], [106.689358, 10.768236], [106.689333, 10.768252], [106.689316, 10.768278], [106.689309, 10.768328], [106.689329, 10.768389]]"
1768,12584655707,12584655705,True,9.976674914109262,secondary,53.97590361445784,32.3855421686747,0.6654085857892517,0.4436057238595011,0.6,Cống Quỳnh,"[[106.686325, 10.767599], [106.686243, 10.767638]]"
1769,12584655707,411921260,True,59.29563084309095,tertiary,52.66233766233766,34.23051948051948,4.05345224900242,2.182628134078225,0.5,Bùi Thị Xuân,"[[106.686325, 10.767599], [106.686358, 10.767651], [106.68663, 10.767945], [106.686642, 10.768019]]"
1770,4603817783,9404261865,False,7.684912900177308,primary_link,50.0,25.0,0.5533137288127662,0.5533137288127662,0.8,,"[[106.685739, 10.756849], [106.685683, 10.75689]]"
1771,9404261865,4603817783,False,7.684912900177308,primary_link,50.0,25.0,0.5533137288127662,0.5533137288127662,0.8,,"[[106.685683, 10.75689], [106.685739, 10.756849]]"
1772,9404261865,6760648979,True,85.03890038303152,primary,60.0,30.0,5.102334022981891,5.102334022981891,0.8,Trần Hưng Đạo,"[[106.685683, 10.75689], [106.685819, 10.75704], [106.685965, 10.757207], [106.686194, 10.757467]]"
1773,6760648979,4603817787,False,7.766142620074986,primary_link,50.0,25.0,0.559162268645399,0.559162268645399,0.8,,"[[106.686194, 10.757467], [106.68625, 10.757425]]"
1774,6760648979,6789210667,True,18.49030024638861,primary,60.0,30.0,1.1094180147833166,1.1094180147833166,0.8,Trần Hưng Đạo,"[[106.686194, 10.757467], [106.686305, 10.757594]]"
1775,4603817787,6760648979,False,7.766142620074986,primary_link,50.0,25.0,0.559162268645399,0.559162268645399,0.8,,"[[106.68625, 10.757425], [106.686194, 10.757467]]"
1776,4603826290,6760648978,False,7.19348297184429,primary_link,50.0,25.0,0.5179307739727889,0.5179307739727889,0.8,,"[[106.68658, 10.757804], [106.686529, 10.757846]]"
1777,6760648978,4603826290,False,7.19348297184429,primary_link,50.0,25.0,0.5179307739727889,0.5179307739727889,0.8,,"[[106.686529, 10.757846], [106.68658, 10.757804]]"
1778,6760648978,9404261868,True,36.85059867653491,primary,60.0,30.0,2.2110359205920944,2.2110359205920944,0.8,Trần Hưng Đạo,"[[106.686529, 10.757846], [106.68664, 10.757971], [106.686747, 10.758099]]"
1779,9404261868,9404261869,False,7.640666055059722,primary_link,50.0,25.0,0.5501279559643,0.5501279559643,0.8,,"[[106.686747, 10.758099], [106.686803, 10.758057]]"
1780,9404261868,6760714940,True,36.9326168368691,primary,60.0,30.0,2.2159570102121458,2.2159570102121458,0.8,Trần Hưng Đạo,"[[106.686747, 10.758099], [106.686898, 10.758276], [106.686966, 10.758352]]"
1781,4603826296,6760714940,False,8.049612677392988,primary_link,50.0,25.0,0.5795721127722951,0.5795721127722951,0.8,,"[[106.687024, 10.758308], [106.686966, 10.758352]]"
1782,6760714940,6786731979,False,10.48023070136998,primary_link,50.0,25.0,0.7545766104986386,0.7545766104986386,0.8,,"[[106.686966, 10.758352], [106.68689, 10.75841]]"
1783,6760714940,4603826296,False,8.049612677392988,primary_link,50.0,25.0,0.5795721127722951,0.5795721127722951,0.8,,"[[106.686966, 10.758352], [106.687024, 10.758308]]"
1784,6760714940,6786731981,True,20.7809112937608,primary,60.0,30.0,1.2468546776256475,1.2468546776256475,0.8,Trần Hưng Đạo,"[[106.686966, 10.758352], [106.687038, 10.758433], [106.68709, 10.758494]]"
1785,6786731979,5806268214,False,6.699384424351428,primary_link,50.0,25.0,0.4823556785533028,0.4823556785533028,0.8,,"[[106.68689, 10.75841], [106.686842, 10.758447]]"
1786,6786731979,6760714940,False,10.48023070136998,primary_link,50.0,25.0,0.7545766104986386,0.7545766104986386,0.8,,"[[106.68689, 10.75841], [106.686966, 10.758352]]"
1787,6786731979,9404261870,True,53.93644686415844,primary,60.0,30.0,3.2361868118495063,3.2361868118495063,0.8,Trần Hưng Đạo,"[[106.68689, 10.75841], [106.686824, 10.758332], [106.686681, 10.758168], [106.68657, 10.758041]]"
1788,6786731981,6790784937,True,43.01291795265361,primary,60.0,30.0,2.5807750771592164,2.5807750771592164,0.8,Trần Hưng Đạo,"[[106.68709, 10.758494], [106.687349, 10.758785]]"
1789,6786731981,5811285123,False,8.21096402541242,primary,55.900735294117645,27.950367647058822,0.5287850032018311,0.5287850032018311,0.8,,"[[106.68709, 10.758494], [106.687149, 10.758449]]"
1790,9404261880,9404261879,False,9.699481236400684,primary_link,50.0,25.0,0.6983626490208492,0.6983626490208492,0.8,,"[[106.690421, 10.762154], [106.69035, 10.762207]]"
1791,9404261880,9404261881,True,50.5314364939917,primary,50.0,25.0,3.638263427567402,3.638263427567402,0.8,Trần Hưng Đạo,"[[106.690421, 10.762154], [106.690455, 10.762192], [106.690594, 10.762352], [106.690722, 10.762499]]"
1792,6786738905,6786738904,True,34.15969223602589,primary_link,50.0,25.0,2.459497840993864,2.459497840993864,0.8,,"[[106.689269, 10.773391], [106.689571, 10.773471]]"
1793,6786738905,4612970101,True,25.14559900918012,primary,55.900735294117645,27.950367647058822,1.6193732686477589,1.6193732686477589,0.8,Nguyễn Thị Minh Khai,"[[106.689269, 10.773391], [106.689361, 10.773475], [106.689444, 10.773538]]"
1794,11801821653,12503977172,False,330.7492920838883,residential,48.81818181818182,36.61363636363637,24.3904505894264,8.130150196475462,0.3,Sương Nguyệt Anh,"[[106.687924, 10.770639], [106.689928, 10.772869]]"
1795,11801821653,11801821651,False,102.99716874608497,tertiary,52.66233766233766,34.23051948051948,7.040891535490691,3.791249288341141,0.5,Tôn Thất Tùng,"[[106.687924, 10.770639], [106.688082, 10.770487], [106.688162, 10.77041], [106.688243, 10.770329], [106.688398, 10.770182], [106.688598, 10.769992]]"
1796,11801821653,4604903936,False,101.11173812483956,tertiary,52.66233766233766,34.23051948051948,6.912003405229476,3.721847987431256,0.5,Tôn Thất Tùng,"[[106.687924, 10.770639], [106.687312, 10.771166], [106.687229, 10.77124]]"
1797,6786738904,4609310620,True,75.33237713001172,primary,55.900735294117645,27.950367647058822,4.851395178277375,4.851395178277375,0.8,Cách Mạng Tháng Tám,"[[106.689571, 10.773471], [106.690179, 10.773152]]"
1798,4612970101,6786738904,True,15.725746764932545,primary,55.900735294117645,27.950367647058822,1.0127360231648763,1.0127360231648763,0.8,Cách Mạng Tháng Tám,"[[106.689444, 10.773538], [106.689571, 10.773471]]"
1799,4612970101,411918706,True,12.425831431749398,primary,55.900735294117645,27.950367647058822,0.8002219097644862,0.8002219097644862,0.8,Nguyễn Thị Minh Khai,"[[106.689444, 10.773538], [106.689468, 10.773564], [106.689521, 10.77362]]"
1800,12503977172,11801821653,False,330.7492920838883,residential,48.81818181818182,36.61363636363637,24.3904505894264,8.130150196475462,0.3,Sương Nguyệt Anh,"[[106.689928, 10.772869], [106.687924, 10.770639]]"
1801,12503977172,12503977173,False,35.01570887866985,residential,48.81818181818182,36.61363636363637,2.5821640066952067,0.8607213355650685,0.3,,"[[106.689928, 10.772869], [106.689679, 10.773068]]"
1802,12503977172,4609310620,False,41.73584750932825,residential,48.81818181818182,36.61363636363637,3.077727302363871,1.0259091007879562,0.3,Sương Nguyệt Anh,"[[106.689928, 10.772869], [106.690147, 10.773119], [106.690179, 10.773152]]"
1803,9864826747,5763168822,True,5.146533746643959,primary,55.900735294117645,27.950367647058822,0.3314360963310598,0.3314360963310598,0.8,Ngã sáu Phù Đổng,"[[106.693441, 10.771383], [106.693411, 10.771419]]"
1804,5763168822,411926055,True,139.05654973541937,tertiary,52.66233766233766,34.23051948051948,9.505912598436066,5.118568322234804,0.5,Lý Tự Trọng,"[[106.693411, 10.771419], [106.693551, 10.771513], [106.694448, 10.772146]]"
1805,5763168822,5500064108,True,11.26085138440776,primary,55.900735294117645,27.950367647058822,0.7251973479521263,0.7251973479521263,0.8,Ngã sáu Phù Đổng,"[[106.693411, 10.771419], [106.693371, 10.771446], [106.693321, 10.771467]]"
1806,4605168358,14068911004,False,21.73954328672689,residential,48.81818181818182,36.61363636363637,1.6031395049429886,0.5343798349809961,0.3,Hẻm 15B Đường Lê Thánh Tôn,"[[106.704788, 10.780203], [106.704639, 10.780333]]"
1807,4605175933,10713483981,False,23.81441955217162,residential,48.81818181818182,36.61363636363637,1.7561471401601418,0.5853823800533806,0.3,Hẻm 17 Đường Thái Văn Lung,"[[106.704638, 10.780015], [106.704773, 10.780184]]"
1808,4605175933,4605180971,False,52.61654330076969,residential,48.81818181818182,36.61363636363637,3.880102634470168,1.2933675448233886,0.3,Hẻm 8A Đường Thái Văn Lung,"[[106.704638, 10.780015], [106.705005, 10.779708]]"
1809,4605175933,5742669198,False,92.82667731234608,residential,48.81818181818182,36.61363636363637,6.845319220798706,2.281773073599568,0.3,Hẻm 8A Đường Thái Văn Lung,"[[106.704638, 10.780015], [106.704389, 10.77975], [106.704755, 10.779441]]"
1810,10713483981,4605175933,False,23.81441955217162,residential,48.81818181818182,36.61363636363637,1.7561471401601418,0.5853823800533806,0.3,Hẻm 17 Đường Thái Văn Lung,"[[106.704773, 10.780184], [106.704638, 10.780015]]"
1811,4605180971,4605175933,False,52.61654330076969,residential,48.81818181818182,36.61363636363637,3.880102634470168,1.2933675448233886,0.3,Hẻm 8A Đường Thái Văn Lung,"[[106.705005, 10.779708], [106.704638, 10.780015]]"
1812,4605180971,5742669198,False,40.373514508439925,residential,48.81818181818182,36.61363636363637,2.9772647570469664,0.992421585682322,0.3,Hẻm 8A Đường Thái Văn Lung,"[[106.705005, 10.779708], [106.704755, 10.779441]]"
1813,4605180971,5742669198,False,161.03780895652494,residential,48.81818181818182,36.61363636363637,11.875413844838713,3.958471281612901,0.3,Hẻm 8A Đường Thái Văn Lung,"[[106.705005, 10.779708], [106.705274, 10.779485], [106.705419, 10.779364], [106.705172, 10.779082], [106.70503, 10.779203], [106.704755, 10.779441]]"
1814,12920957278,6858588489,False,132.81698491345324,secondary,53.97590361445784,32.3855421686747,8.85841854735264,5.90561236490176,0.6,Lê Duẩn,"[[106.698205, 10.780014], [106.698186, 10.779994], [106.697378, 10.779138]]"
1815,12920957278,7514003738,False,37.78264915706952,secondary,53.97590361445784,32.3855421686747,2.5199677607438327,1.6799785071625557,0.6,Lê Duẩn,"[[106.698205, 10.780014], [106.698236, 10.780047], [106.69826, 10.780072], [106.698444, 10.78026]]"
1816,12920957278,12884031130,True,25.972126453793518,tertiary,50.0,32.5,1.869993104673133,1.0069193640547642,0.5,Công trường Công xã Paris,"[[106.698205, 10.780014], [106.698234, 10.780026], [106.698266, 10.780034], [106.698298, 10.780036], [106.698329, 10.780032], [106.698365, 10.780022], [106.698397, 10.780006], [106.698426, 10.779983]]"
1817,14068910969,6858588489,False,60.02451199652506,secondary,53.97590361445784,32.3855421686747,4.003420576911092,2.6689470512740607,0.6,Lê Duẩn,"[[106.697004, 10.778742], [106.697253, 10.779006], [106.697378, 10.779138]]"
1818,14068910969,14068910971,False,25.180909122937766,secondary,53.97590361445784,32.3855421686747,1.6794767066816527,1.1196511377877687,0.6,Lê Duẩn,"[[106.697004, 10.778742], [106.696847, 10.778575]]"
1819,9404261908,2290050435,True,6.540632574649936,primary,55.900735294117645,27.950367647058822,0.4212158774809088,0.4212158774809088,0.8,Trần Hưng Đạo,"[[106.694797, 10.767179], [106.694836, 10.767224]]"
1820,9404261908,9404261907,False,7.215834362639489,primary_link,50.0,25.0,0.5195400741100432,0.5195400741100432,0.8,,"[[106.694797, 10.767179], [106.694744, 10.767218]]"
1821,4606995348,6790929758,False,6.982201064923738,primary_link,50.0,25.0,0.5027184766745092,0.5027184766745092,0.8,,"[[106.694142, 10.766424], [106.694097, 10.766468]]"
1822,4606995348,4606995347,True,37.74860466239584,primary,55.900735294117645,27.950367647058822,2.4310051749699446,2.4310051749699446,0.8,Trần Hưng Đạo,"[[106.694142, 10.766424], [106.694318, 10.766626], [106.694367, 10.766682]]"
1823,6790929758,4606995348,False,6.982201064923738,primary_link,50.0,25.0,0.5027184766745092,0.5027184766745092,0.8,,"[[106.694097, 10.766468], [106.694142, 10.766424]]"
1824,6790929758,5778873001,True,40.83378543097691,primary,55.900735294117645,27.950367647058822,2.6296904106552184,2.6296904106552184,0.8,Trần Hưng Đạo,"[[106.694097, 10.766468], [106.694271, 10.766666], [106.694339, 10.766747]]"
1825,4611419048,4611419047,False,76.56978143308511,residential,48.81818181818182,36.61363636363637,5.646486675512421,1.8821622251708063,0.3,,"[[106.685186, 10.765691], [106.684889, 10.765067]]"
1826,12518123443,4611419047,False,68.57442335147134,residential,48.81818181818182,36.61363636363637,5.0568848504995625,1.6856282834998533,0.3,,"[[106.684315, 10.765317], [106.684671, 10.765157], [106.684889, 10.765067]]"
1827,4607339373,6732291259,False,200.87185109533212,residential,48.81818181818182,36.61363636363637,14.812896281890415,4.937632093963471,0.3,Hẻm 191 Cống Quỳnh,"[[106.685987, 10.766631], [106.685995, 10.766785], [106.685382, 10.766825], [106.685371, 10.767011], [106.685355, 10.767278], [106.685711, 10.76776]]"
1828,6732291259,4607339373,False,200.87185109533212,residential,48.81818181818182,36.61363636363637,14.812896281890415,4.937632093963471,0.3,Hẻm 191 Cống Quỳnh,"[[106.685711, 10.76776], [106.685355, 10.767278], [106.685371, 10.767011], [106.685382, 10.766825], [106.685995, 10.766785], [106.685987, 10.766631]]"
1829,6732291259,12584655704,True,58.46366107315078,secondary,53.97590361445784,32.3855421686747,3.89931739478961,2.59954492985974,0.6,Cống Quỳnh,"[[106.685711, 10.76776], [106.686009, 10.767625], [106.686116, 10.767581], [106.6862, 10.767546]]"
1830,4607349645,4607349648,False,72.0325276360973,residential,48.81818181818182,36.61363636363637,5.311895892717789,1.7706319642392625,0.3,Hẻm 214B Nguyễn Trãi,"[[106.686088, 10.763066], [106.686187, 10.763036], [106.686634, 10.762712]]"
1831,5444117925,4608688128,False,6.067304881878422,residential,48.81818181818182,36.61363636363637,0.4474213655910344,0.1491404551970114,0.3,Lê Anh Xuân,"[[106.695493, 10.77117], [106.695496, 10.771225]]"
1832,5444117925,4673510847,True,112.80467934753744,primary,55.900735294117645,27.950367647058822,7.264606512141314,7.264606512141314,0.8,Phạm Hồng Thái,"[[106.695493, 10.77117], [106.695607, 10.771164], [106.696132, 10.771138], [106.696525, 10.77112]]"
1833,4673510847,5444117929,False,14.545978760029753,primary,55.900735294117645,27.950367647058822,0.9367591188307224,0.9367591188307224,0.8,Lê Lai,"[[106.696525, 10.77112], [106.696647, 10.771172]]"
1834,4673510847,6789385215,True,248.15297816492023,secondary,53.97590361445784,32.3855421686747,16.550917382963878,11.033944921975916,0.6,Lê Lai,"[[106.696525, 10.77112], [106.696313, 10.771033], [106.696102, 10.770947], [106.695792, 10.77082], [106.695167, 10.770564], [106.695122, 10.770545], [106.694428, 10.770261]]"
1835,4608877607,5762711582,False,32.237196003859715,secondary,53.97590361445784,32.3855421686747,2.150105840614572,1.4334038937430482,0.6,Phạm Ngũ Lão,"[[106.688359, 10.766756], [106.6884, 10.766773], [106.688631, 10.766868]]"
1836,4608877607,4608876662,True,11.186775653151628,secondary,53.97590361445784,32.3855421686747,0.7461179832950238,0.4974119888633492,0.6,Ngã năm Cống Quỳnh,"[[106.688359, 10.766756], [106.688347, 10.766773], [106.688331, 10.766785], [106.688313, 10.766794], [106.688293, 10.766798], [106.688272, 10.766798]]"
1837,4609310620,12503977172,False,41.73584750932825,residential,48.81818181818182,36.61363636363637,3.077727302363871,1.0259091007879562,0.3,Sương Nguyệt Anh,"[[106.690179, 10.773152], [106.690147, 10.773119], [106.689928, 10.772869]]"
1838,4609310620,4603207418,True,116.11388185417788,primary,55.900735294117645,27.950367647058822,7.477718718290759,7.477718718290759,0.8,Cách Mạng Tháng Tám,"[[106.690179, 10.773152], [106.691034, 10.772704], [106.691117, 10.77266]]"
1839,12503977173,12503977172,False,35.01570887866985,residential,48.81818181818182,36.61363636363637,2.5821640066952067,0.8607213355650685,0.3,,"[[106.689679, 10.773068], [106.689928, 10.772869]]"
1840,4609319428,6387697234,False,105.91650241240669,secondary,53.97590361445784,32.3855421686747,7.064252437684624,4.709501625123084,0.6,Phạm Ngũ Lão,"[[106.696162, 10.769806], [106.697065, 10.770153]]"
1841,4609319428,6788662351,True,57.74059103519199,secondary,53.97590361445784,32.3855421686747,3.851091205650752,2.5673941371005014,0.6,Yersin,"[[106.696162, 10.769806], [106.696209, 10.769717], [106.696306, 10.769533], [106.696369, 10.769413], [106.696405, 10.769345]]"
1842,4609319428,4609877993,False,168.6659822510043,secondary,53.97590361445784,32.3855421686747,11.249418637633948,7.499612425089296,0.6,Phạm Ngũ Lão,"[[106.696162, 10.769806], [106.694855, 10.769288], [106.69473, 10.769238]]"
1843,4612970106,5762736901,True,9.272131216251069,primary,55.900735294117645,27.950367647058822,0.5971240307104931,0.5971240307104931,0.8,Nguyễn Thái Học,"[[106.695323, 10.768025], [106.695353, 10.767997], [106.695383, 10.767966]]"
1844,4612970106,6773186203,True,47.92101227601049,primary,55.900735294117645,27.950367647058822,3.086106887252185,3.086106887252185,0.8,Trần Hưng Đạo,"[[106.695323, 10.768025], [106.695275, 10.767973], [106.695033, 10.767701]]"
1845,11703388662,6789341863,True,16.106754408054282,residential,48.81818181818182,36.61363636363637,1.1877606602587516,0.3959202200862501,0.3,,"[[106.694891, 10.767839], [106.69499, 10.767732]]"
1846,11703388662,4597095606,True,108.18909989139333,residential,48.81818181818182,36.61363636363637,7.978190606516155,2.6593968688387166,0.3,Bùi Viện,"[[106.694891, 10.767839], [106.694723, 10.767766], [106.694472, 10.767647], [106.694051, 10.767449], [106.693996, 10.767423]]"
1847,6387697234,4609319428,False,105.91650241240669,secondary,53.97590361445784,32.3855421686747,7.064252437684624,4.709501625123084,0.6,Phạm Ngũ Lão,"[[106.697065, 10.770153], [106.696162, 10.769806]]"
1848,6387697234,10558424628,True,14.720723907160489,secondary,53.97590361445784,32.3855421686747,0.9818197105936504,0.6545464737291002,0.6,Phạm Ngũ Lão,"[[106.697065, 10.770153], [106.697136, 10.77004]]"
1849,6788662351,6788662350,False,8.64853533581137,secondary,53.97590361445784,32.3855421686747,0.5768264192724191,0.3845509461816128,0.6,Yersin,"[[106.696405, 10.769345], [106.696439, 10.769275]]"
1850,6788662351,6789351753,True,47.81221494418569,primary,50.0,25.0,3.442479475981369,3.442479475981369,0.8,Trần Hưng Đạo,"[[106.696405, 10.769345], [106.696175, 10.769085], [106.696118, 10.76902]]"
1851,10558424628,10106997792,True,23.67416256802333,primary,55.900735294117645,27.950367647058822,1.5246129553836532,1.5246129553836532,0.8,Trần Hưng Đạo,"[[106.697136, 10.77004], [106.696992, 10.769882]]"
1852,6788662350,6387670790,False,8.899358348316985,secondary,53.97590361445784,32.3855421686747,0.5935554184100703,0.3957036122733802,0.6,Yersin,"[[106.696439, 10.769275], [106.696477, 10.769204]]"
1853,6788662350,6788662351,False,8.64853533581137,secondary,53.97590361445784,32.3855421686747,0.5768264192724191,0.3845509461816128,0.6,Yersin,"[[106.696439, 10.769275], [106.696405, 10.769345]]"
1854,6788662350,6789351754,True,44.31461413800852,primary,55.900735294117645,27.950367647058822,2.8538553215348865,2.8538553215348865,0.8,Trần Hưng Đạo,"[[106.696439, 10.769275], [106.696229, 10.769039], [106.696172, 10.768975]]"
1855,6789351753,6789351756,True,56.77858923616374,primary,50.0,25.0,4.088058425003789,4.088058425003789,0.8,Trần Hưng Đạo,"[[106.696118, 10.76902], [106.695778, 10.768634]]"
1856,6789351753,6789351754,False,7.694721334104401,primary,55.900735294117645,27.950367647058822,0.4955390417859277,0.4955390417859277,0.8,,"[[106.696118, 10.76902], [106.696172, 10.768975]]"
1857,5500064107,9864826747,True,6.983723518661338,primary,55.900735294117645,27.950367647058822,0.4497508759929748,0.4497508759929748,0.8,Ngã sáu Phù Đổng,"[[106.693455, 10.771322], [106.693441, 10.771383]]"
1858,5500064107,4666207257,True,34.632570019020896,primary,55.900735294117645,27.950367647058822,2.230332953806331,2.230332953806331,0.8,Phạm Hồng Thái,"[[106.693455, 10.771322], [106.693552, 10.771292], [106.693646, 10.771264], [106.693763, 10.771255]]"
1859,4610643517,411925307,True,94.73520003827386,primary,55.900735294117645,27.950367647058822,6.10093442140597,6.10093442140597,0.8,Cách Mạng Tháng Tám,"[[106.693083, 10.771664], [106.692327, 10.772082]]"
1860,4610643517,6484114554,False,108.67595030182471,residential,48.81818181818182,36.61363636363637,8.014092424492102,2.671364141497365,0.3,Hẻm 6 Cách Mạng Tháng 8,"[[106.693083, 10.771664], [106.693095, 10.77169], [106.693193, 10.771899], [106.693273, 10.771955], [106.693788, 10.772317]]"
1861,6484114554,4610643517,False,108.6759503018247,residential,48.81818181818182,36.61363636363637,8.0140924244921,2.671364141497365,0.3,Hẻm 6 Cách Mạng Tháng 8,"[[106.693788, 10.772317], [106.693273, 10.771955], [106.693193, 10.771899], [106.693095, 10.77169], [106.693083, 10.771664]]"
1862,4611394688,4611407889,False,45.23600147438806,residential,48.81818181818182,36.61363636363637,3.3358392148710747,1.111946404957025,0.3,Hẻm 138 Nguyễn Văn Cừ,"[[106.684301, 10.758849], [106.684676, 10.759022]]"
1863,4611394688,411918236,True,77.67226845779166,primary,60.0,30.0,4.660336107467499,4.660336107467499,0.8,Nguyễn Văn Cừ,"[[106.684301, 10.758849], [106.684257, 10.758969], [106.684232, 10.759029], [106.68419, 10.759139], [106.684121, 10.759313], [106.684051, 10.759503]]"
1864,4611407889,4611394688,False,45.23600147438806,residential,48.81818181818182,36.61363636363637,3.3358392148710747,1.111946404957025,0.3,Hẻm 138 Nguyễn Văn Cừ,"[[106.684676, 10.759022], [106.684301, 10.758849]]"
1865,5762736901,4612970105,True,9.354394478243425,primary,55.900735294117645,27.950367647058822,0.6024217739622467,0.6024217739622467,0.8,Nguyễn Thái Học,"[[106.695383, 10.767966], [106.69541, 10.767886]]"
1866,5762736901,5762736900,True,17.175867796695584,primary,60.0,30.0,1.030552067801735,1.030552067801735,0.8,Trần Hưng Đạo,"[[106.695383, 10.767966], [106.695454, 10.768044], [106.695488, 10.768081]]"
1867,6773186203,6789341865,True,69.64304109088972,primary,60.0,30.0,4.178582465453383,4.178582465453383,0.8,Trần Hưng Đạo,"[[106.695033, 10.767701], [106.694618, 10.767226]]"
1868,6773186203,6789341863,False,5.822005972244496,primary_link,50.0,25.0,0.4191844300016037,0.4191844300016037,0.8,,"[[106.695033, 10.767701], [106.69499, 10.767732]]"
1869,6789341865,6789341864,False,6.053023622892723,primary_link,50.0,25.0,0.435817700848276,0.435817700848276,0.8,,"[[106.694618, 10.767226], [106.694574, 10.767258]]"
1870,6789341865,411926622,True,54.18872115273287,primary,60.0,30.0,3.251323269163972,3.251323269163972,0.8,Trần Hưng Đạo,"[[106.694618, 10.767226], [106.69436, 10.766931], [106.694295, 10.766856]]"
1871,6789341863,6773186203,False,5.822005972244496,primary_link,50.0,25.0,0.4191844300016037,0.4191844300016037,0.8,,"[[106.69499, 10.767732], [106.695033, 10.767701]]"
1872,4612970107,4612970106,True,17.918928746409573,primary,55.900735294117645,27.950367647058822,1.153976654290316,1.153976654290316,0.8,Trần Hưng Đạo,"[[106.695432, 10.768145], [106.695323, 10.768025]]"
1873,4612970107,4649999511,True,8.174933407652581,primary,55.900735294117645,27.950367647058822,0.5264646361574093,0.5264646361574093,0.8,Nguyễn Thái Học,"[[106.695432, 10.768145], [106.695378, 10.768195]]"
1874,4649999511,6773282380,True,11.081508070238645,primary,55.900735294117645,27.950367647058822,0.7136476621096799,0.7136476621096799,0.8,Nguyễn Thái Học,"[[106.695378, 10.768195], [106.695342, 10.768229], [106.695314, 10.768272]]"
1875,6773282380,4609877993,True,124.97267740310372,primary,55.900735294117645,27.950367647058822,8.048223986393895,8.048223986393895,0.8,Nguyễn Thái Học,"[[106.695314, 10.768272], [106.695302, 10.768292], [106.694787, 10.769139], [106.69473, 10.769238]]"
1876,9404261911,9404261913,True,33.02376951497411,primary,60.0,30.0,1.9814261708984464,1.9814261708984464,0.8,Trần Hưng Đạo,"[[106.695694, 10.768321], [106.695893, 10.768545]]"
1877,9404261911,9404261912,False,7.89767393096208,primary_link,50.0,25.0,0.5686325230292697,0.5686325230292697,0.8,,"[[106.695694, 10.768321], [106.69575, 10.768275]]"
1878,9404261914,9404261916,True,56.75464181041056,primary,55.900735294117645,27.950367647058822,3.65499146733009,3.65499146733009,0.8,Trần Hưng Đạo,"[[106.695947, 10.768499], [106.696288, 10.768885]]"
1879,9404261914,9404261913,False,7.828361589740026,primary_link,50.0,25.0,0.5636420344612818,0.5636420344612818,0.8,,"[[106.695947, 10.768499], [106.695893, 10.768545]]"
1880,9404261872,9404261873,False,10.130827145570208,primary_link,50.0,25.0,0.729419554481055,0.729419554481055,0.8,,"[[106.688372, 10.759819], [106.688302, 10.75988]]"
1881,4666242306,5780842950,False,25.5402871949724,tertiary,52.66233766233766,34.23051948051948,1.7459352923418865,0.940119003568708,0.5,Nguyễn Cư Trinh,"[[106.690798, 10.76422], [106.690959, 10.764282], [106.691016, 10.764303]]"
1882,4666242306,4614008665,True,12.137214646370849,tertiary,52.66233766233766,34.23051948051948,0.8297005918554868,0.4467618571529544,0.5,,"[[106.690798, 10.76422], [106.690794, 10.76424], [106.690782, 10.764258], [106.690765, 10.76427], [106.690748, 10.76428], [106.69072, 10.764284]]"
1883,5780842950,4666242306,False,25.5402871949724,tertiary,52.66233766233766,34.23051948051948,1.7459352923418865,0.940119003568708,0.5,Nguyễn Cư Trinh,"[[106.691016, 10.764303], [106.690959, 10.764282], [106.690798, 10.76422]]"
1884,5780842950,5781023253,True,115.10111287912906,tertiary,60.0,39.0,6.906066772747743,3.7186513391718634,0.5,Nguyễn Cư Trinh,"[[106.691016, 10.764303], [106.691096, 10.764296], [106.691938, 10.764599], [106.691985, 10.764658]]"
1885,13741907926,13741907929,False,14.429490568927855,residential,48.81818181818182,36.61363636363637,1.0640741648594845,0.3546913882864946,0.3,,"[[106.69075, 10.766825], [106.690831, 10.766723]]"
1886,13741907926,13741907927,False,25.618172523515117,residential,48.81818181818182,36.61363636363637,1.8891613257564217,0.6297204419188069,0.3,,"[[106.69075, 10.766825], [106.690673, 10.76691], [106.690579, 10.766837]]"
1887,13741907926,13741907925,False,20.397804081557204,residential,48.81818181818182,36.61363636363637,1.5041956082489112,0.5013985360829702,0.3,,"[[106.69075, 10.766825], [106.690787, 10.766856], [106.690894, 10.766942]]"
1888,5444117929,4673510847,False,14.545978760029753,primary,55.900735294117645,27.950367647058822,0.9367591188307224,0.9367591188307224,0.8,Lê Lai,"[[106.696647, 10.771172], [106.696525, 10.77112]]"
1889,5444117929,4608688128,True,125.8444960840647,primary,55.900735294117645,27.950367647058822,8.10436899477252,8.10436899477252,0.8,Phạm Hồng Thái,"[[106.696647, 10.771172], [106.69636, 10.771186], [106.695609, 10.77122], [106.695496, 10.771225]]"
1890,5444117929,11284547738,True,149.62312008874676,primary,55.900735294117645,27.950367647058822,9.63570925293659,9.63570925293659,0.8,Lê Lai,"[[106.696647, 10.771172], [106.696792, 10.771207], [106.697651, 10.771558], [106.697725, 10.771576], [106.6978, 10.771584], [106.697876, 10.771584], [106.697938, 10.771577]]"
1891,5444117929,4608690975,True,43.42150931093285,tertiary,52.66233766233766,34.23051948051948,2.968296518123449,1.5983135097587795,0.5,Trương Định,"[[106.696647, 10.771172], [106.69654, 10.771357], [106.696441, 10.771506]]"
1892,11284547738,11284547739,True,54.98353364034999,primary_link,50.0,25.0,3.958814422105199,3.958814422105199,0.8,Công trường Quách Thị Trang,"[[106.697938, 10.771577], [106.69808, 10.771247], [106.698135, 10.771122]]"
1893,11284547738,10315805791,True,52.113416819654255,primary,55.900735294117645,27.950367647058822,3.356097188412065,3.356097188412065,0.8,Công trường Quách Thị Trang,"[[106.697938, 10.771577], [106.698014, 10.771557], [106.698087, 10.771531], [106.698136, 10.77151], [106.698214, 10.771466], [106.698259, 10.771441], [106.698339, 10.771395], [106.698366, 10.771377]]"
1894,11284547739,9608426540,True,130.1598121172665,primary,55.900735294117645,27.950367647058822,8.382274779692692,8.382274779692692,0.8,Trần Hưng Đạo,"[[106.698135, 10.771122], [106.698084, 10.771068], [106.697994, 10.77097], [106.697333, 10.770256]]"
1895,10315805791,10315805787,True,9.175823135107889,primary,55.900735294117645,27.950367647058822,0.590921802952821,0.590921802952821,0.8,Công trường Quách Thị Trang,"[[106.698366, 10.771377], [106.698435, 10.771329]]"
1896,10315805791,11284547739,True,38.048175230104825,primary,55.900735294117645,27.950367647058822,2.450297480126185,2.450297480126185,0.8,Công trường Quách Thị Trang,"[[106.698366, 10.771377], [106.698292, 10.771295], [106.698135, 10.771122]]"
1897,5462422183,2358140872,True,218.12774880951125,primary_link,50.0,25.0,15.70519791428481,15.70519791428481,0.8,Đi Võ Văn Kiệt,"[[106.687178, 10.753934], [106.687417, 10.754166], [106.687803, 10.754552], [106.688214, 10.754991], [106.688374, 10.755145], [106.688452, 10.755229], [106.688514, 10.755377]]"
1898,5500064108,4610643517,True,34.26421137411699,primary,55.900735294117645,27.950367647058822,2.206610705526824,2.206610705526824,0.8,Cách Mạng Tháng Tám,"[[106.693321, 10.771467], [106.693299, 10.771491], [106.693251, 10.771544], [106.693174, 10.77161], [106.693083, 10.771664]]"
1899,5500064108,14068910953,True,7.672274652362219,primary,55.900735294117645,27.950367647058822,0.4940934784342707,0.4940934784342707,0.8,Ngã sáu Phù Đổng,"[[106.693321, 10.771467], [106.693287, 10.771476], [106.693268, 10.77148], [106.693253, 10.771482]]"
1900,14068910953,4610625918,True,16.731448763083595,primary,55.900735294117645,27.950367647058822,1.0775030995601091,1.0775030995601091,0.8,Ngã sáu Phù Đổng,"[[106.693253, 10.771482], [106.693209, 10.771486], [106.693154, 10.77148], [106.693104, 10.77146]]"
1901,5740395228,411919133,True,12.500289610109386,primary,60.0,30.0,0.7500173766065631,0.7500173766065631,0.8,Nguyễn Hữu Cảnh,"[[106.708812, 10.785626], [106.708852, 10.785731]]"
1902,5740395228,5740395221,True,211.0093005525696,residential,50.0,37.5,15.192669639785011,5.064223213261672,0.3,Aqua 4,"[[106.708812, 10.785626], [106.709009, 10.785714], [106.709083, 10.785896], [106.709204, 10.786179], [106.70928, 10.786386], [106.709381, 10.786657], [106.709481, 10.786896], [106.709577, 10.787082], [106.709786, 10.787111]]"
1903,6509071748,6857806163,False,97.62269823654898,residential,48.81818181818182,36.61363636363637,7.198992272192439,2.399664090730812,0.3,Riverview 3,"[[106.708583, 10.783941], [106.709204, 10.784572]]"
1904,6509071748,6857806164,False,191.87108659587324,residential,48.81818181818182,36.61363636363637,14.149152754556017,4.716384251518671,0.3,Riverview 8,"[[106.708583, 10.783941], [106.708665, 10.783865], [106.708802, 10.78374], [106.708998, 10.78356], [106.70915, 10.783421], [106.70921, 10.783365], [106.70923, 10.783361], [106.709248, 10.783367], [106.709832, 10.783985]]"
1905,6509071748,9577643870,False,54.97497922865499,residential,48.81818181818182,36.61363636363637,4.054020814627072,1.351340271542356,0.3,Riverview 9,"[[106.708583, 10.783941], [106.708404, 10.784104], [106.708213, 10.784277]]"
1906,5740394717,7499947747,False,31.50880580399984,residential,50.0,37.5,2.2686340178879885,0.7562113392959962,0.3,Aqua 4,"[[106.712639, 10.787184], [106.712413, 10.78724], [106.71236, 10.787254]]"
1907,7499947747,7499947748,False,12.282494639835646,residential,50.0,37.5,0.8843396140681664,0.2947798713560555,0.3,Aqua 4,"[[106.71236, 10.787254], [106.712251, 10.787282]]"
1908,7499947747,5740394717,False,31.50880580399984,residential,50.0,37.5,2.2686340178879885,0.7562113392959962,0.3,Aqua 4,"[[106.71236, 10.787254], [106.712413, 10.78724], [106.712639, 10.787184]]"
1909,7499947748,7499947747,False,12.282494639835646,residential,50.0,37.5,0.8843396140681664,0.2947798713560555,0.3,Aqua 4,"[[106.712251, 10.787282], [106.71236, 10.787254]]"
1910,7499947748,7499947747,True,56.23216531899208,residential,20.0,15.0,10.121789757418574,3.3739299191395222,0.3,,"[[106.712251, 10.787282], [106.712248, 10.787267], [106.712246, 10.787254], [106.712242, 10.787186], [106.712242, 10.78713], [106.71226, 10.787096], [106.712299, 10.787061], [106.712344, 10.787056], [106.712371, 10.787074], [106.712386, 10.787103], [106.712384, 10.787136], [106.712369, 10.787176], [106.712364, 10.787205], [106.712361, 10.787238], [106.71236, 10.787254]]"
1911,7499947748,7499929048,False,63.97633754566503,residential,50.0,37.5,4.606296303287882,1.535432101095961,0.3,Aqua 4,"[[106.712251, 10.787282], [106.712121, 10.787315], [106.711914, 10.787331], [106.711671, 10.787309]]"
1912,5740394720,7499880754,False,60.24914658668662,residential,50.0,37.5,4.337938554241436,1.4459795180804802,0.3,Aqua 4,"[[106.711005, 10.787249], [106.710457, 10.78719]]"
1913,5740394720,6573654683,False,111.62596033719842,residential,48.81818181818182,36.61363636363637,8.231635063972174,2.74387835465739,0.3,Aqua 3,"[[106.711005, 10.787249], [106.711743, 10.786555]]"
1914,5740394720,7499929048,False,73.0475217518125,residential,50.0,37.5,5.2594215661305,1.7531405220435,0.3,Aqua 4,"[[106.711005, 10.787249], [106.711389, 10.787283], [106.711671, 10.787309]]"
1915,7499880754,5740394720,False,60.24914658668662,residential,50.0,37.5,4.337938554241436,1.4459795180804802,0.3,Aqua 4,"[[106.710457, 10.78719], [106.711005, 10.787249]]"
1916,7499880754,5740395221,False,73.86250876707442,residential,50.0,37.5,5.318100631229358,1.7727002104097869,0.3,Aqua 4,"[[106.710457, 10.78719], [106.710305, 10.787174], [106.709786, 10.787111]]"
1917,7499880754,7499880753,False,7.56225020956383,residential,48.81818181818182,36.61363636363637,0.5576631439454891,0.1858877146484963,0.3,,"[[106.710457, 10.78719], [106.710471, 10.787165], [106.710485, 10.787128]]"
1918,6573654683,5740394720,False,111.62596033719842,residential,48.81818181818182,36.61363636363637,8.231635063972174,2.74387835465739,0.3,Aqua 3,"[[106.711743, 10.786555], [106.711005, 10.787249]]"
1919,7499929048,7499947748,False,63.97633754566504,residential,50.0,37.5,4.606296303287882,1.535432101095962,0.3,Aqua 4,"[[106.711671, 10.787309], [106.711914, 10.787331], [106.712121, 10.787315], [106.712251, 10.787282]]"
1920,7499929048,5740394720,False,73.0475217518125,residential,50.0,37.5,5.2594215661305,1.7531405220435,0.3,Aqua 4,"[[106.711671, 10.787309], [106.711389, 10.787283], [106.711005, 10.787249]]"
1921,7499929048,7499929047,False,9.25404152725044,residential,48.81818181818182,36.61363636363637,0.6824209394396973,0.2274736464798988,0.3,,"[[106.711671, 10.787309], [106.711673, 10.787295], [106.711685, 10.787227]]"
1922,5740395221,7496728525,False,53.881387264361805,residential,48.81818181818182,36.61363636363637,3.9733760440758426,1.324458681358614,0.3,Aqua 1,"[[106.709786, 10.787111], [106.709964, 10.786946], [106.710145, 10.78678]]"
1923,5740395221,7499880754,False,73.86250876707442,residential,50.0,37.5,5.318100631229358,1.7727002104097869,0.3,Aqua 4,"[[106.709786, 10.787111], [106.710305, 10.787174], [106.710457, 10.78719]]"
1924,7499880753,7499880754,False,7.56225020956383,residential,48.81818181818182,36.61363636363637,0.5576631439454891,0.1858877146484963,0.3,,"[[106.710485, 10.787128], [106.710471, 10.787165], [106.710457, 10.78719]]"
1925,7499929047,7499929048,False,9.25404152725044,residential,48.81818181818182,36.61363636363637,0.6824209394396973,0.2274736464798988,0.3,,"[[106.711685, 10.787227], [106.711673, 10.787295], [106.711671, 10.787309]]"
1926,7496728525,7500088744,False,24.04931042384793,residential,48.81818181818182,36.61363636363637,1.7734687016468869,0.5911562338822953,0.3,Aqua 1,"[[106.710145, 10.78678], [106.710308, 10.786634]]"
1927,7496728525,7496448760,False,9.064635289789916,residential,48.81818181818182,36.61363636363637,0.6684535520962397,0.2228178506987465,0.3,,"[[106.710145, 10.78678], [106.710082, 10.786727]]"
1928,7496728525,5740395221,False,53.881387264361805,residential,48.81818181818182,36.61363636363637,3.9733760440758426,1.324458681358614,0.3,Aqua 1,"[[106.710145, 10.78678], [106.709964, 10.786946], [106.709786, 10.787111]]"
1929,7500088744,7496728525,False,24.04931042384793,residential,48.81818181818182,36.61363636363637,1.7734687016468869,0.5911562338822953,0.3,Aqua 1,"[[106.710308, 10.786634], [106.710145, 10.78678]]"
1930,7500088744,7500088745,False,18.42130020492376,residential,48.81818181818182,36.61363636363637,1.3584422497485675,0.4528140832495222,0.3,Aqua 1,"[[106.710308, 10.786634], [106.710428, 10.786517]]"
1931,7500088744,7500088745,True,29.06974938264883,residential,48.81818181818182,36.61363636363637,2.1436910159271765,0.7145636719757249,0.3,,"[[106.710308, 10.786634], [106.710269, 10.786605], [106.710279, 10.78656], [106.710316, 10.786527], [106.710348, 10.786506], [106.710383, 10.786503], [106.710428, 10.786517]]"
1932,7496448760,7496728525,False,9.064635289789916,residential,48.81818181818182,36.61363636363637,0.6684535520962397,0.2228178506987465,0.3,,"[[106.710082, 10.786727], [106.710145, 10.78678]]"
1933,7902006422,2036083527,True,42.42179261900139,residential,40.0,30.0,3.817961335710125,1.2726537785700414,0.3,Công trường Mê Linh,"[[106.70665, 10.775977], [106.706594, 10.775945], [106.706551, 10.775932], [106.70649, 10.775924], [106.706439, 10.77592], [106.706328, 10.775911], [106.706274, 10.775901]]"
1934,7902006422,2036082816,True,22.37092851918909,primary,50.0,25.0,1.610706853381614,1.610706853381614,0.8,Tôn Đức Thắng,"[[106.70665, 10.775977], [106.706608, 10.775854], [106.706555, 10.775804]]"
1935,5762610074,634134026,True,2.2510508071517217,primary,55.900735294117645,27.950367647058822,0.1449673758870744,0.1449673758870744,0.8,Công trường Cộng Hòa,"[[106.681811, 10.765197], [106.681829, 10.765207]]"
1936,12584708463,5762711576,False,69.76240143165252,secondary,53.97590361445784,32.3855421686747,4.652903024057538,3.101935349371693,0.6,Cống Quỳnh,"[[106.684922, 10.768193], [106.685043, 10.768135], [106.685341, 10.768002], [106.685384, 10.767983], [106.685502, 10.767929]]"
1937,12584708463,12584708459,True,40.52605874533179,secondary,53.97590361445784,32.3855421686747,2.70294338238954,1.80196225492636,0.6,Cống Quỳnh,"[[106.684922, 10.768193], [106.684783, 10.768325], [106.684625, 10.768403]]"
1938,12584708459,12584708461,True,3.82396307318402,secondary,53.97590361445784,32.3855421686747,0.2550446799703985,0.1700297866469323,0.6,Cống Quỳnh,"[[106.684625, 10.768403], [106.684594, 10.768419]]"
1939,12584708459,411926271,True,244.16183173718133,primary,55.900735294117645,27.950367647058822,15.723989847882144,15.723989847882144,0.8,Nguyễn Thị Minh Khai,"[[106.684625, 10.768403], [106.685888, 10.76978], [106.686057, 10.769961], [106.686122, 10.770034]]"
1940,9404261913,9404261915,True,56.77715574787269,primary,60.0,30.0,3.406629344872361,3.406629344872361,0.8,Trần Hưng Đạo,"[[106.695893, 10.768545], [106.696234, 10.76893]]"
1941,9404261913,9404261914,False,7.828361589740026,primary_link,50.0,25.0,0.5636420344612818,0.5636420344612818,0.8,,"[[106.695893, 10.768545], [106.695947, 10.768499]]"
1942,5769748098,411926140,True,162.71139578981936,residential,48.81818181818182,36.61363636363637,11.998829186735282,3.999609728911759,0.3,Bà Lê Chân,"[[106.689417, 10.790269], [106.689527, 10.790603], [106.689544, 10.790654], [106.689678, 10.791098], [106.689732, 10.791283], [106.689852, 10.791668]]"
1943,14068910967,1996654212,True,220.8925322777742,primary,50.0,25.0,15.904262323999742,15.904262323999742,0.8,Võ Văn Kiệt,"[[106.695629, 10.761082], [106.695446, 10.760873], [106.695228, 10.760661], [106.694933, 10.760422], [106.694658, 10.760235], [106.694348, 10.760052], [106.694264, 10.759997], [106.694049, 10.759857]]"
1944,9404261897,6789323622,True,31.596665622695845,primary,50.0,25.0,2.274959924834101,2.274959924834101,0.8,Trần Hưng Đạo,"[[106.691989, 10.76432], [106.691802, 10.764104]]"
1945,9404261897,6789323626,False,6.874237769616655,primary_link,50.0,25.0,0.4949451194123991,0.4949451194123991,0.8,,"[[106.691989, 10.76432], [106.692035, 10.764278]]"
1946,6789323622,12585027142,True,22.818014670420244,primary,50.0,25.0,1.6428970562702574,1.6428970562702574,0.8,Trần Hưng Đạo,"[[106.691802, 10.764104], [106.691665, 10.763948]]"
1947,6789323622,9404261893,False,6.697727519193248,primary_link,50.0,25.0,0.4822363813819138,0.4822363813819138,0.8,,"[[106.691802, 10.764104], [106.69185, 10.764066]]"
1948,9404261893,12585027141,True,23.096111962165217,primary,60.0,30.0,1.385766717729913,1.385766717729913,0.8,Trần Hưng Đạo,"[[106.69185, 10.764066], [106.691712, 10.763908]]"
1949,9404261893,6789323622,False,6.697727519193248,primary_link,50.0,25.0,0.4822363813819138,0.4822363813819138,0.8,,"[[106.69185, 10.764066], [106.691802, 10.764104]]"
1950,9404261901,4606995348,True,29.6363928564405,primary,55.900735294117645,27.950367647058822,1.9085798017117093,1.9085798017117093,0.8,Trần Hưng Đạo,"[[106.693967, 10.766221], [106.694142, 10.766424]]"
1951,9404261901,9404261900,False,7.204044526129839,primary_link,50.0,25.0,0.5186912058813484,0.5186912058813484,0.8,,"[[106.693967, 10.766221], [106.693916, 10.766263]]"
1952,5806268214,6786731979,False,6.699384424351428,primary_link,50.0,25.0,0.4823556785533028,0.4823556785533028,0.8,,"[[106.686842, 10.758447], [106.68689, 10.75841]]"
1953,9404261870,6789210668,True,56.50311345416401,primary,60.0,30.0,3.39018680724984,3.39018680724984,0.8,Trần Hưng Đạo,"[[106.68657, 10.758041], [106.686232, 10.757656]]"
1954,9404261870,9404261871,False,6.879789751339538,primary_link,50.0,25.0,0.4953448620964467,0.4953448620964467,0.8,,"[[106.68657, 10.758041], [106.686519, 10.758078]]"
1955,5811285123,6786731981,False,8.21096402541242,primary,55.900735294117645,27.950367647058822,0.5287850032018311,0.5287850032018311,0.8,,"[[106.687149, 10.758449], [106.68709, 10.758494]]"
1956,6790784937,6790784936,False,8.285654581713407,primary,55.900735294117645,27.950367647058822,0.5335950652031417,0.5335950652031417,0.8,,"[[106.687349, 10.758785], [106.687409, 10.75874]]"
1957,6790784937,4613083207,True,43.41868591171861,primary,60.0,30.0,2.605121154703117,2.605121154703117,0.8,Trần Hưng Đạo,"[[106.687349, 10.758785], [106.687529, 10.758987], [106.687611, 10.759079]]"
1958,5811285127,6789210658,False,6.998246901433787,primary_link,50.0,25.0,0.5038737769032327,0.5038737769032327,0.8,,"[[106.687715, 10.759438], [106.687765, 10.759399]]"
1959,6789210658,5811285127,False,6.998246901433787,primary_link,50.0,25.0,0.5038737769032327,0.5038737769032327,0.8,,"[[106.687765, 10.759399], [106.687715, 10.759438]]"
1960,6789210658,2032267286,True,38.16535492245383,primary,60.0,30.0,2.289921295347229,2.289921295347229,0.8,Trần Hưng Đạo,"[[106.687765, 10.759399], [106.687615, 10.759225], [106.687538, 10.759138]]"
1961,6789351754,6789351757,True,56.47441533916412,primary,55.900735294117645,27.950367647058822,3.636944919441599,3.636944919441599,0.8,Trần Hưng Đạo,"[[106.696172, 10.768975], [106.695831, 10.768593]]"
1962,6789351754,6789351753,False,7.694721334104401,primary,55.900735294117645,27.950367647058822,0.4955390417859277,0.4955390417859277,0.8,,"[[106.696172, 10.768975], [106.696118, 10.76902]]"
1963,10106997792,6788662351,True,88.93524121082342,primary,55.900735294117645,27.950367647058822,5.7274178358196846,5.7274178358196846,0.8,Trần Hưng Đạo,"[[106.696992, 10.769882], [106.696822, 10.769805], [106.696477, 10.769427], [106.696405, 10.769345]]"
1964,10106997792,6788662350,True,90.5683815335539,primary,55.900735294117645,27.950367647058822,5.832591857787306,5.832591857787306,0.8,Trần Hưng Đạo,"[[106.696992, 10.769882], [106.696523, 10.769369], [106.696439, 10.769275]]"
1965,6509071747,7500088745,False,49.47863678065463,residential,48.81818181818182,36.61363636363637,3.6487039413667097,1.2162346471222365,0.3,Aqua 1,"[[106.710763, 10.786219], [106.710674, 10.786306], [106.710615, 10.786364], [106.710428, 10.786517]]"
1966,6509071747,6857806172,False,153.11807198442534,residential,48.81818181818182,36.61363636363637,11.291388548572147,3.76379618285738,0.3,Riverview 8,"[[106.710763, 10.786219], [106.711387, 10.785635], [106.71102, 10.785245]]"
1967,6509071747,6857806171,False,60.01703459154013,residential,48.81818181818182,36.61363636363637,4.425837187756032,1.4752790625853427,0.3,Riverview 3,"[[106.710763, 10.786219], [106.710433, 10.785879], [106.710383, 10.785828]]"
1968,7500088745,7500088744,False,18.42130020492376,residential,48.81818181818182,36.61363636363637,1.3584422497485675,0.4528140832495222,0.3,Aqua 1,"[[106.710428, 10.786517], [106.710308, 10.786634]]"
1969,7500088745,7500088744,True,32.589804752633306,residential,48.81818181818182,36.61363636363637,2.403270518071283,0.8010901726904271,0.3,,"[[106.710428, 10.786517], [106.710458, 10.786544], [106.710474, 10.786558], [106.710466, 10.786604], [106.71043, 10.786644], [106.710401, 10.786655], [106.710361, 10.786665], [106.710338, 10.786652], [106.710308, 10.786634]]"
1970,7500088745,6509071747,False,49.47863678065463,residential,48.81818181818182,36.61363636363637,3.6487039413667097,1.2162346471222365,0.3,Aqua 1,"[[106.710428, 10.786517], [106.710615, 10.786364], [106.710674, 10.786306], [106.710763, 10.786219]]"
1971,6857806172,6857806171,False,94.9899119162152,residential,48.81818181818182,36.61363636363637,7.0048426664471535,2.3349475554823838,0.3,Riverview 4,"[[106.71102, 10.785245], [106.710383, 10.785828]]"
1972,6857806172,6857806168,False,56.87728473335864,residential,48.81818181818182,36.61363636363637,4.194302561342648,1.398100853780882,0.3,Riverview 8,"[[106.71102, 10.785245], [106.710666, 10.78487]]"
1973,6857806172,6509071747,False,153.11807198442534,residential,48.81818181818182,36.61363636363637,11.291388548572147,3.76379618285738,0.3,Riverview 8,"[[106.71102, 10.785245], [106.711387, 10.785635], [106.710763, 10.786219]]"
1974,6857806171,6857806172,False,94.9899119162152,residential,48.81818181818182,36.61363636363637,7.0048426664471535,2.3349475554823838,0.3,Riverview 4,"[[106.710383, 10.785828], [106.71102, 10.785245]]"
1975,6857806171,6857806167,False,57.20966458022255,residential,48.81818181818182,36.61363636363637,4.218813253960546,1.4062710846535147,0.3,Riverview 3,"[[106.710383, 10.785828], [106.71019, 10.785622], [106.710028, 10.78545]]"
1976,6857806171,6509071747,False,60.01703459154013,residential,48.81818181818182,36.61363636363637,4.425837187756032,1.4752790625853427,0.3,Riverview 3,"[[106.710383, 10.785828], [106.710433, 10.785879], [106.710763, 10.786219]]"
1977,6857806168,6857806167,False,94.89016973494115,residential,48.81818181818182,36.61363636363637,6.997487377101807,2.3324957923672667,0.3,Riverview 5,"[[106.710666, 10.78487], [106.710028, 10.78545]]"
1978,6857806168,6857806172,False,56.87728473335864,residential,48.81818181818182,36.61363636363637,4.194302561342648,1.398100853780882,0.3,Riverview 8,"[[106.710666, 10.78487], [106.71102, 10.785245]]"
1979,6857806168,6857806170,False,20.34475284359712,residential,48.81818181818182,36.61363636363637,1.5002834499188935,0.5000944833062979,0.3,Riverview 8,"[[106.710666, 10.78487], [106.710539, 10.784736]]"
1980,6857806167,6857806169,False,20.98650514711925,residential,48.81818181818182,36.61363636363637,1.547608200793151,0.5158694002643838,0.3,Riverview 3,"[[106.710028, 10.78545], [106.709898, 10.785311]]"
1981,6857806167,6857806168,False,94.89016973494115,residential,48.81818181818182,36.61363636363637,6.997487377101807,2.3324957923672667,0.3,Riverview 5,"[[106.710028, 10.78545], [106.710666, 10.78487]]"
1982,6857806167,6857806171,False,57.20966458022255,residential,48.81818181818182,36.61363636363637,4.218813253960546,1.4062710846535147,0.3,Riverview 3,"[[106.710028, 10.78545], [106.71019, 10.785622], [106.710383, 10.785828]]"
1983,6857806163,6509071748,False,97.62269823654898,residential,48.81818181818182,36.61363636363637,7.198992272192439,2.399664090730812,0.3,Riverview 3,"[[106.709204, 10.784572], [106.708583, 10.783941]]"
1984,6857806163,6857806165,False,56.88257185952902,residential,48.81818181818182,36.61363636363637,4.194692449976442,1.398230816658813,0.3,Riverview 3,"[[106.709204, 10.784572], [106.709557, 10.784948]]"
1985,6857806163,6857806164,False,94.6488891665572,residential,48.81818181818182,36.61363636363637,6.979694620103659,2.326564873367886,0.3,Riverview 7,"[[106.709204, 10.784572], [106.709832, 10.783985]]"
1986,6857806164,6857806163,False,94.6488891665572,residential,48.81818181818182,36.61363636363637,6.979694620103659,2.326564873367886,0.3,Riverview 7,"[[106.709832, 10.783985], [106.709204, 10.784572]]"
1987,6857806164,6857806166,False,57.25944892848554,residential,48.81818181818182,36.61363636363637,4.222484501988878,1.4074948339962925,0.3,Riverview 8,"[[106.709832, 10.783985], [106.710188, 10.784363]]"
1988,6857806164,6509071748,False,191.8710865958732,residential,48.81818181818182,36.61363636363637,14.149152754556011,4.716384251518669,0.3,Riverview 8,"[[106.709832, 10.783985], [106.709248, 10.783367], [106.70923, 10.783361], [106.70921, 10.783365], [106.70915, 10.783421], [106.708998, 10.78356], [106.708802, 10.78374], [106.708665, 10.783865], [106.708583, 10.783941]]"
1989,6857806165,6857806163,False,56.88257185952902,residential,48.81818181818182,36.61363636363637,4.194692449976442,1.398230816658813,0.3,Riverview 3,"[[106.709557, 10.784948], [106.709204, 10.784572]]"
1990,6857806165,6857806169,False,54.88530798718492,residential,48.81818181818182,36.61363636363637,4.047408186764475,1.349136062254824,0.3,Riverview 3,"[[106.709557, 10.784948], [106.709898, 10.785311]]"
1991,6857806165,6857806166,False,94.75671067435997,residential,48.81818181818182,36.61363636363637,6.987645703360622,2.3292152344535406,0.3,Riverview 6,"[[106.709557, 10.784948], [106.710188, 10.784363]]"
1992,6857806166,6857806165,False,94.75671067435997,residential,48.81818181818182,36.61363636363637,6.987645703360622,2.3292152344535406,0.3,Riverview 6,"[[106.710188, 10.784363], [106.709557, 10.784948]]"
1993,6857806166,6857806170,False,56.518982228371215,residential,48.81818181818182,36.61363636363637,4.1678802537122905,1.3892934179040966,0.3,Riverview 8,"[[106.710188, 10.784363], [106.710539, 10.784736]]"
1994,6857806166,6857806164,False,57.25944892848554,residential,48.81818181818182,36.61363636363637,4.222484501988878,1.4074948339962925,0.3,Riverview 8,"[[106.710188, 10.784363], [106.709832, 10.783985]]"
1995,6639705119,9646671008,True,20.81856749835526,primary,50.0,25.0,1.4989368598815789,1.4989368598815789,0.8,Tôn Đức Thắng,"[[106.706197, 10.782513], [106.706057, 10.78264]]"
1996,6639705119,10737455883,True,63.53204108260171,primary_link,50.0,25.0,4.574306957947323,4.574306957947323,0.8,Tôn Đức Thắng,"[[106.706197, 10.782513], [106.706165, 10.782463], [106.706147, 10.782414], [106.706139, 10.782371], [106.706143, 10.782322], [106.706157, 10.782274], [106.70618, 10.782224], [106.706218, 10.782174], [106.706364, 10.782035]]"
1997,9646671008,2036082874,True,139.9015350715771,primary,60.0,30.0,8.394092104294625,8.394092104294625,0.8,Tôn Đức Thắng,"[[106.706057, 10.78264], [106.705125, 10.783503]]"
1998,10737455883,9741725439,True,32.525422397318124,primary_link,50.0,25.0,2.341830412606905,2.341830412606905,0.8,Tôn Đức Thắng,"[[106.706364, 10.782035], [106.706503, 10.781903], [106.706558, 10.781816]]"
1999,6639705121,11298108246,True,272.78517267619384,primary,60.0,30.0,16.36711036057163,16.36711036057163,0.8,Nguyễn Hữu Cảnh,"[[106.706421, 10.782349], [106.706391, 10.782406], [106.70638, 10.782456], [106.706384, 10.782505], [106.70641, 10.782553], [106.706736, 10.782925], [106.707885, 10.784254]]"
2000,6639705121,6639705119,True,30.50944796241378,primary,50.0,25.0,2.196680253293792,2.196680253293792,0.8,Tôn Đức Thắng,"[[106.706421, 10.782349], [106.706289, 10.782446], [106.706197, 10.782513]]"
2001,11298108246,9577643870,True,35.93149306741337,residential,48.81818181818182,36.61363636363637,2.649696695474059,0.8832322318246857,0.3,,"[[106.707885, 10.784254], [106.708213, 10.784277]]"
2002,11298108246,5740324106,True,26.987479625627746,primary,60.0,30.0,1.6192487775376645,1.6192487775376645,0.8,Nguyễn Hữu Cảnh,"[[106.707885, 10.784254], [106.707941, 10.784319], [106.708045, 10.78444]]"
2003,12584655706,12584655707,True,10.940456461296105,tertiary,52.66233766233766,34.23051948051948,0.7478901432974797,0.4027100771601813,0.5,Bùi Thị Xuân,"[[106.68628, 10.767511], [106.686325, 10.767599]]"
2004,12584655706,5762711578,True,50.89168820983528,secondary,53.97590361445784,32.3855421686747,3.394293847566692,2.2628625650444616,0.6,Cống Quỳnh,"[[106.68628, 10.767511], [106.686399, 10.767461], [106.686608, 10.767365], [106.686713, 10.767369]]"
2005,6753737924,411918854,True,10.772231621387286,secondary,60.0,36.0,0.6463338972832371,0.4308892648554916,0.6,Nam Kỳ Khởi Nghĩa,"[[106.695855, 10.77878], [106.695927, 10.778714]]"
2006,9404261869,9404261868,False,7.640666055059722,primary_link,50.0,25.0,0.5501279559643,0.5501279559643,0.8,,"[[106.686803, 10.758057], [106.686747, 10.758099]]"
2007,6760714944,6789210667,False,7.656885841024299,primary_link,50.0,25.0,0.5512957805537495,0.5512957805537495,0.8,,"[[106.686357, 10.757548], [106.686305, 10.757594]]"
2008,9404261876,9404261877,False,9.734619535503654,primary_link,50.0,25.0,0.7008926065562631,0.7008926065562631,0.8,,"[[106.688863, 10.760519], [106.688932, 10.760464]]"
2009,9404261876,6760665400,True,66.64095487254383,primary,60.0,30.0,3.998457292352629,3.998457292352629,0.8,Trần Hưng Đạo,"[[106.688863, 10.760519], [106.689086, 10.760769], [106.689265, 10.76097]]"
2010,6786749265,6786749269,False,10.432181033714542,primary_link,50.0,25.0,0.751117034427447,0.751117034427447,0.8,,"[[106.688763, 10.760265], [106.68869, 10.760324]]"
2011,6786749270,6786749271,False,7.229152836931769,primary_link,50.0,25.0,0.5204990042590874,0.5204990042590874,0.8,,"[[106.688624, 10.760378], [106.688573, 10.76042]]"
2012,6786749270,6789210649,True,35.789085480295896,primary,60.0,30.0,2.1473451288177534,2.1473451288177534,0.8,Trần Hưng Đạo,"[[106.688624, 10.760378], [106.68857, 10.760316], [106.688406, 10.760137]]"
2013,6786749270,6786749269,False,9.341750774111397,primary_link,50.0,25.0,0.6726060557360205,0.6726060557360205,0.8,,"[[106.688624, 10.760378], [106.688659, 10.760349], [106.68869, 10.760324]]"
2014,6789341864,6789341865,False,6.053023622892723,primary_link,50.0,25.0,0.435817700848276,0.435817700848276,0.8,,"[[106.694574, 10.767258], [106.694618, 10.767226]]"
2015,6773282382,6773282380,True,16.36129777214807,primary_link,50.0,25.0,1.178013439594661,1.178013439594661,0.8,,"[[106.695463, 10.768277], [106.69543, 10.768269], [106.695395, 10.768267], [106.695361, 10.76827], [106.695314, 10.768272]]"
2016,6773282382,4649999511,True,13.008494355140176,primary,50.0,25.0,0.9366115935700928,0.9366115935700928,0.8,Trần Hưng Đạo,"[[106.695463, 10.768277], [106.695415, 10.768224], [106.695378, 10.768195]]"
2017,13063076805,6780363352,False,6.259234267259331,tertiary_link,53.16964479863687,34.56026911911396,0.423799020051217,0.2281994723352707,0.5,,"[[106.685175, 10.795743], [106.685232, 10.795754]]"
2018,13063076805,13063019794,True,11.52298367533157,tertiary,52.66233766233766,34.23051948051948,0.7877117323802494,0.4241524712816726,0.5,Hoàng Sa,"[[106.685175, 10.795743], [106.685185, 10.795687], [106.685222, 10.795657]]"
2019,11930061311,13063076806,False,5.453093363235348,tertiary_link,53.16964479863687,34.56026911911396,0.369216988038832,0.1988091474055249,0.5,,"[[106.686013, 10.796304], [106.686058, 10.796324]]"
2020,11930061311,13063019793,True,19.496267396706124,tertiary,52.66233766233766,34.23051948051948,1.3327658008303174,0.717643123524017,0.5,Hoàng Sa,"[[106.686013, 10.796304], [106.686077, 10.796189], [106.686114, 10.796164]]"
2021,13063076806,11930061311,False,5.453093363235348,tertiary_link,53.16964479863687,34.56026911911396,0.369216988038832,0.1988091474055249,0.5,,"[[106.686058, 10.796324], [106.686013, 10.796304]]"
2022,13063076806,13063076805,True,198.82033836024564,tertiary,52.66233766233766,34.23051948051948,13.591368136488308,7.318428996570626,0.5,Hoàng Sa,"[[106.686058, 10.796324], [106.685995, 10.796439], [106.685958, 10.796492], [106.685902, 10.796547], [106.685835, 10.796593], [106.685766, 10.796624], [106.685696, 10.796649], [106.685629, 10.796662], [106.685556, 10.796665], [106.685476, 10.796654], [106.685413, 10.796628], [106.685344, 10.796584], [106.685278, 10.79653], [106.685218, 10.796463], [106.685173, 10.796383], [106.685142, 10.796306], [106.685116, 10.796211], [106.685107, 10.796117], [106.685121, 10.796027], [106.685175, 10.795743]]"
2023,9404261871,9404261870,False,6.879789751339538,primary_link,50.0,25.0,0.4953448620964467,0.4953448620964467,0.8,,"[[106.686519, 10.758078], [106.68657, 10.758041]]"
2024,6790784936,6790784937,False,8.285654581713407,primary,55.900735294117645,27.950367647058822,0.5335950652031417,0.5335950652031417,0.8,,"[[106.687409, 10.75874], [106.687349, 10.758785]]"
2025,6789210646,6789210647,False,7.1825943224991855,primary_link,50.0,25.0,0.5171467912199413,0.5171467912199413,0.8,,"[[106.688746, 10.760619], [106.688797, 10.760578]]"
2026,9404261877,9404261876,False,9.734619535503654,primary_link,50.0,25.0,0.7008926065562631,0.7008926065562631,0.8,,"[[106.688932, 10.760464], [106.688863, 10.760519]]"
2027,6786749271,6786749270,False,7.229152836931769,primary_link,50.0,25.0,0.5204990042590874,0.5204990042590874,0.8,,"[[106.688573, 10.76042], [106.688624, 10.760378]]"
2028,6789210649,6789210648,False,6.524056572703143,primary_link,50.0,25.0,0.4697320732346262,0.4697320732346262,0.8,,"[[106.688406, 10.760137], [106.68836, 10.760175]]"
2029,6789210649,9404261874,True,28.735611262776025,primary,60.0,30.0,1.7241366757665617,1.7241366757665617,0.8,Trần Hưng Đạo,"[[106.688406, 10.760137], [106.68833, 10.760053], [106.688234, 10.759942]]"
2030,6789210648,6789210649,False,6.524056572703143,primary_link,50.0,25.0,0.4697320732346262,0.4697320732346262,0.8,,"[[106.68836, 10.760175], [106.688406, 10.760137]]"
2031,9404261874,6789210655,True,42.08630036059088,primary,60.0,30.0,2.525178021635453,2.525178021635453,0.8,Trần Hưng Đạo,"[[106.688234, 10.759942], [106.687985, 10.759653]]"
2032,9404261874,6789210651,False,6.472354690702007,primary_link,50.0,25.0,0.4660095377305445,0.4660095377305445,0.8,,"[[106.688234, 10.759942], [106.688188, 10.759979]]"
2033,6788469897,9404261889,False,8.725080240341152,primary_link,50.0,25.0,0.628205777304563,0.628205777304563,0.8,,"[[106.691685, 10.763718], [106.691746, 10.763667]]"
2034,6788469897,9404261894,True,30.95553598833128,primary,60.0,30.0,1.8573321592998768,1.8573321592998768,0.8,Trần Hưng Đạo,"[[106.691685, 10.763718], [106.691867, 10.763931]]"
2035,6788469897,9404261891,False,11.544725187287629,primary_link,50.0,25.0,0.8312202134847092,0.8312202134847092,0.8,,"[[106.691685, 10.763718], [106.691645, 10.763752], [106.691605, 10.763785]]"
2036,9404261889,9404261888,True,31.468097744447316,primary,50.0,25.0,2.2657030376002063,2.2657030376002063,0.8,Trần Hưng Đạo,"[[106.691746, 10.763667], [106.691932, 10.763883]]"
2037,9404261889,6788469897,False,8.725080240341152,primary_link,50.0,25.0,0.628205777304563,0.628205777304563,0.8,,"[[106.691746, 10.763667], [106.691685, 10.763718]]"
2038,9404261894,9404261888,False,8.947199459057094,primary_link,50.0,25.0,0.6441983610521107,0.6441983610521107,0.8,,"[[106.691867, 10.763931], [106.691932, 10.763883]]"
2039,9404261894,9404261895,True,30.517423258263648,primary,60.0,30.0,1.8310453954958188,1.8310453954958188,0.8,Trần Hưng Đạo,"[[106.691867, 10.763931], [106.691995, 10.764081], [106.692047, 10.764142]]"
2040,9404261891,6789319268,True,43.09823817081436,primary,60.0,30.0,2.585894290248861,2.585894290248861,0.8,Trần Hưng Đạo,"[[106.691605, 10.763785], [106.691571, 10.763747], [106.69154, 10.763711], [106.69135, 10.763489]]"
2041,9404261891,6788469897,False,11.544725187287629,primary_link,50.0,25.0,0.8312202134847092,0.8312202134847092,0.8,,"[[106.691605, 10.763785], [106.691645, 10.763752], [106.691685, 10.763718]]"
2042,9404261888,9404261894,False,8.947199459057094,primary_link,50.0,25.0,0.6441983610521107,0.6441983610521107,0.8,,"[[106.691932, 10.763883], [106.691867, 10.763931]]"
2043,9404261888,9404261896,True,29.849058937973787,primary,50.0,25.0,2.1491322435341127,2.1491322435341127,0.8,Trần Hưng Đạo,"[[106.691932, 10.763883], [106.692003, 10.763957], [106.692035, 10.763998], [106.692109, 10.764087]]"
2044,9404261895,9404261896,False,9.120837041316369,primary_link,50.0,25.0,0.6567002669747785,0.6567002669747785,0.8,,"[[106.692047, 10.764142], [106.692109, 10.764087]]"
2045,9404261895,5781023256,True,52.198730729780586,primary,60.0,30.0,3.131923843786835,3.131923843786835,0.8,Trần Hưng Đạo,"[[106.692047, 10.764142], [106.692288, 10.764425], [106.692306, 10.764445], [106.692354, 10.764501]]"
2046,6789319268,6789258563,True,32.66970140429056,primary,60.0,30.0,1.9601820842574331,1.9601820842574331,0.8,Trần Hưng Đạo,"[[106.69135, 10.763489], [106.691159, 10.763263]]"
2047,6789319268,6789319267,False,7.195754099919105,primary_link,50.0,25.0,0.5180942951941755,0.5180942951941755,0.8,,"[[106.69135, 10.763489], [106.6913, 10.763531]]"
2048,6789351757,6789351759,True,32.73416313530778,primary,55.900735294117645,27.950367647058822,2.108075800203445,2.108075800203445,0.8,Trần Hưng Đạo,"[[106.695831, 10.768593], [106.695633, 10.768372]]"
2049,6789351757,6789351756,False,7.410316825657223,primary_link,50.0,25.0,0.5335428114473201,0.5335428114473201,0.8,,"[[106.695831, 10.768593], [106.695778, 10.768634]]"
2050,6789351756,6789351758,True,32.93533619038404,primary,50.0,25.0,2.371344205707651,2.371344205707651,0.8,Trần Hưng Đạo,"[[106.695778, 10.768634], [106.69558, 10.76841]]"
2051,6789351756,6789351757,False,7.410316825657223,primary_link,50.0,25.0,0.5335428114473201,0.5335428114473201,0.8,,"[[106.695778, 10.768634], [106.695831, 10.768593]]"
2052,11744922279,6789193621,False,23.645352706917684,residential,48.81818181818182,36.61363636363637,1.7436796409570583,0.5812265469856857,0.3,,"[[106.700738, 10.768634], [106.70062, 10.768813]]"
2053,11744922278,6789193621,False,32.98197125139928,residential,48.81818181818182,36.61363636363637,2.432190058762405,0.810730019587468,0.3,,"[[106.700462, 10.769066], [106.70062, 10.768813]]"
2054,6789210655,6789210658,True,37.05781548895774,primary,60.0,30.0,2.2234689293374643,2.2234689293374643,0.8,Trần Hưng Đạo,"[[106.687985, 10.759653], [106.687765, 10.759399]]"
2055,6789210655,6789210654,False,6.844054606466899,primary_link,50.0,25.0,0.4927719316656167,0.4927719316656167,0.8,,"[[106.687985, 10.759653], [106.687936, 10.759691]]"
2056,6789210651,9404261874,False,6.472354690702007,primary_link,50.0,25.0,0.4660095377305445,0.4660095377305445,0.8,,"[[106.688188, 10.759979], [106.688234, 10.759942]]"
2057,6789210654,6789210655,False,6.844054606466899,primary_link,50.0,25.0,0.4927719316656167,0.4927719316656167,0.8,,"[[106.687936, 10.759691], [106.687985, 10.759653]]"
2058,6789210661,6789210662,False,6.605877518778579,primary,55.900735294117645,27.950367647058822,0.4254176433007553,0.4254176433007553,0.8,,"[[106.686963, 10.758583], [106.687012, 10.758549]]"
2059,9404261849,9404261850,False,7.102699942290885,primary_link,50.0,25.0,0.5113943958449437,0.5113943958449437,0.8,,"[[106.68566, 10.757102], [106.68571, 10.757061]]"
2060,12486051343,12486051344,True,8.409214937018838,primary_link,50.0,25.0,0.6054634754653563,0.6054634754653563,0.8,,"[[106.685387, 10.756676], [106.685442, 10.756623]]"
2061,12486051343,4609829831,True,23.46347020864215,primary,60.0,30.0,1.407808212518529,1.407808212518529,0.8,Trần Hưng Đạo,"[[106.685387, 10.756676], [106.685339, 10.756617], [106.685221, 10.756546]]"
2062,6789258562,6789258563,False,7.925044858202947,primary_link,50.0,25.0,0.5706032297906122,0.5706032297906122,0.8,,"[[106.691104, 10.763309], [106.691159, 10.763263]]"
2063,6789258562,4603729666,True,38.44503475355379,primary,50.0,25.0,2.768042502255873,2.768042502255873,0.8,Trần Hưng Đạo,"[[106.691104, 10.763309], [106.690945, 10.763132], [106.690907, 10.763088], [106.690872, 10.763049]]"
2064,6789258563,6789258562,False,7.925044858202947,primary_link,50.0,25.0,0.5706032297906122,0.5706032297906122,0.8,,"[[106.691159, 10.763263], [106.691104, 10.763309]]"
2065,6789258563,9404261883,True,40.73548735213526,primary,60.0,30.0,2.4441292411281155,2.4441292411281155,0.8,Trần Hưng Đạo,"[[106.691159, 10.763263], [106.690999, 10.763082], [106.690961, 10.763039], [106.690914, 10.762988]]"
2066,6789319267,6789258562,True,32.70565679595211,primary,50.0,25.0,2.354807289308552,2.354807289308552,0.8,Trần Hưng Đạo,"[[106.6913, 10.763531], [106.691104, 10.763309]]"
2067,6789319267,6789319268,False,7.195754099919105,primary_link,50.0,25.0,0.5180942951941755,0.5180942951941755,0.8,,"[[106.6913, 10.763531], [106.69135, 10.763489]]"
2068,6789319272,6789319271,False,7.463659496402801,primary_link,50.0,25.0,0.5373834837410016,0.5373834837410016,0.8,,"[[106.690166, 10.762135], [106.690113, 10.762178]]"
2069,6789319272,411926591,True,74.68898192088729,primary,60.0,30.0,4.481338915253237,4.481338915253237,0.8,Trần Hưng Đạo,"[[106.690166, 10.762135], [106.689833, 10.761754], [106.689784, 10.761698], [106.689719, 10.761627]]"
2070,6789323619,6789323620,False,7.236699716132303,primary_link,50.0,25.0,0.5210423795615258,0.5210423795615258,0.8,,"[[106.692961, 10.76543], [106.693015, 10.765392]]"
2071,6789323620,4591922983,True,25.589239354929084,primary,60.0,30.0,1.535354361295745,1.535354361295745,0.8,Trần Hưng Đạo,"[[106.693015, 10.765392], [106.692863, 10.765218]]"
2072,6789323620,6789323619,False,7.236699716132303,primary_link,50.0,25.0,0.5210423795615258,0.5210423795615258,0.8,,"[[106.693015, 10.765392], [106.692961, 10.76543]]"
2073,12585027142,12585027141,False,6.745295041910433,primary_link,50.0,25.0,0.4856612430175511,0.4856612430175511,0.8,,"[[106.691665, 10.763948], [106.691712, 10.763908]]"
2074,12585027142,6789319267,True,61.172771409199896,primary,50.0,25.0,4.404439541462392,4.404439541462392,0.8,Trần Hưng Đạo,"[[106.691665, 10.763948], [106.691558, 10.763825], [106.691491, 10.763749], [106.6913, 10.763531]]"
2075,12585027141,9404261891,True,17.996922208149137,primary,60.0,30.0,1.079815332488948,1.079815332488948,0.8,Trần Hưng Đạo,"[[106.691712, 10.763908], [106.691605, 10.763785]]"
2076,12585027141,12585027142,False,6.745295041910433,primary_link,50.0,25.0,0.4856612430175511,0.4856612430175511,0.8,,"[[106.691712, 10.763908], [106.691665, 10.763948]]"
2077,9404261903,9404261902,False,6.474196015556398,primary_link,50.0,25.0,0.4661421131200606,0.4661421131200606,0.8,,"[[106.693791, 10.766368], [106.693837, 10.766332]]"
2078,6789341875,6789341876,False,6.776543120611189,primary_link,50.0,25.0,0.4879111046840055,0.4879111046840055,0.8,,"[[106.693106, 10.765589], [106.693155, 10.765552]]"
2079,6789351758,6789351759,False,7.248781006038588,primary_link,50.0,25.0,0.5219122324347784,0.5219122324347784,0.8,,"[[106.69558, 10.76841], [106.695633, 10.768372]]"
2080,6789351758,6773282382,True,19.574953349239983,primary,50.0,25.0,1.4093966411452787,1.4093966411452787,0.8,Trần Hưng Đạo,"[[106.69558, 10.76841], [106.695463, 10.768277]]"
2081,6789351759,6789351758,False,7.248781006038588,primary_link,50.0,25.0,0.5219122324347784,0.5219122324347784,0.8,,"[[106.695633, 10.768372], [106.69558, 10.76841]]"
2082,6789351759,4612970107,True,33.471541513112406,primary,55.900735294117645,27.950367647058822,2.1555628707424974,2.1555628707424974,0.8,Trần Hưng Đạo,"[[106.695633, 10.768372], [106.695463, 10.768181], [106.695432, 10.768145]]"
2083,6791517918,14068910941,True,153.9065030257307,primary_link,50.0,25.0,11.08126821785261,11.08126821785261,0.8,Nguyễn Văn Cừ,"[[106.686685, 10.754373], [106.686451, 10.75476], [106.686233, 10.755075], [106.685951, 10.7554], [106.68584, 10.755464]]"
2084,6794061663,2358140872,True,230.6351836234516,trunk,55.0,24.75,15.096121109898652,18.450814689876125,0.9,Võ Văn Kiệt,"[[106.687006, 10.753934], [106.687033, 10.753938], [106.687055, 10.753958], [106.687237, 10.754119], [106.687889, 10.75476], [106.688514, 10.755377]]"
2085,6857806169,6857806165,False,54.88530798718492,residential,48.81818181818182,36.61363636363637,4.047408186764475,1.349136062254824,0.3,Riverview 3,"[[106.709898, 10.785311], [106.709557, 10.784948]]"
2086,6857806169,6857806167,False,20.98650514711925,residential,48.81818181818182,36.61363636363637,1.547608200793151,0.5158694002643838,0.3,Riverview 3,"[[106.709898, 10.785311], [106.710028, 10.78545]]"
2087,6857806169,6857806170,False,94.84914480701748,residential,48.81818181818182,36.61363636363637,6.9944620751543605,2.331487358384787,0.3,Riverview 5,"[[106.709898, 10.785311], [106.710539, 10.784736]]"
2088,6857806170,6857806169,False,94.84914480701748,residential,48.81818181818182,36.61363636363637,6.9944620751543605,2.331487358384787,0.3,Riverview 5,"[[106.710539, 10.784736], [106.709898, 10.785311]]"
2089,6857806170,6857806168,False,20.34475284359712,residential,48.81818181818182,36.61363636363637,1.5002834499188935,0.5000944833062979,0.3,Riverview 8,"[[106.710539, 10.784736], [106.710666, 10.78487]]"
2090,6857806170,6857806166,False,56.518982228371215,residential,48.81818181818182,36.61363636363637,4.1678802537122905,1.3892934179040966,0.3,Riverview 8,"[[106.710539, 10.784736], [106.710188, 10.784363]]"
2091,12884031130,411918767,True,60.0910322679991,tertiary,50.0,32.5,4.326554323295935,2.329683097159351,0.5,Công trường Công xã Paris,"[[106.698426, 10.779983], [106.698486, 10.779927], [106.698512, 10.779903], [106.698826, 10.779612]]"
2092,10964388727,10964388728,False,9.166160022255983,primary_link,50.0,25.0,0.6599635216024308,0.6599635216024308,0.8,,"[[106.70399, 10.786235], [106.704051, 10.786179]]"
2093,10964388727,10991234693,True,143.04081783102748,primary,55.900735294117645,27.950367647058822,9.211809853347065,9.211809853347065,0.8,Lê Duẩn,"[[106.70399, 10.786235], [106.703555, 10.785776], [106.703209, 10.78541], [106.703167, 10.785366], [106.703097, 10.785294]]"
2094,12721904606,7514003752,False,3.2320954758524465,secondary,53.97590361445784,32.3855421686747,0.2155692250412301,0.1437128166941534,0.6,Lê Duẩn,"[[106.698556, 10.780375], [106.698536, 10.780354]]"
2095,12721904606,12721904611,True,45.38695184165728,secondary,53.97590361445784,32.3855421686747,3.0271475915819632,2.018098394387976,0.6,Lê Duẩn,"[[106.698556, 10.780375], [106.698619, 10.780389], [106.698861, 10.780638]]"
2096,7940916996,7940916998,False,71.95594017008965,residential,48.81818181818182,36.61363636363637,5.306248101928398,1.7687493673094652,0.3,Hẻm 49 Trần Quang Khải,"[[106.694378, 10.792463], [106.694386, 10.792371], [106.694395, 10.792257], [106.694404, 10.792143], [106.69473, 10.792207]]"
2097,7940916996,11064388835,False,118.51491850473792,tertiary,52.66233766233766,34.23051948051948,8.101685674355943,4.362446132345507,0.5,Trần Quang Khải,"[[106.694378, 10.792463], [106.694802, 10.792532], [106.69509, 10.792562], [106.69538, 10.792603], [106.695452, 10.792613]]"
2098,7940916996,7940916999,False,16.41348324841081,tertiary,52.66233766233766,34.23051948051948,1.1220265244043095,0.6041681285253977,0.5,Trần Quang Khải,"[[106.694378, 10.792463], [106.694299, 10.792448], [106.694231, 10.792435]]"
2099,7940916998,7940916996,False,71.95594017008965,residential,48.81818181818182,36.61363636363637,5.306248101928398,1.7687493673094652,0.3,Hẻm 49 Trần Quang Khải,"[[106.69473, 10.792207], [106.694404, 10.792143], [106.694395, 10.792257], [106.694386, 10.792371], [106.694378, 10.792463]]"
2100,7940916999,7940917001,False,18.47346349074348,tertiary,52.66233766233766,34.23051948051948,1.262846875372156,0.6799944713542379,0.5,Trần Quang Khải,"[[106.694231, 10.792435], [106.694065, 10.792403]]"
2101,7940916999,7940917000,False,38.08294983806771,residential,48.81818181818182,36.61363636363637,2.8083516081703563,0.9361172027234516,0.3,,"[[106.694231, 10.792435], [106.694236, 10.792342], [106.694249, 10.792093]]"
2102,7940916999,7940916996,False,16.41348324841081,tertiary,52.66233766233766,34.23051948051948,1.1220265244043095,0.6041681285253977,0.5,Trần Quang Khải,"[[106.694231, 10.792435], [106.694299, 10.792448], [106.694378, 10.792463]]"
2103,7940917001,7940916999,False,18.47346349074348,tertiary,52.66233766233766,34.23051948051948,1.262846875372156,0.6799944713542379,0.5,Trần Quang Khải,"[[106.694065, 10.792403], [106.694231, 10.792435]]"
2104,7940917001,7940917002,False,34.8055416035555,residential,48.81818181818182,36.61363636363637,2.5666656378040926,0.8555552126013635,0.3,,"[[106.694065, 10.792403], [106.694071, 10.792311], [106.694086, 10.792091]]"
2105,7940917001,13983865130,False,38.890293438903264,tertiary,52.66233766233766,34.23051948051948,2.6585423776236707,1.4315228187204374,0.5,Trần Quang Khải,"[[106.694065, 10.792403], [106.694043, 10.792399], [106.693815, 10.792351], [106.693716, 10.79233]]"
2106,7940917000,7940916999,False,38.08294983806771,residential,48.81818181818182,36.61363636363637,2.8083516081703563,0.9361172027234516,0.3,,"[[106.694249, 10.792093], [106.694236, 10.792342], [106.694231, 10.792435]]"
2107,7940917002,7940917001,False,34.8055416035555,residential,48.81818181818182,36.61363636363637,2.5666656378040926,0.8555552126013635,0.3,,"[[106.694086, 10.792091], [106.694071, 10.792311], [106.694065, 10.792403]]"
2108,8591874774,1769173959,True,332.16650059677187,trunk,60.0,27.0,19.92999003580631,24.358876710429943,0.9,Hầm Sông Sài Gòn,"[[106.704696, 10.769086], [106.704475, 10.769038], [106.704224, 10.768971], [106.703966, 10.768885], [106.703708, 10.768782], [106.703484, 10.768676], [106.703278, 10.768573], [106.703066, 10.768449], [106.702875, 10.76833], [106.70267, 10.768215], [106.702433, 10.768053], [106.702227, 10.767893], [106.702033, 10.767718]]"
2109,8751584189,8141066129,True,532.7191279407381,secondary,60.0,36.0,31.963147676444283,21.308765117629523,0.6,Cầu Ba Son,"[[106.708539, 10.780464], [106.708351, 10.78057], [106.70815, 10.780688], [106.707983, 10.780796], [106.707821, 10.780911], [106.707676, 10.781026], [106.707526, 10.781157], [106.705057, 10.783434], [106.704887, 10.783618]]"
2110,8751584189,10737455883,True,322.44654652949663,secondary_link,50.0,30.0,23.21615135012376,15.477434233415838,0.6,Nhánh N2,"[[106.708539, 10.780464], [106.708501, 10.780519], [106.708433, 10.780588], [106.708342, 10.780659], [106.708117, 10.7808], [106.707934, 10.780925], [106.707757, 10.781062], [106.707574, 10.781217], [106.706657, 10.782069], [106.706544, 10.782175], [106.706528, 10.782185], [106.706511, 10.782192], [106.706492, 10.782195], [106.706474, 10.782193], [106.706456, 10.782188], [106.70644, 10.782178], [106.706365, 10.782099], [106.70636, 10.782093], [106.706355, 10.782085], [106.706351, 10.782078], [106.70635, 10.78207], [106.70635, 10.782063], [106.706352, 10.782056], [106.706355, 10.782049], [106.706358, 10.782042], [106.706364, 10.782035]]"
2111,9404261882,9404261881,False,9.07829664973159,primary_link,50.0,25.0,0.6536373587806744,0.6536373587806744,0.8,,"[[106.690658, 10.762552], [106.690722, 10.762499]]"
2112,9404261882,4603729664,True,51.98743390305387,primary,55.900735294117645,27.950367647058822,3.347983905154249,3.347983905154249,0.8,Trần Hưng Đạo,"[[106.690658, 10.762552], [106.690883, 10.762809], [106.690912, 10.762841], [106.690969, 10.762906]]"
2113,9404261881,9404261882,False,9.07829664973159,primary_link,50.0,25.0,0.6536373587806744,0.6536373587806744,0.8,,"[[106.690722, 10.762499], [106.690658, 10.762552]]"
2114,9404261881,4603720647,True,49.49736789341544,primary,50.0,25.0,3.5638104883259114,3.5638104883259114,0.8,Trần Hưng Đạo,"[[106.690722, 10.762499], [106.690945, 10.762757], [106.690974, 10.762791], [106.691015, 10.762839]]"
2115,9404261896,9404261895,False,9.120837041316369,primary_link,50.0,25.0,0.6567002669747785,0.6567002669747785,0.8,,"[[106.692109, 10.764087], [106.692047, 10.764142]]"
2116,9404261896,2032267383,True,52.09470255870994,primary,55.900735294117645,27.950367647058822,3.3548919924688443,3.3548919924688443,0.8,Trần Hưng Đạo,"[[106.692109, 10.764087], [106.692146, 10.76413], [106.692359, 10.764366], [106.692376, 10.764386], [106.692423, 10.76444]]"
2117,9404261915,9404261916,False,7.717470621073318,primary,55.900735294117645,27.950367647058822,0.497004092874383,0.497004092874383,0.8,,"[[106.696234, 10.76893], [106.696288, 10.768885]]"
2118,9404261915,6387670790,True,40.3634156743527,primary,60.0,30.0,2.421804940461162,2.421804940461162,0.8,Trần Hưng Đạo,"[[106.696234, 10.76893], [106.696287, 10.768989], [106.696477, 10.769204]]"
2119,9404261916,9404261915,False,7.717470621073318,primary,55.900735294117645,27.950367647058822,0.497004092874383,0.497004092874383,0.8,,"[[106.696288, 10.768885], [106.696234, 10.76893]]"
2120,9404261916,10215974134,True,37.17252644865398,primary,55.900735294117645,27.950367647058822,2.393905813779808,2.393905813779808,0.8,Trần Hưng Đạo,"[[106.696288, 10.768885], [106.69634, 10.768944], [106.696511, 10.769137]]"
2121,10263543699,411926043,True,72.92806348069278,residential,50.0,37.5,5.25082057060988,1.7502735235366274,0.3,Nguyễn Siêu,"[[106.707462, 10.780979], [106.706993, 10.780513]]"
2122,10263543699,10263543698,True,7.190526689065915,primary,55.900735294117645,27.950367647058822,0.4630689729650342,0.4630689729650342,0.8,Tôn Đức Thắng,"[[106.707462, 10.780979], [106.707511, 10.780936]]"
2123,13521117630,13521117633,True,39.22887029805484,primary,60.0,30.0,2.35373221788329,2.35373221788329,0.8,Tôn Đức Thắng,"[[106.707411, 10.781492], [106.707149, 10.781733]]"
2124,13521117630,13521117633,True,140.23166681281288,residential,48.81818181818182,36.61363636363637,10.341106156028658,3.4470353853428843,0.3,,"[[106.707411, 10.781492], [106.70773, 10.781838], [106.707474, 10.782061], [106.707149, 10.781733]]"
2125,13521117633,6639705121,True,105.12281902383629,primary,60.0,30.0,6.307369141430176,6.307369141430176,0.8,Tôn Đức Thắng,"[[106.707149, 10.781733], [106.706723, 10.782126], [106.706421, 10.782349]]"
2126,9608426540,10558424628,True,32.163307047239385,primary,55.900735294117645,27.950367647058822,2.071312743219784,2.071312743219784,0.8,Trần Hưng Đạo,"[[106.697333, 10.770256], [106.697136, 10.77004]]"
2127,9608426540,6387697234,True,31.39931731608965,secondary,53.97590361445784,32.3855421686747,2.094222324564193,1.3961482163761292,0.6,Phạm Ngũ Lão,"[[106.697333, 10.770256], [106.697065, 10.770153]]"
2128,10263543698,9690705590,True,104.69041074033127,primary,60.0,30.0,6.281424644419876,6.281424644419876,0.8,Tôn Đức Thắng,"[[106.707511, 10.780936], [106.707752, 10.780715], [106.707789, 10.780668], [106.707816, 10.780613], [106.70783, 10.780552], [106.707832, 10.780488], [106.707822, 10.780427], [106.70776, 10.780202], [106.707754, 10.780181], [106.70774, 10.780129]]"
2129,10263543698,9582474882,True,43.11208631652694,primary_link,50.0,25.0,3.10407021478994,3.10407021478994,0.8,,"[[106.707511, 10.780936], [106.707546, 10.780934], [106.707581, 10.780938], [106.707622, 10.780955], [106.707663, 10.780983], [106.7077, 10.781022], [106.707727, 10.781065], [106.707742, 10.78111], [106.707747, 10.781146], [106.707744, 10.781184]]"
2130,12185843069,10291112014,False,80.6777449284569,residential,48.81818181818182,36.61363636363637,5.949420296400174,1.9831400988000567,0.3,Hẻm 187 Đường Điện Biên Phủ,"[[106.694497, 10.786803], [106.694215, 10.786525], [106.69396, 10.786745]]"
2131,10315805784,9591636815,True,41.42211838315317,primary,60.0,30.0,2.48532710298919,2.48532710298919,0.8,Công trường Quách Thị Trang,"[[106.698822, 10.771105], [106.698991, 10.77102], [106.699165, 10.770947]]"
2132,10315805784,10744385565,True,49.04609584928117,tertiary,52.66233766233766,34.23051948051948,3.3527935312998127,1.8053503630075916,0.5,Phó Đức Chính,"[[106.698822, 10.771105], [106.698931, 10.770999], [106.698997, 10.770922], [106.699022, 10.770893], [106.699113, 10.77077]]"
2133,14068910957,411926070,True,14.968751858167847,residential,48.81818181818182,36.61363636363637,1.1038409191498078,0.3679469730499358,0.3,Phan Chu Trinh,"[[106.697627, 10.772077], [106.697556, 10.772193]]"
2134,10810816106,12797273269,True,50.15786322732316,primary,60.0,30.0,3.009471793639389,3.009471793639389,0.8,Nguyễn Thị Minh Khai,"[[106.698789, 10.783612], [106.699084, 10.78391], [106.699091, 10.783945]]"
2135,10810816106,10765339999,True,20.49405516047255,secondary,50.0,30.0,1.4755719715540234,0.983714647702682,0.6,Phùng Khắc Khoan,"[[106.698789, 10.783612], [106.698801, 10.783673], [106.698802, 10.783701], [106.698799, 10.783736], [106.698783, 10.783793]]"
2136,10978330104,10978360608,False,9.016201834609763,secondary,53.97590361445784,32.3855421686747,0.6013484616476333,0.4008989744317556,0.6,,"[[106.699005, 10.780909], [106.699067, 10.780855]]"
2137,10978330104,12721904606,True,78.95089261399872,secondary,53.97590361445784,32.3855421686747,5.265742569880093,3.5104950465867297,0.6,Lê Duẩn,"[[106.699005, 10.780909], [106.698894, 10.780791], [106.698556, 10.780442], [106.698556, 10.780375]]"
2138,10978360614,10978360613,False,9.144304350697253,secondary,53.97590361445784,32.3855421686747,0.6098924419616828,0.4065949613077885,0.6,,"[[106.699305, 10.781113], [106.699244, 10.781169]]"
2139,10978360614,411926547,True,54.16749727964648,secondary,53.97590361445784,32.3855421686747,3.6127786132049926,2.408519075469995,0.6,Lê Duẩn,"[[106.699305, 10.781113], [106.699574, 10.781409], [106.699606, 10.781444], [106.699636, 10.781476]]"
2140,14068911022,411926065,True,231.29660853844095,residential,50.0,37.5,16.65335581476775,5.551118604922586,0.3,Huyền Trân Công Chúa,"[[106.694544, 10.776105], [106.695812, 10.774957], [106.695901, 10.774876], [106.695972, 10.774812], [106.696151, 10.774818]]"
2141,12818385590,2230280818,True,62.67627407988457,primary,55.900735294117645,27.950367647058822,4.036343806578295,4.036343806578295,0.8,Hai Bà Trưng,"[[106.694792, 10.785685], [106.694347, 10.786041]]"
2142,13671894963,411919798,True,40.71970192391923,tertiary_link,53.16964479863687,34.56026911911396,2.757041681983692,1.4845609056835265,0.5,Hai Bà Trưng,"[[106.686684, 10.792115], [106.686673, 10.792207], [106.686534, 10.792445]]"
2143,13692142751,10945450649,True,5.094547605353357,tertiary,52.66233766233766,34.23051948051948,0.3482635255743405,0.1875265137707986,0.5,Cầu Hoàng Hoa Thám,"[[106.69344, 10.793688], [106.693452, 10.793644]]"
2144,13741907929,13741907926,False,14.429490568927855,residential,48.81818181818182,36.61363636363637,1.0640741648594845,0.3546913882864946,0.3,,"[[106.690831, 10.766723], [106.69075, 10.766825]]"
2145,13741907927,13741907926,False,25.618172523515117,residential,48.81818181818182,36.61363636363637,1.8891613257564217,0.6297204419188069,0.3,,"[[106.690579, 10.766837], [106.690673, 10.76691], [106.69075, 10.766825]]"
2146,13864848961,13864848996,True,55.35830099995973,primary,55.900735294117645,27.950367647058822,3.565067302805694,3.565067302805694,0.8,Ðiện Biên Phủ,"[[106.699989, 10.79293], [106.699953, 10.792896], [106.699867, 10.792812], [106.699795, 10.792762], [106.699726, 10.792721], [106.699657, 10.792685], [106.699575, 10.792651]]"
2147,13864848961,13864929701,True,52.66046739286819,primary_link,50.0,25.0,3.7915536522865096,3.7915536522865096,0.8,,"[[106.699989, 10.79293], [106.69997, 10.792881], [106.699883, 10.79279], [106.699833, 10.792731], [106.699791, 10.792667], [106.699757, 10.792599], [106.699733, 10.792535]]"
2148,13864929701,12980280176,True,36.33375739433109,primary_link,50.0,25.0,2.616030532391839,2.616030532391839,0.8,,"[[106.699733, 10.792535], [106.699717, 10.792469], [106.699708, 10.792402], [106.699691, 10.792212]]"
2149,13892280424,13864929701,True,46.70425580735688,primary_link,50.0,25.0,3.362706418129695,3.362706418129695,0.8,,"[[106.700028, 10.79284], [106.699733, 10.792535]]"
2150,14068910947,4601580281,True,56.29348473924895,secondary,50.0,30.0,4.0531309012259245,2.7020872674839493,0.6,Nguyễn Bỉnh Khiêm,"[[106.707567, 10.784881], [106.707785, 10.784679], [106.707844, 10.784626], [106.707943, 10.784533]]"
2151,14068910963,12157150905,True,143.0948981428415,tertiary,60.0,39.0,8.58569388857049,4.623065939999494,0.5,Trương Định,"[[106.692665, 10.775156], [106.692495, 10.775298], [106.692239, 10.775509], [106.691961, 10.775739], [106.691786, 10.775884], [106.691751, 10.775912], [106.691659, 10.775983]]"
2152,14068911002,14068910963,True,113.83230630874516,tertiary,60.0,39.0,6.829938378524709,3.67765912689792,0.5,Trương Định,"[[106.693461, 10.774492], [106.693455, 10.774497], [106.693233, 10.774688], [106.693001, 10.774879], [106.692665, 10.775156]]"
2153,14068911008,411925950,True,1.1915201481106783,primary,60.0,30.0,0.0714912088866406,0.0714912088866406,0.8,Nguyễn Bỉnh Khiêm,"[[106.704996, 10.787261], [106.705004, 10.787254]]"
2154,14068911024,14068910947,True,289.37332377747487,secondary,50.0,30.0,20.834879311978188,13.889919541318791,0.6,Nguyễn Bỉnh Khiêm,"[[106.705635, 10.786669], [106.705955, 10.786374], [106.705968, 10.786362], [106.707567, 10.784881]]"
2155,14068911030,14068911049,True,30.64998489810389,secondary,50.0,30.0,2.20679891266348,1.4711992751089866,0.6,Nguyễn Bỉnh Khiêm,"[[106.705383, 10.786903], [106.705544, 10.786754], [106.705588, 10.786713]]"
2156,14068911049,14068911024,True,7.148405088018512,secondary,50.0,30.0,0.5146851663373329,0.3431234442248885,0.6,Nguyễn Bỉnh Khiêm,"[[106.705588, 10.786713], [106.705635, 10.786669]]"
